commit: 33284caa11ad452b91a4adfad818163f4b14bf0f (uncommitted working tree changes on top)
date: Fri  2 Oct 2026 19:02:00 UTC
== RED (before research.ts change) ==
error: expect(received).toEqual(expected)
- Expected  - 1
+ Received  + 1
error: expect(received).toEqual(expected)
- Expected  - 1
+ Received  + 1
error: expect(received).toBe(expected)
Expected: 2
Received: 3
error: expect(received).toEqual(expected)
- Expected  - 0
+ Received  + 1
error: expect(received).toBeGreaterThanOrEqual(expected)
Expected: >= 2
Received: 1
error: expect(received).toBeGreaterThanOrEqual(expected)
Expected: >= 2
Received: 1
error: condition not reached
== bun test src/http/deepResearchBreadthFirst.test.ts ==
bun test v1.4.0 (1381054db)

src/http/deepResearchBreadthFirst.test.ts:
{"event":"deep_research_model_call","step":"brief","think":false,"attempt":1,"wall_ms":0,"load_duration":0,"prompt_eval_count":0,"prompt_eval_duration":0,"eval_count":3,"eval_duration":0,"thinking_chars":0,"thinking_detected":false,"outcome":"ok"}
{"event":"deep_research_model_call","step":"plan","think":true,"attempt":1,"wall_ms":1,"load_duration":0,"prompt_eval_count":0,"prompt_eval_duration":0,"eval_count":3,"eval_duration":0,"thinking_chars":0,"thinking_detected":false,"outcome":"ok"}
{"event":"deep_research_model_call","step":"queries","think":false,"attempt":1,"wall_ms":0,"load_duration":0,"prompt_eval_count":0,"prompt_eval_duration":0,"eval_count":3,"eval_duration":0,"thinking_chars":0,"thinking_detected":false,"outcome":"ok"}
{"event":"deep_research_model_call","step":"pages","think":false,"attempt":1,"wall_ms":0,"load_duration":0,"prompt_eval_count":0,"prompt_eval_duration":0,"eval_count":3,"eval_duration":0,"thinking_chars":0,"thinking_detected":false,"outcome":"ok"}
{"event":"deep_research_model_call","step":"notes","think":false,"attempt":1,"wall_ms":0,"load_duration":0,"prompt_eval_count":0,"prompt_eval_duration":0,"eval_count":3,"eval_duration":0,"thinking_chars":0,"thinking_detected":false,"outcome":"ok"}
{"event":"deep_research_model_call","step":"queries","think":false,"attempt":1,"wall_ms":0,"load_duration":0,"prompt_eval_count":0,"prompt_eval_duration":0,"eval_count":3,"eval_duration":0,"thinking_chars":0,"thinking_detected":false,"outcome":"ok"}
{"event":"deep_research_model_call","step":"pages","think":false,"attempt":1,"wall_ms":0,"load_duration":0,"prompt_eval_count":0,"prompt_eval_duration":0,"eval_count":3,"eval_duration":0,"thinking_chars":0,"thinking_detected":false,"outcome":"ok"}
{"event":"deep_research_model_call","step":"notes","think":false,"attempt":1,"wall_ms":0,"load_duration":0,"prompt_eval_count":0,"prompt_eval_duration":0,"eval_count":3,"eval_duration":0,"thinking_chars":0,"thinking_detected":false,"outcome":"ok"}
{"event":"deep_research_model_call","step":"queries","think":false,"attempt":1,"wall_ms":0,"load_duration":0,"prompt_eval_count":0,"prompt_eval_duration":0,"eval_count":3,"eval_duration":0,"thinking_chars":0,"thinking_detected":false,"outcome":"ok"}
{"event":"deep_research_model_call","step":"pages","think":false,"attempt":1,"wall_ms":0,"load_duration":0,"prompt_eval_count":0,"prompt_eval_duration":0,"eval_count":3,"eval_duration":0,"thinking_chars":0,"thinking_detected":false,"outcome":"ok"}
{"event":"deep_research_model_call","step":"notes","think":false,"attempt":1,"wall_ms":0,"load_duration":0,"prompt_eval_count":0,"prompt_eval_duration":0,"eval_count":3,"eval_duration":0,"thinking_chars":0,"thinking_detected":false,"outcome":"ok"}
{"event":"deep_research_model_call","step":"notes","think":false,"attempt":1,"wall_ms":0,"load_duration":0,"prompt_eval_count":0,"prompt_eval_duration":0,"eval_count":3,"eval_duration":0,"thinking_chars":0,"thinking_detected":false,"outcome":"ok"}
{"event":"deep_research_model_call","step":"notes","think":false,"attempt":1,"wall_ms":0,"load_duration":0,"prompt_eval_count":0,"prompt_eval_duration":0,"eval_count":3,"eval_duration":0,"thinking_chars":0,"thinking_detected":false,"outcome":"ok"}
{"event":"deep_research_model_call","step":"notes","think":false,"attempt":1,"wall_ms":0,"load_duration":0,"prompt_eval_count":0,"prompt_eval_duration":0,"eval_count":3,"eval_duration":0,"thinking_chars":0,"thinking_detected":false,"outcome":"ok"}
{"event":"deep_research_model_call","step":"write","think":true,"attempt":1,"wall_ms":0,"load_duration":0,"prompt_eval_count":0,"prompt_eval_duration":0,"eval_count":3,"eval_duration":0,"thinking_chars":0,"thinking_detected":false,"outcome":"ok"}
{"event":"deep_research_model_call","step":"brief","think":false,"attempt":1,"wall_ms":0,"load_duration":0,"prompt_eval_count":0,"prompt_eval_duration":0,"eval_count":3,"eval_duration":0,"thinking_chars":0,"thinking_detected":false,"outcome":"ok"}
{"event":"deep_research_model_call","step":"plan","think":true,"attempt":1,"wall_ms":0,"load_duration":0,"prompt_eval_count":0,"prompt_eval_duration":0,"eval_count":3,"eval_duration":0,"thinking_chars":0,"thinking_detected":false,"outcome":"ok"}
{"event":"deep_research_model_call","step":"queries","think":false,"attempt":1,"wall_ms":0,"load_duration":0,"prompt_eval_count":0,"prompt_eval_duration":0,"eval_count":3,"eval_duration":0,"thinking_chars":0,"thinking_detected":false,"outcome":"ok"}
{"event":"deep_research_model_call","step":"pages","think":false,"attempt":1,"wall_ms":0,"load_duration":0,"prompt_eval_count":0,"prompt_eval_duration":0,"eval_count":3,"eval_duration":0,"thinking_chars":0,"thinking_detected":false,"outcome":"ok"}
{"event":"deep_research_model_call","step":"notes","think":false,"attempt":1,"wall_ms":0,"load_duration":0,"prompt_eval_count":0,"prompt_eval_duration":0,"eval_count":3,"eval_duration":0,"thinking_chars":0,"thinking_detected":false,"outcome":"ok"}
{"event":"deep_research_model_call","step":"queries","think":false,"attempt":1,"wall_ms":0,"load_duration":0,"prompt_eval_count":0,"prompt_eval_duration":0,"eval_count":3,"eval_duration":0,"thinking_chars":0,"thinking_detected":false,"outcome":"ok"}
{"event":"deep_research_model_call","step":"pages","think":false,"attempt":1,"wall_ms":0,"load_duration":0,"prompt_eval_count":0,"prompt_eval_duration":0,"eval_count":3,"eval_duration":0,"thinking_chars":0,"thinking_detected":false,"outcome":"ok"}
{"event":"deep_research_model_call","step":"notes","think":false,"attempt":1,"wall_ms":0,"load_duration":0,"prompt_eval_count":0,"prompt_eval_duration":0,"eval_count":3,"eval_duration":0,"thinking_chars":0,"thinking_detected":false,"outcome":"ok"}
{"event":"deep_research_model_call","step":"queries","think":false,"attempt":1,"wall_ms":0,"load_duration":0,"prompt_eval_count":0,"prompt_eval_duration":0,"eval_count":3,"eval_duration":0,"thinking_chars":0,"thinking_detected":false,"outcome":"ok"}
{"event":"deep_research_model_call","step":"pages","think":false,"attempt":1,"wall_ms":0,"load_duration":0,"prompt_eval_count":0,"prompt_eval_duration":0,"eval_count":3,"eval_duration":0,"thinking_chars":0,"thinking_detected":false,"outcome":"ok"}
{"event":"deep_research_model_call","step":"notes","think":false,"attempt":1,"wall_ms":0,"load_duration":0,"prompt_eval_count":0,"prompt_eval_duration":0,"eval_count":3,"eval_duration":0,"thinking_chars":0,"thinking_detected":false,"outcome":"ok"}
{"event":"deep_research_model_call","step":"notes","think":false,"attempt":1,"wall_ms":0,"load_duration":0,"prompt_eval_count":0,"prompt_eval_duration":0,"eval_count":3,"eval_duration":0,"thinking_chars":0,"thinking_detected":false,"outcome":"ok"}
{"event":"deep_research_model_call","step":"notes","think":false,"attempt":1,"wall_ms":0,"load_duration":0,"prompt_eval_count":0,"prompt_eval_duration":0,"eval_count":3,"eval_duration":0,"thinking_chars":0,"thinking_detected":false,"outcome":"ok"}
{"event":"deep_research_model_call","step":"write","think":true,"attempt":1,"wall_ms":0,"load_duration":0,"prompt_eval_count":0,"prompt_eval_duration":0,"eval_count":3,"eval_duration":0,"thinking_chars":0,"thinking_detected":false,"outcome":"ok"}
{"event":"deep_research_model_call","step":"brief","think":false,"attempt":1,"wall_ms":0,"load_duration":0,"prompt_eval_count":0,"prompt_eval_duration":0,"eval_count":3,"eval_duration":0,"thinking_chars":0,"thinking_detected":false,"outcome":"ok"}
{"event":"deep_research_model_call","step":"plan","think":true,"attempt":1,"wall_ms":0,"load_duration":0,"prompt_eval_count":0,"prompt_eval_duration":0,"eval_count":3,"eval_duration":0,"thinking_chars":0,"thinking_detected":false,"outcome":"ok"}
{"event":"deep_research_model_call","step":"queries","think":false,"attempt":1,"wall_ms":0,"load_duration":0,"prompt_eval_count":0,"prompt_eval_duration":0,"eval_count":3,"eval_duration":0,"thinking_chars":0,"thinking_detected":false,"outcome":"ok"}
{"event":"deep_research_model_call","step":"pages","think":false,"attempt":1,"wall_ms":0,"load_duration":0,"prompt_eval_count":0,"prompt_eval_duration":0,"eval_count":3,"eval_duration":0,"thinking_chars":0,"thinking_detected":false,"outcome":"ok"}
{"event":"deep_research_model_call","step":"notes","think":false,"attempt":1,"wall_ms":0,"load_duration":0,"prompt_eval_count":0,"prompt_eval_duration":0,"eval_count":3,"eval_duration":0,"thinking_chars":0,"thinking_detected":false,"outcome":"ok"}
{"event":"deep_research_model_call","step":"queries","think":false,"attempt":1,"wall_ms":0,"load_duration":0,"prompt_eval_count":0,"prompt_eval_duration":0,"eval_count":3,"eval_duration":0,"thinking_chars":0,"thinking_detected":false,"outcome":"ok"}
{"event":"deep_research_model_call","step":"pages","think":false,"attempt":1,"wall_ms":0,"load_duration":0,"prompt_eval_count":0,"prompt_eval_duration":0,"eval_count":3,"eval_duration":0,"thinking_chars":0,"thinking_detected":false,"outcome":"ok"}
{"event":"deep_research_model_call","step":"notes","think":false,"attempt":1,"wall_ms":0,"load_duration":0,"prompt_eval_count":0,"prompt_eval_duration":0,"eval_count":3,"eval_duration":0,"thinking_chars":0,"thinking_detected":false,"outcome":"ok"}
{"event":"deep_research_model_call","step":"queries","think":false,"attempt":1,"wall_ms":0,"load_duration":0,"prompt_eval_count":0,"prompt_eval_duration":0,"eval_count":3,"eval_duration":0,"thinking_chars":0,"thinking_detected":false,"outcome":"ok"}
{"event":"deep_research_model_call","step":"pages","think":false,"attempt":1,"wall_ms":0,"load_duration":0,"prompt_eval_count":0,"prompt_eval_duration":0,"eval_count":3,"eval_duration":0,"thinking_chars":0,"thinking_detected":false,"outcome":"ok"}
{"event":"deep_research_model_call","step":"notes","think":false,"attempt":1,"wall_ms":0,"load_duration":0,"prompt_eval_count":0,"prompt_eval_duration":0,"eval_count":3,"eval_duration":0,"thinking_chars":0,"thinking_detected":false,"outcome":"ok"}
{"event":"deep_research_model_call","step":"notes","think":false,"attempt":1,"wall_ms":0,"load_duration":0,"prompt_eval_count":0,"prompt_eval_duration":0,"eval_count":3,"eval_duration":0,"thinking_chars":0,"thinking_detected":false,"outcome":"ok"}
{"event":"deep_research_model_call","step":"notes","think":false,"attempt":1,"wall_ms":0,"load_duration":0,"prompt_eval_count":0,"prompt_eval_duration":0,"eval_count":3,"eval_duration":0,"thinking_chars":0,"thinking_detected":false,"outcome":"ok"}
{"event":"deep_research_model_call","step":"notes","think":false,"attempt":1,"wall_ms":0,"load_duration":0,"prompt_eval_count":0,"prompt_eval_duration":0,"eval_count":3,"eval_duration":0,"thinking_chars":0,"thinking_detected":false,"outcome":"ok"}
{"event":"deep_research_model_call","step":"gap","think":false,"attempt":1,"wall_ms":0,"load_duration":0,"prompt_eval_count":0,"prompt_eval_duration":0,"eval_count":3,"eval_duration":0,"thinking_chars":0,"thinking_detected":false,"outcome":"ok"}
{"event":"deep_research_model_call","step":"pages","think":false,"attempt":1,"wall_ms":0,"load_duration":0,"prompt_eval_count":0,"prompt_eval_duration":0,"eval_count":3,"eval_duration":0,"thinking_chars":0,"thinking_detected":false,"outcome":"ok"}
{"event":"deep_research_model_call","step":"notes","think":false,"attempt":1,"wall_ms":0,"load_duration":0,"prompt_eval_count":0,"prompt_eval_duration":0,"eval_count":3,"eval_duration":0,"thinking_chars":0,"thinking_detected":false,"outcome":"ok"}
{"event":"deep_research_model_call","step":"gap","think":false,"attempt":1,"wall_ms":0,"load_duration":0,"prompt_eval_count":0,"prompt_eval_duration":0,"eval_count":3,"eval_duration":0,"thinking_chars":0,"thinking_detected":false,"outcome":"ok"}
{"event":"deep_research_model_call","step":"pages","think":false,"attempt":1,"wall_ms":0,"load_duration":0,"prompt_eval_count":0,"prompt_eval_duration":0,"eval_count":3,"eval_duration":0,"thinking_chars":0,"thinking_detected":false,"outcome":"ok"}
{"event":"deep_research_model_call","step":"notes","think":false,"attempt":1,"wall_ms":0,"load_duration":0,"prompt_eval_count":0,"prompt_eval_duration":0,"eval_count":3,"eval_duration":0,"thinking_chars":0,"thinking_detected":false,"outcome":"ok"}
{"event":"deep_research_model_call","step":"notes","think":false,"attempt":1,"wall_ms":0,"load_duration":0,"prompt_eval_count":0,"prompt_eval_duration":0,"eval_count":3,"eval_duration":0,"thinking_chars":0,"thinking_detected":false,"outcome":"ok"}
{"event":"deep_research_model_call","step":"notes","think":false,"attempt":1,"wall_ms":0,"load_duration":0,"prompt_eval_count":0,"prompt_eval_duration":0,"eval_count":3,"eval_duration":0,"thinking_chars":0,"thinking_detected":false,"outcome":"ok"}
{"event":"deep_research_model_call","step":"write","think":true,"attempt":1,"wall_ms":0,"load_duration":0,"prompt_eval_count":0,"prompt_eval_duration":0,"eval_count":3,"eval_duration":0,"thinking_chars":0,"thinking_detected":false,"outcome":"ok"}
{"event":"deep_research_model_call","step":"brief","think":false,"attempt":1,"wall_ms":0,"load_duration":0,"prompt_eval_count":0,"prompt_eval_duration":0,"eval_count":3,"eval_duration":0,"thinking_chars":0,"thinking_detected":false,"outcome":"ok"}
{"event":"deep_research_model_call","step":"plan","think":true,"attempt":1,"wall_ms":0,"load_duration":0,"prompt_eval_count":0,"prompt_eval_duration":0,"eval_count":3,"eval_duration":0,"thinking_chars":0,"thinking_detected":false,"outcome":"ok"}
{"event":"deep_research_model_call","step":"queries","think":false,"attempt":1,"wall_ms":1,"load_duration":0,"prompt_eval_count":0,"prompt_eval_duration":0,"eval_count":3,"eval_duration":0,"thinking_chars":0,"thinking_detected":false,"outcome":"ok"}
{"event":"deep_research_model_call","step":"pages","think":false,"attempt":1,"wall_ms":0,"load_duration":0,"prompt_eval_count":0,"prompt_eval_duration":0,"eval_count":3,"eval_duration":0,"thinking_chars":0,"thinking_detected":false,"outcome":"ok"}
{"event":"deep_research_model_call","step":"notes","think":false,"attempt":1,"wall_ms":0,"load_duration":0,"prompt_eval_count":0,"prompt_eval_duration":0,"eval_count":3,"eval_duration":0,"thinking_chars":0,"thinking_detected":false,"outcome":"ok"}
{"event":"deep_research_model_call","step":"queries","think":false,"attempt":1,"wall_ms":0,"load_duration":0,"prompt_eval_count":0,"prompt_eval_duration":0,"eval_count":3,"eval_duration":0,"thinking_chars":0,"thinking_detected":false,"outcome":"ok"}
{"event":"deep_research_model_call","step":"pages","think":false,"attempt":1,"wall_ms":0,"load_duration":0,"prompt_eval_count":0,"prompt_eval_duration":0,"eval_count":3,"eval_duration":0,"thinking_chars":0,"thinking_detected":false,"outcome":"ok"}
{"event":"deep_research_model_call","step":"notes","think":false,"attempt":1,"wall_ms":0,"load_duration":0,"prompt_eval_count":0,"prompt_eval_duration":0,"eval_count":3,"eval_duration":0,"thinking_chars":0,"thinking_detected":false,"outcome":"ok"}
{"event":"deep_research_model_call","step":"gap","think":false,"attempt":1,"wall_ms":0,"load_duration":0,"prompt_eval_count":0,"prompt_eval_duration":0,"eval_count":3,"eval_duration":0,"thinking_chars":0,"thinking_detected":false,"outcome":"ok"}
{"event":"deep_research_model_call","step":"gap","think":false,"attempt":1,"wall_ms":0,"load_duration":0,"prompt_eval_count":0,"prompt_eval_duration":0,"eval_count":3,"eval_duration":0,"thinking_chars":0,"thinking_detected":false,"outcome":"ok"}
{"event":"deep_research_model_call","step":"pages","think":false,"attempt":1,"wall_ms":0,"load_duration":0,"prompt_eval_count":0,"prompt_eval_duration":0,"eval_count":3,"eval_duration":0,"thinking_chars":0,"thinking_detected":false,"outcome":"ok"}
{"event":"deep_research_model_call","step":"notes","think":false,"attempt":1,"wall_ms":0,"load_duration":0,"prompt_eval_count":0,"prompt_eval_duration":0,"eval_count":3,"eval_duration":0,"thinking_chars":0,"thinking_detected":false,"outcome":"ok"}
{"event":"deep_research_model_call","step":"gap","think":false,"attempt":1,"wall_ms":0,"load_duration":0,"prompt_eval_count":0,"prompt_eval_duration":0,"eval_count":3,"eval_duration":0,"thinking_chars":0,"thinking_detected":false,"outcome":"ok"}
{"event":"deep_research_model_call","step":"pages","think":false,"attempt":1,"wall_ms":0,"load_duration":0,"prompt_eval_count":0,"prompt_eval_duration":0,"eval_count":3,"eval_duration":0,"thinking_chars":0,"thinking_detected":false,"outcome":"ok"}
{"event":"deep_research_model_call","step":"notes","think":false,"attempt":1,"wall_ms":0,"load_duration":0,"prompt_eval_count":0,"prompt_eval_duration":0,"eval_count":3,"eval_duration":0,"thinking_chars":0,"thinking_detected":false,"outcome":"ok"}
{"event":"deep_research_model_call","step":"write","think":true,"attempt":1,"wall_ms":0,"load_duration":0,"prompt_eval_count":0,"prompt_eval_duration":0,"eval_count":3,"eval_duration":0,"thinking_chars":0,"thinking_detected":false,"outcome":"ok"}
{"event":"deep_research_model_call","step":"brief","think":false,"attempt":1,"wall_ms":3,"load_duration":0,"prompt_eval_count":0,"prompt_eval_duration":0,"eval_count":3,"eval_duration":0,"thinking_chars":0,"thinking_detected":false,"outcome":"ok"}
{"event":"deep_research_model_call","step":"plan","think":true,"attempt":1,"wall_ms":3,"load_duration":0,"prompt_eval_count":0,"prompt_eval_duration":0,"eval_count":3,"eval_duration":0,"thinking_chars":0,"thinking_detected":false,"outcome":"ok"}
{"event":"deep_research_model_call","step":"queries","think":false,"attempt":1,"wall_ms":3,"load_duration":0,"prompt_eval_count":0,"prompt_eval_duration":0,"eval_count":3,"eval_duration":0,"thinking_chars":0,"thinking_detected":false,"outcome":"ok"}
{"event":"deep_research_model_call","step":"pages","think":false,"attempt":1,"wall_ms":3,"load_duration":0,"prompt_eval_count":0,"prompt_eval_duration":0,"eval_count":3,"eval_duration":0,"thinking_chars":0,"thinking_detected":false,"outcome":"ok"}
{"event":"deep_research_model_call","step":"notes","think":false,"attempt":1,"wall_ms":3,"load_duration":0,"prompt_eval_count":0,"prompt_eval_duration":0,"eval_count":3,"eval_duration":0,"thinking_chars":0,"thinking_detected":false,"outcome":"ok"}
{"event":"deep_research_model_call","step":"queries","think":false,"attempt":1,"wall_ms":4,"load_duration":0,"prompt_eval_count":0,"prompt_eval_duration":0,"eval_count":3,"eval_duration":0,"thinking_chars":0,"thinking_detected":false,"outcome":"ok"}
{"event":"deep_research_model_call","step":"pages","think":false,"attempt":1,"wall_ms":3,"load_duration":0,"prompt_eval_count":0,"prompt_eval_duration":0,"eval_count":3,"eval_duration":0,"thinking_chars":0,"thinking_detected":false,"outcome":"ok"}
{"event":"deep_research_model_call","step":"notes","think":false,"attempt":1,"wall_ms":4,"load_duration":0,"prompt_eval_count":0,"prompt_eval_duration":0,"eval_count":3,"eval_duration":0,"thinking_chars":0,"thinking_detected":false,"outcome":"ok"}
{"event":"deep_research_model_call","step":"queries","think":false,"attempt":1,"wall_ms":4,"load_duration":0,"prompt_eval_count":0,"prompt_eval_duration":0,"eval_count":3,"eval_duration":0,"thinking_chars":0,"thinking_detected":false,"outcome":"ok"}
{"event":"deep_research_model_call","step":"pages","think":false,"attempt":1,"wall_ms":3,"load_duration":0,"prompt_eval_count":0,"prompt_eval_duration":0,"eval_count":3,"eval_duration":0,"thinking_chars":0,"thinking_detected":false,"outcome":"ok"}
{"event":"deep_research_model_call","step":"notes","think":false,"attempt":1,"wall_ms":3,"load_duration":0,"prompt_eval_count":0,"prompt_eval_duration":0,"eval_count":3,"eval_duration":0,"thinking_chars":0,"thinking_detected":false,"outcome":"ok"}
{"event":"deep_research_model_call","step":"notes","think":false,"attempt":1,"wall_ms":4,"load_duration":0,"prompt_eval_count":0,"prompt_eval_duration":0,"eval_count":3,"eval_duration":0,"thinking_chars":0,"thinking_detected":false,"outcome":"ok"}
{"event":"deep_research_model_call","step":"notes","think":false,"attempt":1,"wall_ms":4,"load_duration":0,"prompt_eval_count":0,"prompt_eval_duration":0,"eval_count":3,"eval_duration":0,"thinking_chars":0,"thinking_detected":false,"outcome":"ok"}
{"event":"deep_research_model_call","step":"notes","think":false,"attempt":1,"wall_ms":4,"load_duration":0,"prompt_eval_count":0,"prompt_eval_duration":0,"eval_count":3,"eval_duration":0,"thinking_chars":0,"thinking_detected":false,"outcome":"ok"}
{"event":"deep_research_model_call","step":"write","think":true,"attempt":1,"wall_ms":4,"load_duration":0,"prompt_eval_count":0,"prompt_eval_duration":0,"eval_count":3,"eval_duration":0,"thinking_chars":0,"thinking_detected":false,"outcome":"ok"}
{"event":"deep_research_model_call","step":"brief","think":false,"attempt":1,"wall_ms":0,"load_duration":0,"prompt_eval_count":0,"prompt_eval_duration":0,"eval_count":3,"eval_duration":0,"thinking_chars":0,"thinking_detected":false,"outcome":"ok"}
{"event":"deep_research_model_call","step":"plan","think":true,"attempt":1,"wall_ms":0,"load_duration":0,"prompt_eval_count":0,"prompt_eval_duration":0,"eval_count":3,"eval_duration":0,"thinking_chars":0,"thinking_detected":false,"outcome":"ok"}
{"event":"deep_research_model_call","step":"queries","think":false,"attempt":1,"wall_ms":0,"load_duration":0,"prompt_eval_count":0,"prompt_eval_duration":0,"eval_count":3,"eval_duration":0,"thinking_chars":0,"thinking_detected":false,"outcome":"ok"}
{"event":"deep_research_model_call","step":"pages","think":false,"attempt":1,"wall_ms":0,"load_duration":0,"prompt_eval_count":0,"prompt_eval_duration":0,"eval_count":3,"eval_duration":0,"thinking_chars":0,"thinking_detected":false,"outcome":"ok"}
{"event":"deep_research_model_call","step":"notes","think":false,"attempt":1,"wall_ms":0,"load_duration":0,"prompt_eval_count":0,"prompt_eval_duration":0,"eval_count":3,"eval_duration":0,"thinking_chars":0,"thinking_detected":false,"outcome":"ok"}
{"event":"deep_research_model_call","step":"queries","think":false,"attempt":1,"wall_ms":0,"load_duration":0,"prompt_eval_count":0,"prompt_eval_duration":0,"eval_count":3,"eval_duration":0,"thinking_chars":0,"thinking_detected":false,"outcome":"ok"}
{"event":"deep_research_model_call","step":"pages","think":false,"attempt":1,"wall_ms":0,"load_duration":0,"prompt_eval_count":0,"prompt_eval_duration":0,"eval_count":3,"eval_duration":0,"thinking_chars":0,"thinking_detected":false,"outcome":"ok"}
{"event":"deep_research_model_call","step":"write","think":true,"attempt":1,"wall_ms":0,"load_duration":0,"prompt_eval_count":0,"prompt_eval_duration":0,"eval_count":3,"eval_duration":0,"thinking_chars":0,"thinking_detected":false,"outcome":"ok"}
{"event":"deep_research_model_call","step":"brief","think":false,"attempt":1,"wall_ms":1,"load_duration":0,"prompt_eval_count":0,"prompt_eval_duration":0,"eval_count":3,"eval_duration":0,"thinking_chars":0,"thinking_detected":false,"outcome":"ok"}
{"event":"deep_research_model_call","step":"plan","think":true,"attempt":1,"wall_ms":0,"load_duration":0,"prompt_eval_count":0,"prompt_eval_duration":0,"eval_count":3,"eval_duration":0,"thinking_chars":0,"thinking_detected":false,"outcome":"ok"}
{"event":"deep_research_model_call","step":"queries","think":false,"attempt":1,"wall_ms":0,"load_duration":0,"prompt_eval_count":0,"prompt_eval_duration":0,"eval_count":3,"eval_duration":0,"thinking_chars":0,"thinking_detected":false,"outcome":"ok"}
{"event":"deep_research_model_call","step":"pages","think":false,"attempt":1,"wall_ms":0,"load_duration":0,"prompt_eval_count":0,"prompt_eval_duration":0,"eval_count":3,"eval_duration":0,"thinking_chars":0,"thinking_detected":false,"outcome":"ok"}
{"event":"deep_research_model_call","step":"notes","think":false,"attempt":1,"wall_ms":0,"load_duration":0,"prompt_eval_count":0,"prompt_eval_duration":0,"eval_count":3,"eval_duration":0,"thinking_chars":0,"thinking_detected":false,"outcome":"ok"}
{"event":"deep_research_model_call","step":"queries","think":false,"attempt":1,"wall_ms":0,"load_duration":0,"prompt_eval_count":0,"prompt_eval_duration":0,"eval_count":3,"eval_duration":0,"thinking_chars":0,"thinking_detected":false,"outcome":"ok"}
{"event":"deep_research_model_call","step":"pages","think":false,"attempt":1,"wall_ms":1,"load_duration":0,"prompt_eval_count":0,"prompt_eval_duration":0,"eval_count":3,"eval_duration":0,"thinking_chars":0,"thinking_detected":false,"outcome":"ok"}
{"event":"deep_research_model_call","step":"write","think":true,"attempt":1,"wall_ms":0,"load_duration":0,"prompt_eval_count":0,"prompt_eval_duration":0,"eval_count":3,"eval_duration":0,"thinking_chars":0,"thinking_detected":false,"outcome":"ok"}

 7 pass
 0 fail
 76 expect() calls
Ran 7 tests across 1 file. [1073.00ms]
exit=0
== bun test (run 1) ==
bun test v1.4.0 (1381054db)

src/http/deepResearchPassages.test.ts:
{"event":"deep_research_model_call","step":"brief","think":false,"attempt":1,"wall_ms":1,"load_duration":0,"prompt_eval_count":0,"prompt_eval_duration":0,"eval_count":0,"eval_duration":0,"thinking_chars":0,"thinking_detected":false,"outcome":"ok"}
{"event":"deep_research_model_call","step":"plan","think":true,"attempt":1,"wall_ms":0,"load_duration":0,"prompt_eval_count":0,"prompt_eval_duration":0,"eval_count":0,"eval_duration":0,"thinking_chars":0,"thinking_detected":false,"outcome":"ok"}
{"event":"deep_research_model_call","step":"queries","think":false,"attempt":1,"wall_ms":0,"load_duration":0,"prompt_eval_count":0,"prompt_eval_duration":0,"eval_count":0,"eval_duration":0,"thinking_chars":0,"thinking_detected":false,"outcome":"ok"}
{"event":"deep_research_model_call","step":"pages","think":false,"attempt":1,"wall_ms":0,"load_duration":0,"prompt_eval_count":0,"prompt_eval_duration":0,"eval_count":0,"eval_duration":0,"thinking_chars":0,"thinking_detected":false,"outcome":"ok"}
{"event":"deep_research_model_call","step":"notes","think":false,"attempt":1,"wall_ms":0,"load_duration":0,"prompt_eval_count":0,"prompt_eval_duration":0,"eval_count":0,"eval_duration":0,"thinking_chars":0,"thinking_detected":false,"outcome":"ok"}
{"event":"deep_research_model_call","step":"brief","think":false,"attempt":1,"wall_ms":0,"load_duration":0,"prompt_eval_count":0,"prompt_eval_duration":0,"eval_count":0,"eval_duration":0,"thinking_chars":0,"thinking_detected":false,"outcome":"ok"}
{"event":"deep_research_model_call","step":"plan","think":true,"attempt":1,"wall_ms":0,"load_duration":0,"prompt_eval_count":0,"prompt_eval_duration":0,"eval_count":0,"eval_duration":0,"thinking_chars":0,"thinking_detected":false,"outcome":"ok"}
{"event":"deep_research_model_call","step":"queries","think":false,"attempt":1,"wall_ms":0,"load_duration":0,"prompt_eval_count":0,"prompt_eval_duration":0,"eval_count":0,"eval_duration":0,"thinking_chars":0,"thinking_detected":false,"outcome":"ok"}
{"event":"deep_research_model_call","step":"pages","think":false,"attempt":1,"wall_ms":0,"load_duration":0,"prompt_eval_count":0,"prompt_eval_duration":0,"eval_count":0,"eval_duration":0,"thinking_chars":0,"thinking_detected":false,"outcome":"ok"}
{"event":"deep_research_model_call","step":"notes","think":false,"attempt":1,"wall_ms":0,"load_duration":0,"prompt_eval_count":0,"prompt_eval_duration":0,"eval_count":0,"eval_duration":0,"thinking_chars":0,"thinking_detected":false,"outcome":"ok"}
{"event":"deep_research_model_call","step":"brief","think":false,"attempt":1,"wall_ms":0,"load_duration":0,"prompt_eval_count":0,"prompt_eval_duration":0,"eval_count":0,"eval_duration":0,"thinking_chars":0,"thinking_detected":false,"outcome":"ok"}
{"event":"deep_research_model_call","step":"plan","think":true,"attempt":1,"wall_ms":0,"load_duration":0,"prompt_eval_count":0,"prompt_eval_duration":0,"eval_count":0,"eval_duration":0,"thinking_chars":0,"thinking_detected":false,"outcome":"ok"}
{"event":"deep_research_model_call","step":"queries","think":false,"attempt":1,"wall_ms":0,"load_duration":0,"prompt_eval_count":0,"prompt_eval_duration":0,"eval_count":0,"eval_duration":0,"thinking_chars":0,"thinking_detected":false,"outcome":"ok"}
{"event":"deep_research_model_call","step":"pages","think":false,"attempt":1,"wall_ms":0,"load_duration":0,"prompt_eval_count":0,"prompt_eval_duration":0,"eval_count":0,"eval_duration":0,"thinking_chars":0,"thinking_detected":false,"outcome":"ok"}
{"event":"deep_research_model_call","step":"notes","think":false,"attempt":1,"wall_ms":0,"load_duration":0,"prompt_eval_count":0,"prompt_eval_duration":0,"eval_count":0,"eval_duration":0,"thinking_chars":0,"thinking_detected":false,"outcome":"ok"}
{"event":"deep_research_model_call","step":"write","think":true,"attempt":1,"wall_ms":0,"load_duration":0,"prompt_eval_count":0,"prompt_eval_duration":0,"eval_count":0,"eval_duration":0,"thinking_chars":0,"thinking_detected":false,"outcome":"ok"}
{"event":"deep_research_model_call","step":"brief","think":false,"attempt":1,"wall_ms":0,"load_duration":0,"prompt_eval_count":0,"prompt_eval_duration":0,"eval_count":0,"eval_duration":0,"thinking_chars":0,"thinking_detected":false,"outcome":"ok"}
{"event":"deep_research_model_call","step":"plan","think":true,"attempt":1,"wall_ms":0,"load_duration":0,"prompt_eval_count":0,"prompt_eval_duration":0,"eval_count":0,"eval_duration":0,"thinking_chars":0,"thinking_detected":false,"outcome":"ok"}
{"event":"deep_research_model_call","step":"queries","think":false,"attempt":1,"wall_ms":0,"load_duration":0,"prompt_eval_count":0,"prompt_eval_duration":0,"eval_count":0,"eval_duration":0,"thinking_chars":0,"thinking_detected":false,"outcome":"ok"}
{"event":"deep_research_model_call","step":"pages","think":false,"attempt":1,"wall_ms":0,"load_duration":0,"prompt_eval_count":0,"prompt_eval_duration":0,"eval_count":0,"eval_duration":0,"thinking_chars":0,"thinking_detected":false,"outcome":"ok"}
{"event":"deep_research_page_skipped","n":1,"url":"https://alpha.example/1","reason":"empty","detail":"Page has only 7 words (minimum 40)"}
{"event":"deep_research_page_skipped","n":2,"url":"https://alpha.example/2","reason":"blocked","detail":"Page appears to be a bot challenge or access verification"}
{"event":"deep_research_model_call","step":"notes","think":false,"attempt":1,"wall_ms":0,"load_duration":0,"prompt_eval_count":0,"prompt_eval_duration":0,"eval_count":0,"eval_duration":0,"thinking_chars":0,"thinking_detected":false,"outcome":"ok"}
{"event":"deep_research_page_skipped","n":4,"url":"https://beta.example/1","reason":"empty","detail":"No passage matches the search terms"}
{"event":"deep_research_model_call","step":"write","think":true,"attempt":1,"wall_ms":0,"load_duration":0,"prompt_eval_count":0,"prompt_eval_duration":0,"eval_count":0,"eval_duration":0,"thinking_chars":0,"thinking_detected":false,"outcome":"ok"}

src/http/deepResearchStop.test.ts:
{"event":"deep_research_model_call","step":"brief","think":false,"attempt":1,"wall_ms":1,"load_duration":0,"prompt_eval_count":0,"prompt_eval_duration":0,"eval_count":3,"eval_duration":0,"thinking_chars":0,"thinking_detected":false,"outcome":"ok"}
{"event":"deep_research_model_call","step":"plan","think":true,"attempt":1,"wall_ms":0,"load_duration":0,"prompt_eval_count":0,"prompt_eval_duration":0,"eval_count":3,"eval_duration":0,"thinking_chars":0,"thinking_detected":false,"outcome":"ok"}
{"event":"deep_research_model_call","step":"queries","think":false,"attempt":1,"wall_ms":0,"load_duration":0,"prompt_eval_count":0,"prompt_eval_duration":0,"eval_count":3,"eval_duration":0,"thinking_chars":0,"thinking_detected":false,"outcome":"ok"}
{"event":"deep_research_model_call","step":"pages","think":false,"attempt":1,"wall_ms":0,"load_duration":0,"prompt_eval_count":0,"prompt_eval_duration":0,"eval_count":3,"eval_duration":0,"thinking_chars":0,"thinking_detected":false,"outcome":"ok"}
{"event":"deep_research_model_call","step":"notes","think":false,"attempt":1,"wall_ms":0,"load_duration":0,"prompt_eval_count":0,"prompt_eval_duration":0,"eval_count":3,"eval_duration":0,"thinking_chars":0,"thinking_detected":false,"outcome":"ok"}
{"event":"deep_research_model_call","step":"queries","think":false,"attempt":1,"wall_ms":0,"load_duration":0,"prompt_eval_count":0,"prompt_eval_duration":0,"eval_count":3,"eval_duration":0,"thinking_chars":0,"thinking_detected":false,"outcome":"ok"}
{"event":"deep_research_model_call","step":"write","think":true,"attempt":1,"wall_ms":0,"load_duration":0,"prompt_eval_count":0,"prompt_eval_duration":0,"eval_count":3,"eval_duration":0,"thinking_chars":0,"thinking_detected":false,"outcome":"ok"}
{"event":"deep_research_model_call","step":"brief","think":false,"attempt":1,"wall_ms":1,"load_duration":0,"prompt_eval_count":0,"prompt_eval_duration":0,"eval_count":3,"eval_duration":0,"thinking_chars":0,"thinking_detected":false,"outcome":"ok"}
{"event":"deep_research_model_call","step":"plan","think":true,"attempt":1,"wall_ms":0,"load_duration":0,"prompt_eval_count":0,"prompt_eval_duration":0,"eval_count":3,"eval_duration":0,"thinking_chars":0,"thinking_detected":false,"outcome":"ok"}
{"event":"deep_research_model_call","step":"queries","think":false,"attempt":1,"wall_ms":0,"load_duration":0,"prompt_eval_count":0,"prompt_eval_duration":0,"eval_count":3,"eval_duration":0,"thinking_chars":0,"thinking_detected":false,"outcome":"ok"}
{"event":"deep_research_model_call","step":"pages","think":false,"attempt":1,"wall_ms":0,"load_duration":0,"prompt_eval_count":0,"prompt_eval_duration":0,"eval_count":3,"eval_duration":0,"thinking_chars":0,"thinking_detected":false,"outcome":"ok"}
{"event":"deep_research_model_call","step":"notes","think":false,"attempt":1,"wall_ms":0,"load_duration":0,"prompt_eval_count":0,"prompt_eval_duration":0,"eval_count":3,"eval_duration":0,"thinking_chars":0,"thinking_detected":false,"outcome":"ok"}
{"event":"deep_research_model_call","step":"queries","think":false,"attempt":1,"wall_ms":0,"load_duration":0,"prompt_eval_count":0,"prompt_eval_duration":0,"eval_count":3,"eval_duration":0,"thinking_chars":0,"thinking_detected":false,"outcome":"ok"}
{"event":"deep_research_model_call","step":"write","think":true,"attempt":1,"wall_ms":1,"load_duration":null,"prompt_eval_count":null,"prompt_eval_duration":null,"eval_count":null,"eval_duration":null,"thinking_chars":0,"thinking_detected":false,"outcome":"aborted"}

src/http/deepResearchBreadthFirst.test.ts:
{"event":"deep_research_model_call","step":"brief","think":false,"attempt":1,"wall_ms":1,"load_duration":0,"prompt_eval_count":0,"prompt_eval_duration":0,"eval_count":3,"eval_duration":0,"thinking_chars":0,"thinking_detected":false,"outcome":"ok"}
{"event":"deep_research_model_call","step":"plan","think":true,"attempt":1,"wall_ms":0,"load_duration":0,"prompt_eval_count":0,"prompt_eval_duration":0,"eval_count":3,"eval_duration":0,"thinking_chars":0,"thinking_detected":false,"outcome":"ok"}
{"event":"deep_research_model_call","step":"queries","think":false,"attempt":1,"wall_ms":0,"load_duration":0,"prompt_eval_count":0,"prompt_eval_duration":0,"eval_count":3,"eval_duration":0,"thinking_chars":0,"thinking_detected":false,"outcome":"ok"}
{"event":"deep_research_model_call","step":"pages","think":false,"attempt":1,"wall_ms":0,"load_duration":0,"prompt_eval_count":0,"prompt_eval_duration":0,"eval_count":3,"eval_duration":0,"thinking_chars":0,"thinking_detected":false,"outcome":"ok"}
{"event":"deep_research_model_call","step":"notes","think":false,"attempt":1,"wall_ms":0,"load_duration":0,"prompt_eval_count":0,"prompt_eval_duration":0,"eval_count":3,"eval_duration":0,"thinking_chars":0,"thinking_detected":false,"outcome":"ok"}
{"event":"deep_research_model_call","step":"queries","think":false,"attempt":1,"wall_ms":0,"load_duration":0,"prompt_eval_count":0,"prompt_eval_duration":0,"eval_count":3,"eval_duration":0,"thinking_chars":0,"thinking_detected":false,"outcome":"ok"}
{"event":"deep_research_model_call","step":"pages","think":false,"attempt":1,"wall_ms":0,"load_duration":0,"prompt_eval_count":0,"prompt_eval_duration":0,"eval_count":3,"eval_duration":0,"thinking_chars":0,"thinking_detected":false,"outcome":"ok"}
{"event":"deep_research_model_call","step":"notes","think":false,"attempt":1,"wall_ms":0,"load_duration":0,"prompt_eval_count":0,"prompt_eval_duration":0,"eval_count":3,"eval_duration":0,"thinking_chars":0,"thinking_detected":false,"outcome":"ok"}
{"event":"deep_research_model_call","step":"queries","think":false,"attempt":1,"wall_ms":0,"load_duration":0,"prompt_eval_count":0,"prompt_eval_duration":0,"eval_count":3,"eval_duration":0,"thinking_chars":0,"thinking_detected":false,"outcome":"ok"}
{"event":"deep_research_model_call","step":"pages","think":false,"attempt":1,"wall_ms":0,"load_duration":0,"prompt_eval_count":0,"prompt_eval_duration":0,"eval_count":3,"eval_duration":0,"thinking_chars":0,"thinking_detected":false,"outcome":"ok"}
{"event":"deep_research_model_call","step":"notes","think":false,"attempt":1,"wall_ms":0,"load_duration":0,"prompt_eval_count":0,"prompt_eval_duration":0,"eval_count":3,"eval_duration":0,"thinking_chars":0,"thinking_detected":false,"outcome":"ok"}
{"event":"deep_research_model_call","step":"notes","think":false,"attempt":1,"wall_ms":0,"load_duration":0,"prompt_eval_count":0,"prompt_eval_duration":0,"eval_count":3,"eval_duration":0,"thinking_chars":0,"thinking_detected":false,"outcome":"ok"}
{"event":"deep_research_model_call","step":"notes","think":false,"attempt":1,"wall_ms":0,"load_duration":0,"prompt_eval_count":0,"prompt_eval_duration":0,"eval_count":3,"eval_duration":0,"thinking_chars":0,"thinking_detected":false,"outcome":"ok"}
{"event":"deep_research_model_call","step":"notes","think":false,"attempt":1,"wall_ms":0,"load_duration":0,"prompt_eval_count":0,"prompt_eval_duration":0,"eval_count":3,"eval_duration":0,"thinking_chars":0,"thinking_detected":false,"outcome":"ok"}
{"event":"deep_research_model_call","step":"write","think":true,"attempt":1,"wall_ms":0,"load_duration":0,"prompt_eval_count":0,"prompt_eval_duration":0,"eval_count":3,"eval_duration":0,"thinking_chars":0,"thinking_detected":false,"outcome":"ok"}
{"event":"deep_research_model_call","step":"brief","think":false,"attempt":1,"wall_ms":0,"load_duration":0,"prompt_eval_count":0,"prompt_eval_duration":0,"eval_count":3,"eval_duration":0,"thinking_chars":0,"thinking_detected":false,"outcome":"ok"}
{"event":"deep_research_model_call","step":"plan","think":true,"attempt":1,"wall_ms":0,"load_duration":0,"prompt_eval_count":0,"prompt_eval_duration":0,"eval_count":3,"eval_duration":0,"thinking_chars":0,"thinking_detected":false,"outcome":"ok"}
{"event":"deep_research_model_call","step":"queries","think":false,"attempt":1,"wall_ms":0,"load_duration":0,"prompt_eval_count":0,"prompt_eval_duration":0,"eval_count":3,"eval_duration":0,"thinking_chars":0,"thinking_detected":false,"outcome":"ok"}
{"event":"deep_research_model_call","step":"pages","think":false,"attempt":1,"wall_ms":0,"load_duration":0,"prompt_eval_count":0,"prompt_eval_duration":0,"eval_count":3,"eval_duration":0,"thinking_chars":0,"thinking_detected":false,"outcome":"ok"}
{"event":"deep_research_model_call","step":"notes","think":false,"attempt":1,"wall_ms":0,"load_duration":0,"prompt_eval_count":0,"prompt_eval_duration":0,"eval_count":3,"eval_duration":0,"thinking_chars":0,"thinking_detected":false,"outcome":"ok"}
{"event":"deep_research_model_call","step":"queries","think":false,"attempt":1,"wall_ms":0,"load_duration":0,"prompt_eval_count":0,"prompt_eval_duration":0,"eval_count":3,"eval_duration":0,"thinking_chars":0,"thinking_detected":false,"outcome":"ok"}
{"event":"deep_research_model_call","step":"pages","think":false,"attempt":1,"wall_ms":0,"load_duration":0,"prompt_eval_count":0,"prompt_eval_duration":0,"eval_count":3,"eval_duration":0,"thinking_chars":0,"thinking_detected":false,"outcome":"ok"}
{"event":"deep_research_model_call","step":"notes","think":false,"attempt":1,"wall_ms":0,"load_duration":0,"prompt_eval_count":0,"prompt_eval_duration":0,"eval_count":3,"eval_duration":0,"thinking_chars":0,"thinking_detected":false,"outcome":"ok"}
{"event":"deep_research_model_call","step":"queries","think":false,"attempt":1,"wall_ms":0,"load_duration":0,"prompt_eval_count":0,"prompt_eval_duration":0,"eval_count":3,"eval_duration":0,"thinking_chars":0,"thinking_detected":false,"outcome":"ok"}
{"event":"deep_research_model_call","step":"pages","think":false,"attempt":1,"wall_ms":0,"load_duration":0,"prompt_eval_count":0,"prompt_eval_duration":0,"eval_count":3,"eval_duration":0,"thinking_chars":0,"thinking_detected":false,"outcome":"ok"}
{"event":"deep_research_model_call","step":"notes","think":false,"attempt":1,"wall_ms":0,"load_duration":0,"prompt_eval_count":0,"prompt_eval_duration":0,"eval_count":3,"eval_duration":0,"thinking_chars":0,"thinking_detected":false,"outcome":"ok"}
{"event":"deep_research_model_call","step":"notes","think":false,"attempt":1,"wall_ms":0,"load_duration":0,"prompt_eval_count":0,"prompt_eval_duration":0,"eval_count":3,"eval_duration":0,"thinking_chars":0,"thinking_detected":false,"outcome":"ok"}
{"event":"deep_research_model_call","step":"notes","think":false,"attempt":1,"wall_ms":0,"load_duration":0,"prompt_eval_count":0,"prompt_eval_duration":0,"eval_count":3,"eval_duration":0,"thinking_chars":0,"thinking_detected":false,"outcome":"ok"}
{"event":"deep_research_model_call","step":"write","think":true,"attempt":1,"wall_ms":0,"load_duration":0,"prompt_eval_count":0,"prompt_eval_duration":0,"eval_count":3,"eval_duration":0,"thinking_chars":0,"thinking_detected":false,"outcome":"ok"}
{"event":"deep_research_model_call","step":"brief","think":false,"attempt":1,"wall_ms":0,"load_duration":0,"prompt_eval_count":0,"prompt_eval_duration":0,"eval_count":3,"eval_duration":0,"thinking_chars":0,"thinking_detected":false,"outcome":"ok"}
{"event":"deep_research_model_call","step":"plan","think":true,"attempt":1,"wall_ms":0,"load_duration":0,"prompt_eval_count":0,"prompt_eval_duration":0,"eval_count":3,"eval_duration":0,"thinking_chars":0,"thinking_detected":false,"outcome":"ok"}
{"event":"deep_research_model_call","step":"queries","think":false,"attempt":1,"wall_ms":0,"load_duration":0,"prompt_eval_count":0,"prompt_eval_duration":0,"eval_count":3,"eval_duration":0,"thinking_chars":0,"thinking_detected":false,"outcome":"ok"}
{"event":"deep_research_model_call","step":"pages","think":false,"attempt":1,"wall_ms":0,"load_duration":0,"prompt_eval_count":0,"prompt_eval_duration":0,"eval_count":3,"eval_duration":0,"thinking_chars":0,"thinking_detected":false,"outcome":"ok"}
{"event":"deep_research_model_call","step":"notes","think":false,"attempt":1,"wall_ms":0,"load_duration":0,"prompt_eval_count":0,"prompt_eval_duration":0,"eval_count":3,"eval_duration":0,"thinking_chars":0,"thinking_detected":false,"outcome":"ok"}
{"event":"deep_research_model_call","step":"queries","think":false,"attempt":1,"wall_ms":0,"load_duration":0,"prompt_eval_count":0,"prompt_eval_duration":0,"eval_count":3,"eval_duration":0,"thinking_chars":0,"thinking_detected":false,"outcome":"ok"}
{"event":"deep_research_model_call","step":"pages","think":false,"attempt":1,"wall_ms":0,"load_duration":0,"prompt_eval_count":0,"prompt_eval_duration":0,"eval_count":3,"eval_duration":0,"thinking_chars":0,"thinking_detected":false,"outcome":"ok"}
{"event":"deep_research_model_call","step":"notes","think":false,"attempt":1,"wall_ms":0,"load_duration":0,"prompt_eval_count":0,"prompt_eval_duration":0,"eval_count":3,"eval_duration":0,"thinking_chars":0,"thinking_detected":false,"outcome":"ok"}
{"event":"deep_research_model_call","step":"queries","think":false,"attempt":1,"wall_ms":0,"load_duration":0,"prompt_eval_count":0,"prompt_eval_duration":0,"eval_count":3,"eval_duration":0,"thinking_chars":0,"thinking_detected":false,"outcome":"ok"}
{"event":"deep_research_model_call","step":"pages","think":false,"attempt":1,"wall_ms":0,"load_duration":0,"prompt_eval_count":0,"prompt_eval_duration":0,"eval_count":3,"eval_duration":0,"thinking_chars":0,"thinking_detected":false,"outcome":"ok"}
{"event":"deep_research_model_call","step":"notes","think":false,"attempt":1,"wall_ms":0,"load_duration":0,"prompt_eval_count":0,"prompt_eval_duration":0,"eval_count":3,"eval_duration":0,"thinking_chars":0,"thinking_detected":false,"outcome":"ok"}
{"event":"deep_research_model_call","step":"notes","think":false,"attempt":1,"wall_ms":0,"load_duration":0,"prompt_eval_count":0,"prompt_eval_duration":0,"eval_count":3,"eval_duration":0,"thinking_chars":0,"thinking_detected":false,"outcome":"ok"}
{"event":"deep_research_model_call","step":"notes","think":false,"attempt":1,"wall_ms":0,"load_duration":0,"prompt_eval_count":0,"prompt_eval_duration":0,"eval_count":3,"eval_duration":0,"thinking_chars":0,"thinking_detected":false,"outcome":"ok"}
{"event":"deep_research_model_call","step":"notes","think":false,"attempt":1,"wall_ms":0,"load_duration":0,"prompt_eval_count":0,"prompt_eval_duration":0,"eval_count":3,"eval_duration":0,"thinking_chars":0,"thinking_detected":false,"outcome":"ok"}
{"event":"deep_research_model_call","step":"gap","think":false,"attempt":1,"wall_ms":0,"load_duration":0,"prompt_eval_count":0,"prompt_eval_duration":0,"eval_count":3,"eval_duration":0,"thinking_chars":0,"thinking_detected":false,"outcome":"ok"}
{"event":"deep_research_model_call","step":"pages","think":false,"attempt":1,"wall_ms":1,"load_duration":0,"prompt_eval_count":0,"prompt_eval_duration":0,"eval_count":3,"eval_duration":0,"thinking_chars":0,"thinking_detected":false,"outcome":"ok"}
{"event":"deep_research_model_call","step":"notes","think":false,"attempt":1,"wall_ms":0,"load_duration":0,"prompt_eval_count":0,"prompt_eval_duration":0,"eval_count":3,"eval_duration":0,"thinking_chars":0,"thinking_detected":false,"outcome":"ok"}
{"event":"deep_research_model_call","step":"gap","think":false,"attempt":1,"wall_ms":0,"load_duration":0,"prompt_eval_count":0,"prompt_eval_duration":0,"eval_count":3,"eval_duration":0,"thinking_chars":0,"thinking_detected":false,"outcome":"ok"}
{"event":"deep_research_model_call","step":"pages","think":false,"attempt":1,"wall_ms":0,"load_duration":0,"prompt_eval_count":0,"prompt_eval_duration":0,"eval_count":3,"eval_duration":0,"thinking_chars":0,"thinking_detected":false,"outcome":"ok"}
{"event":"deep_research_model_call","step":"notes","think":false,"attempt":1,"wall_ms":0,"load_duration":0,"prompt_eval_count":0,"prompt_eval_duration":0,"eval_count":3,"eval_duration":0,"thinking_chars":0,"thinking_detected":false,"outcome":"ok"}
{"event":"deep_research_model_call","step":"notes","think":false,"attempt":1,"wall_ms":0,"load_duration":0,"prompt_eval_count":0,"prompt_eval_duration":0,"eval_count":3,"eval_duration":0,"thinking_chars":0,"thinking_detected":false,"outcome":"ok"}
{"event":"deep_research_model_call","step":"notes","think":false,"attempt":1,"wall_ms":0,"load_duration":0,"prompt_eval_count":0,"prompt_eval_duration":0,"eval_count":3,"eval_duration":0,"thinking_chars":0,"thinking_detected":false,"outcome":"ok"}
{"event":"deep_research_model_call","step":"write","think":true,"attempt":1,"wall_ms":0,"load_duration":0,"prompt_eval_count":0,"prompt_eval_duration":0,"eval_count":3,"eval_duration":0,"thinking_chars":0,"thinking_detected":false,"outcome":"ok"}
{"event":"deep_research_model_call","step":"brief","think":false,"attempt":1,"wall_ms":0,"load_duration":0,"prompt_eval_count":0,"prompt_eval_duration":0,"eval_count":3,"eval_duration":0,"thinking_chars":0,"thinking_detected":false,"outcome":"ok"}
{"event":"deep_research_model_call","step":"plan","think":true,"attempt":1,"wall_ms":0,"load_duration":0,"prompt_eval_count":0,"prompt_eval_duration":0,"eval_count":3,"eval_duration":0,"thinking_chars":0,"thinking_detected":false,"outcome":"ok"}
{"event":"deep_research_model_call","step":"queries","think":false,"attempt":1,"wall_ms":0,"load_duration":0,"prompt_eval_count":0,"prompt_eval_duration":0,"eval_count":3,"eval_duration":0,"thinking_chars":0,"thinking_detected":false,"outcome":"ok"}
{"event":"deep_research_model_call","step":"pages","think":false,"attempt":1,"wall_ms":1,"load_duration":0,"prompt_eval_count":0,"prompt_eval_duration":0,"eval_count":3,"eval_duration":0,"thinking_chars":0,"thinking_detected":false,"outcome":"ok"}
{"event":"deep_research_model_call","step":"notes","think":false,"attempt":1,"wall_ms":0,"load_duration":0,"prompt_eval_count":0,"prompt_eval_duration":0,"eval_count":3,"eval_duration":0,"thinking_chars":0,"thinking_detected":false,"outcome":"ok"}
{"event":"deep_research_model_call","step":"queries","think":false,"attempt":1,"wall_ms":0,"load_duration":0,"prompt_eval_count":0,"prompt_eval_duration":0,"eval_count":3,"eval_duration":0,"thinking_chars":0,"thinking_detected":false,"outcome":"ok"}
{"event":"deep_research_model_call","step":"pages","think":false,"attempt":1,"wall_ms":0,"load_duration":0,"prompt_eval_count":0,"prompt_eval_duration":0,"eval_count":3,"eval_duration":0,"thinking_chars":0,"thinking_detected":false,"outcome":"ok"}
{"event":"deep_research_model_call","step":"notes","think":false,"attempt":1,"wall_ms":0,"load_duration":0,"prompt_eval_count":0,"prompt_eval_duration":0,"eval_count":3,"eval_duration":0,"thinking_chars":0,"thinking_detected":false,"outcome":"ok"}
{"event":"deep_research_model_call","step":"gap","think":false,"attempt":1,"wall_ms":0,"load_duration":0,"prompt_eval_count":0,"prompt_eval_duration":0,"eval_count":3,"eval_duration":0,"thinking_chars":0,"thinking_detected":false,"outcome":"ok"}
{"event":"deep_research_model_call","step":"gap","think":false,"attempt":1,"wall_ms":0,"load_duration":0,"prompt_eval_count":0,"prompt_eval_duration":0,"eval_count":3,"eval_duration":0,"thinking_chars":0,"thinking_detected":false,"outcome":"ok"}
{"event":"deep_research_model_call","step":"pages","think":false,"attempt":1,"wall_ms":0,"load_duration":0,"prompt_eval_count":0,"prompt_eval_duration":0,"eval_count":3,"eval_duration":0,"thinking_chars":0,"thinking_detected":false,"outcome":"ok"}
{"event":"deep_research_model_call","step":"notes","think":false,"attempt":1,"wall_ms":0,"load_duration":0,"prompt_eval_count":0,"prompt_eval_duration":0,"eval_count":3,"eval_duration":0,"thinking_chars":0,"thinking_detected":false,"outcome":"ok"}
{"event":"deep_research_model_call","step":"gap","think":false,"attempt":1,"wall_ms":0,"load_duration":0,"prompt_eval_count":0,"prompt_eval_duration":0,"eval_count":3,"eval_duration":0,"thinking_chars":0,"thinking_detected":false,"outcome":"ok"}
{"event":"deep_research_model_call","step":"pages","think":false,"attempt":1,"wall_ms":0,"load_duration":0,"prompt_eval_count":0,"prompt_eval_duration":0,"eval_count":3,"eval_duration":0,"thinking_chars":0,"thinking_detected":false,"outcome":"ok"}
{"event":"deep_research_model_call","step":"notes","think":false,"attempt":1,"wall_ms":0,"load_duration":0,"prompt_eval_count":0,"prompt_eval_duration":0,"eval_count":3,"eval_duration":0,"thinking_chars":0,"thinking_detected":false,"outcome":"ok"}
{"event":"deep_research_model_call","step":"write","think":true,"attempt":1,"wall_ms":0,"load_duration":0,"prompt_eval_count":0,"prompt_eval_duration":0,"eval_count":3,"eval_duration":0,"thinking_chars":0,"thinking_detected":false,"outcome":"ok"}
{"event":"deep_research_model_call","step":"brief","think":false,"attempt":1,"wall_ms":3,"load_duration":0,"prompt_eval_count":0,"prompt_eval_duration":0,"eval_count":3,"eval_duration":0,"thinking_chars":0,"thinking_detected":false,"outcome":"ok"}
{"event":"deep_research_model_call","step":"plan","think":true,"attempt":1,"wall_ms":4,"load_duration":0,"prompt_eval_count":0,"prompt_eval_duration":0,"eval_count":3,"eval_duration":0,"thinking_chars":0,"thinking_detected":false,"outcome":"ok"}
{"event":"deep_research_model_call","step":"queries","think":false,"attempt":1,"wall_ms":3,"load_duration":0,"prompt_eval_count":0,"prompt_eval_duration":0,"eval_count":3,"eval_duration":0,"thinking_chars":0,"thinking_detected":false,"outcome":"ok"}
{"event":"deep_research_model_call","step":"pages","think":false,"attempt":1,"wall_ms":4,"load_duration":0,"prompt_eval_count":0,"prompt_eval_duration":0,"eval_count":3,"eval_duration":0,"thinking_chars":0,"thinking_detected":false,"outcome":"ok"}
{"event":"deep_research_model_call","step":"notes","think":false,"attempt":1,"wall_ms":4,"load_duration":0,"prompt_eval_count":0,"prompt_eval_duration":0,"eval_count":3,"eval_duration":0,"thinking_chars":0,"thinking_detected":false,"outcome":"ok"}
{"event":"deep_research_model_call","step":"queries","think":false,"attempt":1,"wall_ms":4,"load_duration":0,"prompt_eval_count":0,"prompt_eval_duration":0,"eval_count":3,"eval_duration":0,"thinking_chars":0,"thinking_detected":false,"outcome":"ok"}
{"event":"deep_research_model_call","step":"pages","think":false,"attempt":1,"wall_ms":3,"load_duration":0,"prompt_eval_count":0,"prompt_eval_duration":0,"eval_count":3,"eval_duration":0,"thinking_chars":0,"thinking_detected":false,"outcome":"ok"}
{"event":"deep_research_model_call","step":"notes","think":false,"attempt":1,"wall_ms":4,"load_duration":0,"prompt_eval_count":0,"prompt_eval_duration":0,"eval_count":3,"eval_duration":0,"thinking_chars":0,"thinking_detected":false,"outcome":"ok"}
{"event":"deep_research_model_call","step":"queries","think":false,"attempt":1,"wall_ms":4,"load_duration":0,"prompt_eval_count":0,"prompt_eval_duration":0,"eval_count":3,"eval_duration":0,"thinking_chars":0,"thinking_detected":false,"outcome":"ok"}
{"event":"deep_research_model_call","step":"pages","think":false,"attempt":1,"wall_ms":3,"load_duration":0,"prompt_eval_count":0,"prompt_eval_duration":0,"eval_count":3,"eval_duration":0,"thinking_chars":0,"thinking_detected":false,"outcome":"ok"}
{"event":"deep_research_model_call","step":"notes","think":false,"attempt":1,"wall_ms":5,"load_duration":0,"prompt_eval_count":0,"prompt_eval_duration":0,"eval_count":3,"eval_duration":0,"thinking_chars":0,"thinking_detected":false,"outcome":"ok"}
{"event":"deep_research_model_call","step":"notes","think":false,"attempt":1,"wall_ms":3,"load_duration":0,"prompt_eval_count":0,"prompt_eval_duration":0,"eval_count":3,"eval_duration":0,"thinking_chars":0,"thinking_detected":false,"outcome":"ok"}
{"event":"deep_research_model_call","step":"notes","think":false,"attempt":1,"wall_ms":4,"load_duration":0,"prompt_eval_count":0,"prompt_eval_duration":0,"eval_count":3,"eval_duration":0,"thinking_chars":0,"thinking_detected":false,"outcome":"ok"}
{"event":"deep_research_model_call","step":"notes","think":false,"attempt":1,"wall_ms":4,"load_duration":0,"prompt_eval_count":0,"prompt_eval_duration":0,"eval_count":3,"eval_duration":0,"thinking_chars":0,"thinking_detected":false,"outcome":"ok"}
{"event":"deep_research_model_call","step":"write","think":true,"attempt":1,"wall_ms":4,"load_duration":0,"prompt_eval_count":0,"prompt_eval_duration":0,"eval_count":3,"eval_duration":0,"thinking_chars":0,"thinking_detected":false,"outcome":"ok"}
{"event":"deep_research_model_call","step":"brief","think":false,"attempt":1,"wall_ms":0,"load_duration":0,"prompt_eval_count":0,"prompt_eval_duration":0,"eval_count":3,"eval_duration":0,"thinking_chars":0,"thinking_detected":false,"outcome":"ok"}
{"event":"deep_research_model_call","step":"plan","think":true,"attempt":1,"wall_ms":0,"load_duration":0,"prompt_eval_count":0,"prompt_eval_duration":0,"eval_count":3,"eval_duration":0,"thinking_chars":0,"thinking_detected":false,"outcome":"ok"}
{"event":"deep_research_model_call","step":"queries","think":false,"attempt":1,"wall_ms":0,"load_duration":0,"prompt_eval_count":0,"prompt_eval_duration":0,"eval_count":3,"eval_duration":0,"thinking_chars":0,"thinking_detected":false,"outcome":"ok"}
{"event":"deep_research_model_call","step":"pages","think":false,"attempt":1,"wall_ms":0,"load_duration":0,"prompt_eval_count":0,"prompt_eval_duration":0,"eval_count":3,"eval_duration":0,"thinking_chars":0,"thinking_detected":false,"outcome":"ok"}
{"event":"deep_research_model_call","step":"notes","think":false,"attempt":1,"wall_ms":0,"load_duration":0,"prompt_eval_count":0,"prompt_eval_duration":0,"eval_count":3,"eval_duration":0,"thinking_chars":0,"thinking_detected":false,"outcome":"ok"}
{"event":"deep_research_model_call","step":"queries","think":false,"attempt":1,"wall_ms":0,"load_duration":0,"prompt_eval_count":0,"prompt_eval_duration":0,"eval_count":3,"eval_duration":0,"thinking_chars":0,"thinking_detected":false,"outcome":"ok"}
{"event":"deep_research_model_call","step":"pages","think":false,"attempt":1,"wall_ms":0,"load_duration":0,"prompt_eval_count":0,"prompt_eval_duration":0,"eval_count":3,"eval_duration":0,"thinking_chars":0,"thinking_detected":false,"outcome":"ok"}
{"event":"deep_research_model_call","step":"write","think":true,"attempt":1,"wall_ms":0,"load_duration":0,"prompt_eval_count":0,"prompt_eval_duration":0,"eval_count":3,"eval_duration":0,"thinking_chars":0,"thinking_detected":false,"outcome":"ok"}
{"event":"deep_research_model_call","step":"brief","think":false,"attempt":1,"wall_ms":0,"load_duration":0,"prompt_eval_count":0,"prompt_eval_duration":0,"eval_count":3,"eval_duration":0,"thinking_chars":0,"thinking_detected":false,"outcome":"ok"}
{"event":"deep_research_model_call","step":"plan","think":true,"attempt":1,"wall_ms":0,"load_duration":0,"prompt_eval_count":0,"prompt_eval_duration":0,"eval_count":3,"eval_duration":0,"thinking_chars":0,"thinking_detected":false,"outcome":"ok"}
{"event":"deep_research_model_call","step":"queries","think":false,"attempt":1,"wall_ms":0,"load_duration":0,"prompt_eval_count":0,"prompt_eval_duration":0,"eval_count":3,"eval_duration":0,"thinking_chars":0,"thinking_detected":false,"outcome":"ok"}
{"event":"deep_research_model_call","step":"pages","think":false,"attempt":1,"wall_ms":0,"load_duration":0,"prompt_eval_count":0,"prompt_eval_duration":0,"eval_count":3,"eval_duration":0,"thinking_chars":0,"thinking_detected":false,"outcome":"ok"}
{"event":"deep_research_model_call","step":"notes","think":false,"attempt":1,"wall_ms":0,"load_duration":0,"prompt_eval_count":0,"prompt_eval_duration":0,"eval_count":3,"eval_duration":0,"thinking_chars":0,"thinking_detected":false,"outcome":"ok"}
{"event":"deep_research_model_call","step":"queries","think":false,"attempt":1,"wall_ms":0,"load_duration":0,"prompt_eval_count":0,"prompt_eval_duration":0,"eval_count":3,"eval_duration":0,"thinking_chars":0,"thinking_detected":false,"outcome":"ok"}
{"event":"deep_research_model_call","step":"pages","think":false,"attempt":1,"wall_ms":0,"load_duration":0,"prompt_eval_count":0,"prompt_eval_duration":0,"eval_count":3,"eval_duration":0,"thinking_chars":0,"thinking_detected":false,"outcome":"ok"}
{"event":"deep_research_model_call","step":"write","think":true,"attempt":1,"wall_ms":0,"load_duration":0,"prompt_eval_count":0,"prompt_eval_duration":0,"eval_count":3,"eval_duration":0,"thinking_chars":0,"thinking_detected":false,"outcome":"ok"}

src/http/deepResearchResume.test.ts:
{"event":"deep_research_model_call","step":"brief","think":false,"attempt":1,"wall_ms":0,"load_duration":0,"prompt_eval_count":0,"prompt_eval_duration":0,"eval_count":3,"eval_duration":0,"thinking_chars":0,"thinking_detected":false,"outcome":"ok"}
{"event":"deep_research_model_call","step":"plan","think":true,"attempt":1,"wall_ms":1,"load_duration":0,"prompt_eval_count":0,"prompt_eval_duration":0,"eval_count":3,"eval_duration":0,"thinking_chars":0,"thinking_detected":false,"outcome":"ok"}
{"event":"deep_research_model_call","step":"queries","think":false,"attempt":1,"wall_ms":0,"load_duration":0,"prompt_eval_count":0,"prompt_eval_duration":0,"eval_count":3,"eval_duration":0,"thinking_chars":0,"thinking_detected":false,"outcome":"ok"}
{"event":"deep_research_model_call","step":"pages","think":false,"attempt":1,"wall_ms":0,"load_duration":0,"prompt_eval_count":0,"prompt_eval_duration":0,"eval_count":3,"eval_duration":0,"thinking_chars":0,"thinking_detected":false,"outcome":"ok"}
{"event":"deep_research_model_call","step":"notes","think":false,"attempt":1,"wall_ms":0,"load_duration":0,"prompt_eval_count":0,"prompt_eval_duration":0,"eval_count":3,"eval_duration":0,"thinking_chars":0,"thinking_detected":false,"outcome":"ok"}
{"event":"deep_research_model_call","step":"queries","think":false,"attempt":1,"wall_ms":0,"load_duration":0,"prompt_eval_count":0,"prompt_eval_duration":0,"eval_count":3,"eval_duration":0,"thinking_chars":0,"thinking_detected":false,"outcome":"ok"}
{"event":"deep_research_model_call","step":"queries","think":false,"attempt":1,"wall_ms":0,"load_duration":0,"prompt_eval_count":0,"prompt_eval_duration":0,"eval_count":3,"eval_duration":0,"thinking_chars":0,"thinking_detected":false,"outcome":"ok"}
{"event":"deep_research_model_call","step":"queries","think":false,"attempt":1,"wall_ms":0,"load_duration":0,"prompt_eval_count":0,"prompt_eval_duration":0,"eval_count":3,"eval_duration":0,"thinking_chars":0,"thinking_detected":false,"outcome":"ok"}
{"event":"deep_research_model_call","step":"pages","think":false,"attempt":1,"wall_ms":0,"load_duration":0,"prompt_eval_count":0,"prompt_eval_duration":0,"eval_count":3,"eval_duration":0,"thinking_chars":0,"thinking_detected":false,"outcome":"ok"}
{"event":"deep_research_model_call","step":"notes","think":false,"attempt":1,"wall_ms":0,"load_duration":0,"prompt_eval_count":0,"prompt_eval_duration":0,"eval_count":3,"eval_duration":0,"thinking_chars":0,"thinking_detected":false,"outcome":"ok"}
{"event":"deep_research_model_call","step":"notes","think":false,"attempt":1,"wall_ms":0,"load_duration":0,"prompt_eval_count":0,"prompt_eval_duration":0,"eval_count":3,"eval_duration":0,"thinking_chars":0,"thinking_detected":false,"outcome":"ok"}
{"event":"deep_research_model_call","step":"notes","think":false,"attempt":1,"wall_ms":0,"load_duration":0,"prompt_eval_count":0,"prompt_eval_duration":0,"eval_count":3,"eval_duration":0,"thinking_chars":0,"thinking_detected":false,"outcome":"ok"}
{"event":"deep_research_model_call","step":"write","think":true,"attempt":1,"wall_ms":0,"load_duration":0,"prompt_eval_count":0,"prompt_eval_duration":0,"eval_count":3,"eval_duration":0,"thinking_chars":0,"thinking_detected":false,"outcome":"ok"}
{"event":"deep_research_model_call","step":"brief","think":false,"attempt":1,"wall_ms":0,"load_duration":0,"prompt_eval_count":0,"prompt_eval_duration":0,"eval_count":3,"eval_duration":0,"thinking_chars":0,"thinking_detected":false,"outcome":"ok"}
{"event":"deep_research_model_call","step":"plan","think":true,"attempt":1,"wall_ms":0,"load_duration":0,"prompt_eval_count":0,"prompt_eval_duration":0,"eval_count":3,"eval_duration":0,"thinking_chars":0,"thinking_detected":false,"outcome":"ok"}
{"event":"deep_research_model_call","step":"queries","think":false,"attempt":1,"wall_ms":0,"load_duration":0,"prompt_eval_count":0,"prompt_eval_duration":0,"eval_count":3,"eval_duration":0,"thinking_chars":0,"thinking_detected":false,"outcome":"ok"}
{"event":"deep_research_model_call","step":"pages","think":false,"attempt":1,"wall_ms":0,"load_duration":0,"prompt_eval_count":0,"prompt_eval_duration":0,"eval_count":3,"eval_duration":0,"thinking_chars":0,"thinking_detected":false,"outcome":"ok"}
{"event":"deep_research_model_call","step":"notes","think":false,"attempt":1,"wall_ms":0,"load_duration":0,"prompt_eval_count":0,"prompt_eval_duration":0,"eval_count":3,"eval_duration":0,"thinking_chars":0,"thinking_detected":false,"outcome":"ok"}
{"event":"deep_research_model_call","step":"queries","think":false,"attempt":1,"wall_ms":0,"load_duration":0,"prompt_eval_count":0,"prompt_eval_duration":0,"eval_count":3,"eval_duration":0,"thinking_chars":0,"thinking_detected":false,"outcome":"ok"}
{"event":"deep_research_model_call","step":"queries","think":false,"attempt":1,"wall_ms":0,"load_duration":0,"prompt_eval_count":0,"prompt_eval_duration":0,"eval_count":3,"eval_duration":0,"thinking_chars":0,"thinking_detected":false,"outcome":"ok"}
{"event":"deep_research_model_call","step":"queries","think":false,"attempt":1,"wall_ms":0,"load_duration":0,"prompt_eval_count":0,"prompt_eval_duration":0,"eval_count":3,"eval_duration":0,"thinking_chars":0,"thinking_detected":false,"outcome":"ok"}
{"event":"deep_research_model_call","step":"pages","think":false,"attempt":1,"wall_ms":0,"load_duration":0,"prompt_eval_count":0,"prompt_eval_duration":0,"eval_count":3,"eval_duration":0,"thinking_chars":0,"thinking_detected":false,"outcome":"ok"}
{"event":"deep_research_model_call","step":"notes","think":false,"attempt":1,"wall_ms":0,"load_duration":0,"prompt_eval_count":0,"prompt_eval_duration":0,"eval_count":3,"eval_duration":0,"thinking_chars":0,"thinking_detected":false,"outcome":"ok"}
{"event":"deep_research_model_call","step":"notes","think":false,"attempt":1,"wall_ms":0,"load_duration":0,"prompt_eval_count":0,"prompt_eval_duration":0,"eval_count":3,"eval_duration":0,"thinking_chars":0,"thinking_detected":false,"outcome":"ok"}
{"event":"deep_research_model_call","step":"notes","think":false,"attempt":1,"wall_ms":0,"load_duration":0,"prompt_eval_count":0,"prompt_eval_duration":0,"eval_count":3,"eval_duration":0,"thinking_chars":0,"thinking_detected":false,"outcome":"ok"}
{"event":"deep_research_model_call","step":"write","think":true,"attempt":1,"wall_ms":0,"load_duration":0,"prompt_eval_count":0,"prompt_eval_duration":0,"eval_count":3,"eval_duration":0,"thinking_chars":0,"thinking_detected":false,"outcome":"ok"}
{"event":"deep_research_model_call","step":"brief","think":false,"attempt":1,"wall_ms":0,"load_duration":0,"prompt_eval_count":0,"prompt_eval_duration":0,"eval_count":3,"eval_duration":0,"thinking_chars":0,"thinking_detected":false,"outcome":"ok"}
{"event":"deep_research_model_call","step":"plan","think":true,"attempt":1,"wall_ms":0,"load_duration":0,"prompt_eval_count":0,"prompt_eval_duration":0,"eval_count":3,"eval_duration":0,"thinking_chars":0,"thinking_detected":false,"outcome":"ok"}
{"event":"deep_research_model_call","step":"queries","think":false,"attempt":1,"wall_ms":0,"load_duration":0,"prompt_eval_count":0,"prompt_eval_duration":0,"eval_count":3,"eval_duration":0,"thinking_chars":0,"thinking_detected":false,"outcome":"ok"}
{"event":"deep_research_model_call","step":"pages","think":false,"attempt":1,"wall_ms":0,"load_duration":0,"prompt_eval_count":0,"prompt_eval_duration":0,"eval_count":3,"eval_duration":0,"thinking_chars":0,"thinking_detected":false,"outcome":"ok"}

src/http/deepResearch.test.ts:
{"event":"deep_research_model_call","step":"brief","think":false,"attempt":1,"wall_ms":1,"load_duration":0,"prompt_eval_count":0,"prompt_eval_duration":0,"eval_count":3,"eval_duration":0,"thinking_chars":0,"thinking_detected":false,"outcome":"ok"}
{"event":"deep_research_model_call","step":"plan","think":true,"attempt":1,"wall_ms":0,"load_duration":0,"prompt_eval_count":0,"prompt_eval_duration":0,"eval_count":3,"eval_duration":0,"thinking_chars":0,"thinking_detected":false,"outcome":"ok"}
{"event":"deep_research_model_call","step":"queries","think":false,"attempt":1,"wall_ms":0,"load_duration":0,"prompt_eval_count":0,"prompt_eval_duration":0,"eval_count":3,"eval_duration":0,"thinking_chars":0,"thinking_detected":false,"outcome":"ok"}
{"event":"deep_research_model_call","step":"pages","think":false,"attempt":1,"wall_ms":0,"load_duration":0,"prompt_eval_count":0,"prompt_eval_duration":0,"eval_count":3,"eval_duration":0,"thinking_chars":0,"thinking_detected":false,"outcome":"ok"}
{"event":"deep_research_model_call","step":"notes","think":false,"attempt":1,"wall_ms":0,"load_duration":0,"prompt_eval_count":0,"prompt_eval_duration":0,"eval_count":3,"eval_duration":0,"thinking_chars":0,"thinking_detected":false,"outcome":"ok"}
{"event":"deep_research_model_call","step":"queries","think":false,"attempt":1,"wall_ms":0,"load_duration":0,"prompt_eval_count":0,"prompt_eval_duration":0,"eval_count":3,"eval_duration":0,"thinking_chars":0,"thinking_detected":false,"outcome":"ok"}
{"event":"deep_research_model_call","step":"queries","think":false,"attempt":1,"wall_ms":0,"load_duration":0,"prompt_eval_count":0,"prompt_eval_duration":0,"eval_count":3,"eval_duration":0,"thinking_chars":0,"thinking_detected":false,"outcome":"ok"}
{"event":"deep_research_model_call","step":"queries","think":false,"attempt":1,"wall_ms":0,"load_duration":0,"prompt_eval_count":0,"prompt_eval_duration":0,"eval_count":3,"eval_duration":0,"thinking_chars":0,"thinking_detected":false,"outcome":"ok"}
{"event":"deep_research_model_call","step":"pages","think":false,"attempt":1,"wall_ms":0,"load_duration":0,"prompt_eval_count":0,"prompt_eval_duration":0,"eval_count":3,"eval_duration":0,"thinking_chars":0,"thinking_detected":false,"outcome":"ok"}
{"event":"deep_research_model_call","step":"notes","think":false,"attempt":1,"wall_ms":0,"load_duration":0,"prompt_eval_count":0,"prompt_eval_duration":0,"eval_count":3,"eval_duration":0,"thinking_chars":0,"thinking_detected":false,"outcome":"ok"}
{"event":"deep_research_model_call","step":"notes","think":false,"attempt":1,"wall_ms":0,"load_duration":0,"prompt_eval_count":0,"prompt_eval_duration":0,"eval_count":3,"eval_duration":0,"thinking_chars":0,"thinking_detected":false,"outcome":"ok"}
{"event":"deep_research_model_call","step":"notes","think":false,"attempt":1,"wall_ms":0,"load_duration":0,"prompt_eval_count":0,"prompt_eval_duration":0,"eval_count":3,"eval_duration":0,"thinking_chars":0,"thinking_detected":false,"outcome":"ok"}
{"event":"deep_research_model_call","step":"write","think":true,"attempt":1,"wall_ms":0,"load_duration":0,"prompt_eval_count":0,"prompt_eval_duration":0,"eval_count":3,"eval_duration":0,"thinking_chars":0,"thinking_detected":false,"outcome":"ok"}
{"event":"deep_research_model_call","step":"brief","think":false,"attempt":1,"wall_ms":0,"load_duration":0,"prompt_eval_count":0,"prompt_eval_duration":0,"eval_count":3,"eval_duration":0,"thinking_chars":0,"thinking_detected":false,"outcome":"ok"}
{"event":"deep_research_model_call","step":"plan","think":true,"attempt":1,"wall_ms":0,"load_duration":0,"prompt_eval_count":0,"prompt_eval_duration":0,"eval_count":3,"eval_duration":0,"thinking_chars":0,"thinking_detected":false,"outcome":"ok"}
{"event":"deep_research_model_call","step":"queries","think":false,"attempt":1,"wall_ms":0,"load_duration":0,"prompt_eval_count":0,"prompt_eval_duration":0,"eval_count":3,"eval_duration":0,"thinking_chars":0,"thinking_detected":false,"outcome":"ok"}
{"event":"deep_research_model_call","step":"pages","think":false,"attempt":1,"wall_ms":0,"load_duration":0,"prompt_eval_count":0,"prompt_eval_duration":0,"eval_count":3,"eval_duration":0,"thinking_chars":0,"thinking_detected":false,"outcome":"ok"}
{"event":"deep_research_model_call","step":"notes","think":false,"attempt":1,"wall_ms":0,"load_duration":0,"prompt_eval_count":0,"prompt_eval_duration":0,"eval_count":3,"eval_duration":0,"thinking_chars":0,"thinking_detected":false,"outcome":"ok"}
{"event":"deep_research_model_call","step":"queries","think":false,"attempt":1,"wall_ms":0,"load_duration":0,"prompt_eval_count":0,"prompt_eval_duration":0,"eval_count":3,"eval_duration":0,"thinking_chars":0,"thinking_detected":false,"outcome":"ok"}
{"event":"deep_research_model_call","step":"queries","think":false,"attempt":1,"wall_ms":1,"load_duration":0,"prompt_eval_count":0,"prompt_eval_duration":0,"eval_count":3,"eval_duration":0,"thinking_chars":0,"thinking_detected":false,"outcome":"ok"}
{"event":"deep_research_model_call","step":"queries","think":false,"attempt":1,"wall_ms":0,"load_duration":0,"prompt_eval_count":0,"prompt_eval_duration":0,"eval_count":3,"eval_duration":0,"thinking_chars":0,"thinking_detected":false,"outcome":"ok"}
{"event":"deep_research_model_call","step":"write","think":true,"attempt":1,"wall_ms":0,"load_duration":0,"prompt_eval_count":0,"prompt_eval_duration":0,"eval_count":3,"eval_duration":0,"thinking_chars":0,"thinking_detected":false,"outcome":"ok"}
{"event":"deep_research_model_call","step":"brief","think":false,"attempt":1,"wall_ms":0,"load_duration":0,"prompt_eval_count":0,"prompt_eval_duration":0,"eval_count":3,"eval_duration":0,"thinking_chars":0,"thinking_detected":false,"outcome":"ok"}
{"event":"deep_research_model_call","step":"plan","think":true,"attempt":1,"wall_ms":0,"load_duration":0,"prompt_eval_count":0,"prompt_eval_duration":0,"eval_count":3,"eval_duration":0,"thinking_chars":0,"thinking_detected":false,"outcome":"ok"}
{"event":"deep_research_model_call","step":"queries","think":false,"attempt":1,"wall_ms":0,"load_duration":0,"prompt_eval_count":0,"prompt_eval_duration":0,"eval_count":3,"eval_duration":0,"thinking_chars":0,"thinking_detected":false,"outcome":"ok"}
{"event":"deep_research_model_call","step":"queries","think":false,"attempt":1,"wall_ms":0,"load_duration":0,"prompt_eval_count":0,"prompt_eval_duration":0,"eval_count":3,"eval_duration":0,"thinking_chars":0,"thinking_detected":false,"outcome":"ok"}
{"event":"deep_research_model_call","step":"brief","think":false,"attempt":1,"wall_ms":1,"load_duration":0,"prompt_eval_count":0,"prompt_eval_duration":0,"eval_count":3,"eval_duration":0,"thinking_chars":0,"thinking_detected":false,"outcome":"ok"}
{"event":"deep_research_model_call","step":"plan","think":true,"attempt":1,"wall_ms":0,"load_duration":0,"prompt_eval_count":0,"prompt_eval_duration":0,"eval_count":3,"eval_duration":0,"thinking_chars":0,"thinking_detected":false,"outcome":"ok"}
{"event":"deep_research_model_call","step":"queries","think":false,"attempt":1,"wall_ms":0,"load_duration":0,"prompt_eval_count":0,"prompt_eval_duration":0,"eval_count":3,"eval_duration":0,"thinking_chars":0,"thinking_detected":false,"outcome":"ok"}
{"event":"deep_research_model_call","step":"brief","think":false,"attempt":1,"wall_ms":0,"load_duration":0,"prompt_eval_count":0,"prompt_eval_duration":0,"eval_count":3,"eval_duration":0,"thinking_chars":0,"thinking_detected":false,"outcome":"ok"}
{"event":"deep_research_model_call","step":"plan","think":true,"attempt":1,"wall_ms":0,"load_duration":0,"prompt_eval_count":0,"prompt_eval_duration":0,"eval_count":3,"eval_duration":0,"thinking_chars":0,"thinking_detected":false,"outcome":"ok"}
{"event":"deep_research_model_call","step":"queries","think":false,"attempt":1,"wall_ms":0,"load_duration":0,"prompt_eval_count":0,"prompt_eval_duration":0,"eval_count":3,"eval_duration":0,"thinking_chars":0,"thinking_detected":false,"outcome":"ok"}
{"event":"deep_research_model_call","step":"pages","think":false,"attempt":1,"wall_ms":0,"load_duration":0,"prompt_eval_count":0,"prompt_eval_duration":0,"eval_count":3,"eval_duration":0,"thinking_chars":0,"thinking_detected":false,"outcome":"ok"}
{"event":"deep_research_model_call","step":"notes","think":false,"attempt":1,"wall_ms":0,"load_duration":0,"prompt_eval_count":0,"prompt_eval_duration":0,"eval_count":3,"eval_duration":0,"thinking_chars":0,"thinking_detected":false,"outcome":"ok"}
{"event":"deep_research_model_call","step":"queries","think":false,"attempt":1,"wall_ms":0,"load_duration":0,"prompt_eval_count":0,"prompt_eval_duration":0,"eval_count":3,"eval_duration":0,"thinking_chars":0,"thinking_detected":false,"outcome":"ok"}
{"event":"deep_research_model_call","step":"queries","think":false,"attempt":1,"wall_ms":0,"load_duration":0,"prompt_eval_count":0,"prompt_eval_duration":0,"eval_count":3,"eval_duration":0,"thinking_chars":0,"thinking_detected":false,"outcome":"ok"}
{"event":"deep_research_model_call","step":"queries","think":false,"attempt":1,"wall_ms":0,"load_duration":0,"prompt_eval_count":0,"prompt_eval_duration":0,"eval_count":3,"eval_duration":0,"thinking_chars":0,"thinking_detected":false,"outcome":"ok"}
{"event":"deep_research_model_call","step":"pages","think":false,"attempt":1,"wall_ms":0,"load_duration":0,"prompt_eval_count":0,"prompt_eval_duration":0,"eval_count":3,"eval_duration":0,"thinking_chars":0,"thinking_detected":false,"outcome":"ok"}
{"event":"deep_research_model_call","step":"write","think":true,"attempt":1,"wall_ms":0,"load_duration":0,"prompt_eval_count":0,"prompt_eval_duration":0,"eval_count":3,"eval_duration":0,"thinking_chars":0,"thinking_detected":false,"outcome":"ok"}
{"event":"deep_research_model_call","step":"brief","think":false,"attempt":1,"wall_ms":601,"load_duration":null,"prompt_eval_count":null,"prompt_eval_duration":null,"eval_count":null,"eval_duration":null,"thinking_chars":0,"thinking_detected":false,"outcome":"aborted"}
{"event":"deep_research_model_call","step":"write","think":true,"attempt":1,"wall_ms":1,"load_duration":0,"prompt_eval_count":0,"prompt_eval_duration":0,"eval_count":3,"eval_duration":0,"thinking_chars":0,"thinking_detected":false,"outcome":"ok"}
{"event":"deep_research_model_call","step":"brief","think":false,"attempt":1,"wall_ms":0,"load_duration":0,"prompt_eval_count":0,"prompt_eval_duration":0,"eval_count":3,"eval_duration":0,"thinking_chars":0,"thinking_detected":false,"outcome":"ok"}
{"event":"deep_research_model_call","step":"plan","think":true,"attempt":1,"wall_ms":1,"load_duration":0,"prompt_eval_count":0,"prompt_eval_duration":0,"eval_count":3,"eval_duration":0,"thinking_chars":0,"thinking_detected":false,"outcome":"ok"}
{"event":"deep_research_model_call","step":"queries","think":false,"attempt":1,"wall_ms":0,"load_duration":0,"prompt_eval_count":0,"prompt_eval_duration":0,"eval_count":3,"eval_duration":0,"thinking_chars":0,"thinking_detected":false,"outcome":"ok"}
{"event":"deep_research_model_call","step":"pages","think":false,"attempt":1,"wall_ms":0,"load_duration":0,"prompt_eval_count":0,"prompt_eval_duration":0,"eval_count":3,"eval_duration":0,"thinking_chars":0,"thinking_detected":false,"outcome":"ok"}
{"event":"deep_research_model_call","step":"notes","think":false,"attempt":1,"wall_ms":0,"load_duration":0,"prompt_eval_count":0,"prompt_eval_duration":0,"eval_count":3,"eval_duration":0,"thinking_chars":0,"thinking_detected":false,"outcome":"ok"}
{"event":"deep_research_model_call","step":"queries","think":false,"attempt":1,"wall_ms":0,"load_duration":0,"prompt_eval_count":0,"prompt_eval_duration":0,"eval_count":3,"eval_duration":0,"thinking_chars":0,"thinking_detected":false,"outcome":"ok"}
{"event":"deep_research_model_call","step":"queries","think":false,"attempt":1,"wall_ms":1,"load_duration":0,"prompt_eval_count":0,"prompt_eval_duration":0,"eval_count":3,"eval_duration":0,"thinking_chars":0,"thinking_detected":false,"outcome":"ok"}
{"event":"deep_research_model_call","step":"queries","think":false,"attempt":1,"wall_ms":0,"load_duration":0,"prompt_eval_count":0,"prompt_eval_duration":0,"eval_count":3,"eval_duration":0,"thinking_chars":0,"thinking_detected":false,"outcome":"ok"}
{"event":"deep_research_model_call","step":"pages","think":false,"attempt":1,"wall_ms":0,"load_duration":0,"prompt_eval_count":0,"prompt_eval_duration":0,"eval_count":3,"eval_duration":0,"thinking_chars":0,"thinking_detected":false,"outcome":"ok"}
{"event":"deep_research_model_call","step":"notes","think":false,"attempt":1,"wall_ms":0,"load_duration":0,"prompt_eval_count":0,"prompt_eval_duration":0,"eval_count":3,"eval_duration":0,"thinking_chars":0,"thinking_detected":false,"outcome":"ok"}
{"event":"deep_research_model_call","step":"notes","think":false,"attempt":1,"wall_ms":0,"load_duration":0,"prompt_eval_count":0,"prompt_eval_duration":0,"eval_count":3,"eval_duration":0,"thinking_chars":0,"thinking_detected":false,"outcome":"ok"}
{"event":"deep_research_model_call","step":"notes","think":false,"attempt":1,"wall_ms":0,"load_duration":0,"prompt_eval_count":0,"prompt_eval_duration":0,"eval_count":3,"eval_duration":0,"thinking_chars":0,"thinking_detected":false,"outcome":"ok"}
{"event":"deep_research_model_call","step":"write","think":true,"attempt":1,"wall_ms":800,"load_duration":null,"prompt_eval_count":null,"prompt_eval_duration":null,"eval_count":null,"eval_duration":null,"thinking_chars":0,"thinking_detected":false,"outcome":"aborted"}
{"event":"deep_research_model_call","step":"brief","think":false,"attempt":1,"wall_ms":0,"load_duration":0,"prompt_eval_count":0,"prompt_eval_duration":0,"eval_count":3,"eval_duration":0,"thinking_chars":0,"thinking_detected":false,"outcome":"ok"}
{"event":"deep_research_model_call","step":"plan","think":true,"attempt":1,"wall_ms":0,"load_duration":0,"prompt_eval_count":0,"prompt_eval_duration":0,"eval_count":3,"eval_duration":0,"thinking_chars":0,"thinking_detected":false,"outcome":"ok"}
{"event":"deep_research_model_call","step":"queries","think":false,"attempt":1,"wall_ms":0,"load_duration":0,"prompt_eval_count":0,"prompt_eval_duration":0,"eval_count":3,"eval_duration":0,"thinking_chars":0,"thinking_detected":false,"outcome":"ok"}

src/http/deepResearchPartialNotes.test.ts:
{"event":"deep_research_model_call","step":"brief","think":false,"attempt":1,"wall_ms":0,"load_duration":0,"prompt_eval_count":0,"prompt_eval_duration":0,"eval_count":3,"eval_duration":0,"thinking_chars":0,"thinking_detected":false,"outcome":"ok"}
{"event":"deep_research_model_call","step":"plan","think":true,"attempt":1,"wall_ms":0,"load_duration":0,"prompt_eval_count":0,"prompt_eval_duration":0,"eval_count":3,"eval_duration":0,"thinking_chars":0,"thinking_detected":false,"outcome":"ok"}
{"event":"deep_research_model_call","step":"queries","think":false,"attempt":1,"wall_ms":1,"load_duration":0,"prompt_eval_count":0,"prompt_eval_duration":0,"eval_count":3,"eval_duration":0,"thinking_chars":0,"thinking_detected":false,"outcome":"ok"}
{"event":"deep_research_model_call","step":"pages","think":false,"attempt":1,"wall_ms":0,"load_duration":0,"prompt_eval_count":0,"prompt_eval_duration":0,"eval_count":3,"eval_duration":0,"thinking_chars":0,"thinking_detected":false,"outcome":"ok"}
{"event":"deep_research_model_call","step":"notes","think":false,"attempt":1,"wall_ms":600,"load_duration":null,"prompt_eval_count":null,"prompt_eval_duration":null,"eval_count":null,"eval_duration":null,"thinking_chars":0,"thinking_detected":false,"outcome":"aborted"}
{"event":"deep_research_model_call","step":"write","think":true,"attempt":1,"wall_ms":0,"load_duration":0,"prompt_eval_count":0,"prompt_eval_duration":0,"eval_count":3,"eval_duration":0,"thinking_chars":0,"thinking_detected":false,"outcome":"ok"}
{"event":"deep_research_model_call","step":"brief","think":false,"attempt":1,"wall_ms":0,"load_duration":0,"prompt_eval_count":0,"prompt_eval_duration":0,"eval_count":3,"eval_duration":0,"thinking_chars":0,"thinking_detected":false,"outcome":"ok"}
{"event":"deep_research_model_call","step":"plan","think":true,"attempt":1,"wall_ms":0,"load_duration":0,"prompt_eval_count":0,"prompt_eval_duration":0,"eval_count":3,"eval_duration":0,"thinking_chars":0,"thinking_detected":false,"outcome":"ok"}
{"event":"deep_research_model_call","step":"queries","think":false,"attempt":1,"wall_ms":0,"load_duration":0,"prompt_eval_count":0,"prompt_eval_duration":0,"eval_count":3,"eval_duration":0,"thinking_chars":0,"thinking_detected":false,"outcome":"ok"}
{"event":"deep_research_model_call","step":"pages","think":false,"attempt":1,"wall_ms":0,"load_duration":0,"prompt_eval_count":0,"prompt_eval_duration":0,"eval_count":3,"eval_duration":0,"thinking_chars":0,"thinking_detected":false,"outcome":"ok"}
{"event":"deep_research_model_call","step":"notes","think":false,"attempt":1,"wall_ms":599,"load_duration":null,"prompt_eval_count":null,"prompt_eval_duration":null,"eval_count":null,"eval_duration":null,"thinking_chars":0,"thinking_detected":false,"outcome":"aborted"}
{"event":"deep_research_model_call","step":"brief","think":false,"attempt":1,"wall_ms":0,"load_duration":0,"prompt_eval_count":0,"prompt_eval_duration":0,"eval_count":3,"eval_duration":0,"thinking_chars":0,"thinking_detected":false,"outcome":"ok"}
{"event":"deep_research_model_call","step":"plan","think":true,"attempt":1,"wall_ms":0,"load_duration":0,"prompt_eval_count":0,"prompt_eval_duration":0,"eval_count":3,"eval_duration":0,"thinking_chars":0,"thinking_detected":false,"outcome":"ok"}
{"event":"deep_research_model_call","step":"queries","think":false,"attempt":1,"wall_ms":0,"load_duration":0,"prompt_eval_count":0,"prompt_eval_duration":0,"eval_count":3,"eval_duration":0,"thinking_chars":0,"thinking_detected":false,"outcome":"ok"}
{"event":"deep_research_model_call","step":"pages","think":false,"attempt":1,"wall_ms":1,"load_duration":0,"prompt_eval_count":0,"prompt_eval_duration":0,"eval_count":3,"eval_duration":0,"thinking_chars":0,"thinking_detected":false,"outcome":"ok"}
{"event":"deep_research_model_call","step":"notes","think":false,"attempt":1,"wall_ms":0,"load_duration":0,"prompt_eval_count":0,"prompt_eval_duration":0,"eval_count":3,"eval_duration":0,"thinking_chars":0,"thinking_detected":false,"outcome":"ok"}
{"event":"deep_research_model_call","step":"gap","think":false,"attempt":1,"wall_ms":0,"load_duration":0,"prompt_eval_count":0,"prompt_eval_duration":0,"eval_count":3,"eval_duration":0,"thinking_chars":0,"thinking_detected":false,"outcome":"ok"}
{"event":"deep_research_model_call","step":"brief","think":false,"attempt":1,"wall_ms":1,"load_duration":0,"prompt_eval_count":0,"prompt_eval_duration":0,"eval_count":3,"eval_duration":0,"thinking_chars":0,"thinking_detected":false,"outcome":"ok"}
{"event":"deep_research_model_call","step":"plan","think":true,"attempt":1,"wall_ms":0,"load_duration":0,"prompt_eval_count":0,"prompt_eval_duration":0,"eval_count":3,"eval_duration":0,"thinking_chars":0,"thinking_detected":false,"outcome":"ok"}
{"event":"deep_research_model_call","step":"queries","think":false,"attempt":1,"wall_ms":0,"load_duration":0,"prompt_eval_count":0,"prompt_eval_duration":0,"eval_count":3,"eval_duration":0,"thinking_chars":0,"thinking_detected":false,"outcome":"ok"}

src/generations/manager.test.ts:
{"event":"deep_research_model_call","step":"brief","think":false,"attempt":1,"wall_ms":22,"load_duration":null,"prompt_eval_count":null,"prompt_eval_duration":null,"eval_count":null,"eval_duration":null,"thinking_chars":0,"thinking_detected":false,"outcome":"aborted"}
{"event":"deep_research_model_call","step":"brief","think":false,"attempt":1,"wall_ms":22,"load_duration":null,"prompt_eval_count":null,"prompt_eval_duration":null,"eval_count":null,"eval_duration":null,"thinking_chars":0,"thinking_detected":false,"outcome":"aborted"}

src/generations/research.test.ts:
{"event":"deep_research_model_call","step":"brief","think":false,"attempt":1,"wall_ms":0,"load_duration":0,"prompt_eval_count":0,"prompt_eval_duration":0,"eval_count":5,"eval_duration":500000000,"thinking_chars":16,"thinking_detected":true,"outcome":"ok"}
{"event":"deep_research_model_call","step":"plan","think":true,"attempt":1,"wall_ms":0,"load_duration":0,"prompt_eval_count":0,"prompt_eval_duration":0,"eval_count":5,"eval_duration":500000000,"thinking_chars":16,"thinking_detected":false,"outcome":"ok"}
{"event":"deep_research_model_call","step":"queries","think":false,"attempt":1,"wall_ms":0,"load_duration":0,"prompt_eval_count":0,"prompt_eval_duration":0,"eval_count":5,"eval_duration":500000000,"thinking_chars":16,"thinking_detected":true,"outcome":"ok"}
{"event":"deep_research_model_call","step":"pages","think":false,"attempt":1,"wall_ms":0,"load_duration":0,"prompt_eval_count":0,"prompt_eval_duration":0,"eval_count":5,"eval_duration":500000000,"thinking_chars":16,"thinking_detected":true,"outcome":"ok"}
{"event":"deep_research_model_call","step":"notes","think":false,"attempt":1,"wall_ms":0,"load_duration":0,"prompt_eval_count":0,"prompt_eval_duration":0,"eval_count":5,"eval_duration":500000000,"thinking_chars":16,"thinking_detected":true,"outcome":"ok"}
{"event":"deep_research_model_call","step":"queries","think":false,"attempt":1,"wall_ms":0,"load_duration":0,"prompt_eval_count":0,"prompt_eval_duration":0,"eval_count":5,"eval_duration":500000000,"thinking_chars":16,"thinking_detected":true,"outcome":"ok"}
{"event":"deep_research_model_call","step":"pages","think":false,"attempt":1,"wall_ms":0,"load_duration":0,"prompt_eval_count":0,"prompt_eval_duration":0,"eval_count":5,"eval_duration":500000000,"thinking_chars":16,"thinking_detected":true,"outcome":"ok"}
{"event":"deep_research_model_call","step":"notes","think":false,"attempt":1,"wall_ms":0,"load_duration":0,"prompt_eval_count":0,"prompt_eval_duration":0,"eval_count":5,"eval_duration":500000000,"thinking_chars":16,"thinking_detected":true,"outcome":"ok"}
{"event":"deep_research_model_call","step":"notes","think":false,"attempt":1,"wall_ms":0,"load_duration":0,"prompt_eval_count":0,"prompt_eval_duration":0,"eval_count":5,"eval_duration":500000000,"thinking_chars":16,"thinking_detected":true,"outcome":"ok"}
{"event":"deep_research_model_call","step":"notes","think":false,"attempt":1,"wall_ms":0,"load_duration":0,"prompt_eval_count":0,"prompt_eval_duration":0,"eval_count":5,"eval_duration":500000000,"thinking_chars":17,"thinking_detected":true,"outcome":"ok"}
{"event":"deep_research_model_call","step":"gap","think":false,"attempt":1,"wall_ms":0,"load_duration":0,"prompt_eval_count":0,"prompt_eval_duration":0,"eval_count":5,"eval_duration":500000000,"thinking_chars":17,"thinking_detected":true,"outcome":"ok"}
{"event":"deep_research_model_call","step":"gap","think":false,"attempt":1,"wall_ms":0,"load_duration":0,"prompt_eval_count":0,"prompt_eval_duration":0,"eval_count":5,"eval_duration":500000000,"thinking_chars":17,"thinking_detected":true,"outcome":"ok"}
{"event":"deep_research_model_call","step":"write","think":true,"attempt":1,"wall_ms":0,"load_duration":0,"prompt_eval_count":0,"prompt_eval_duration":0,"eval_count":5,"eval_duration":500000000,"thinking_chars":17,"thinking_detected":false,"outcome":"ok"}
{"event":"deep_research_model_call","step":"brief","think":false,"attempt":1,"wall_ms":0,"load_duration":0,"prompt_eval_count":0,"prompt_eval_duration":0,"eval_count":5,"eval_duration":500000000,"thinking_chars":16,"thinking_detected":true,"outcome":"ok"}
{"event":"deep_research_model_call","step":"plan","think":true,"attempt":1,"wall_ms":0,"load_duration":0,"prompt_eval_count":0,"prompt_eval_duration":0,"eval_count":5,"eval_duration":500000000,"thinking_chars":16,"thinking_detected":false,"outcome":"ok"}
{"event":"deep_research_model_call","step":"queries","think":false,"attempt":1,"wall_ms":0,"load_duration":0,"prompt_eval_count":0,"prompt_eval_duration":0,"eval_count":5,"eval_duration":500000000,"thinking_chars":16,"thinking_detected":true,"outcome":"ok"}
{"event":"deep_research_model_call","step":"pages","think":false,"attempt":1,"wall_ms":0,"load_duration":0,"prompt_eval_count":0,"prompt_eval_duration":0,"eval_count":5,"eval_duration":500000000,"thinking_chars":16,"thinking_detected":true,"outcome":"ok"}
{"event":"deep_research_model_call","step":"notes","think":false,"attempt":1,"wall_ms":0,"load_duration":0,"prompt_eval_count":0,"prompt_eval_duration":0,"eval_count":5,"eval_duration":500000000,"thinking_chars":16,"thinking_detected":true,"outcome":"ok"}
{"event":"deep_research_model_call","step":"queries","think":false,"attempt":1,"wall_ms":0,"load_duration":0,"prompt_eval_count":0,"prompt_eval_duration":0,"eval_count":5,"eval_duration":500000000,"thinking_chars":16,"thinking_detected":true,"outcome":"ok"}
{"event":"deep_research_model_call","step":"pages","think":false,"attempt":1,"wall_ms":0,"load_duration":0,"prompt_eval_count":0,"prompt_eval_duration":0,"eval_count":5,"eval_duration":500000000,"thinking_chars":16,"thinking_detected":true,"outcome":"ok"}
{"event":"deep_research_model_call","step":"notes","think":false,"attempt":1,"wall_ms":1,"load_duration":0,"prompt_eval_count":0,"prompt_eval_duration":0,"eval_count":5,"eval_duration":500000000,"thinking_chars":16,"thinking_detected":true,"outcome":"ok"}
{"event":"deep_research_model_call","step":"notes","think":false,"attempt":1,"wall_ms":0,"load_duration":0,"prompt_eval_count":0,"prompt_eval_duration":0,"eval_count":5,"eval_duration":500000000,"thinking_chars":16,"thinking_detected":true,"outcome":"ok"}
{"event":"deep_research_model_call","step":"notes","think":false,"attempt":1,"wall_ms":0,"load_duration":0,"prompt_eval_count":0,"prompt_eval_duration":0,"eval_count":5,"eval_duration":500000000,"thinking_chars":17,"thinking_detected":true,"outcome":"ok"}
{"event":"deep_research_model_call","step":"write","think":true,"attempt":1,"wall_ms":0,"load_duration":0,"prompt_eval_count":0,"prompt_eval_duration":0,"eval_count":5,"eval_duration":500000000,"thinking_chars":17,"thinking_detected":false,"outcome":"ok"}
{"event":"deep_research_model_call","step":"brief","think":false,"attempt":1,"wall_ms":0,"load_duration":0,"prompt_eval_count":0,"prompt_eval_duration":0,"eval_count":5,"eval_duration":500000000,"thinking_chars":16,"thinking_detected":true,"outcome":"ok"}
{"event":"deep_research_model_call","step":"plan","think":true,"attempt":1,"wall_ms":0,"load_duration":0,"prompt_eval_count":0,"prompt_eval_duration":0,"eval_count":5,"eval_duration":500000000,"thinking_chars":16,"thinking_detected":false,"outcome":"ok"}
{"event":"deep_research_model_call","step":"queries","think":false,"attempt":1,"wall_ms":0,"load_duration":0,"prompt_eval_count":0,"prompt_eval_duration":0,"eval_count":5,"eval_duration":500000000,"thinking_chars":16,"thinking_detected":true,"outcome":"ok"}
{"event":"deep_research_model_call","step":"pages","think":false,"attempt":1,"wall_ms":0,"load_duration":0,"prompt_eval_count":0,"prompt_eval_duration":0,"eval_count":5,"eval_duration":500000000,"thinking_chars":16,"thinking_detected":true,"outcome":"ok"}
{"event":"deep_research_model_call","step":"notes","think":false,"attempt":1,"wall_ms":0,"load_duration":0,"prompt_eval_count":0,"prompt_eval_duration":0,"eval_count":5,"eval_duration":500000000,"thinking_chars":16,"thinking_detected":true,"outcome":"ok"}
{"event":"deep_research_model_call","step":"queries","think":false,"attempt":1,"wall_ms":0,"load_duration":0,"prompt_eval_count":0,"prompt_eval_duration":0,"eval_count":5,"eval_duration":500000000,"thinking_chars":16,"thinking_detected":true,"outcome":"ok"}
{"event":"deep_research_model_call","step":"pages","think":false,"attempt":1,"wall_ms":1,"load_duration":0,"prompt_eval_count":0,"prompt_eval_duration":0,"eval_count":5,"eval_duration":500000000,"thinking_chars":16,"thinking_detected":true,"outcome":"ok"}
{"event":"deep_research_model_call","step":"notes","think":false,"attempt":1,"wall_ms":0,"load_duration":0,"prompt_eval_count":0,"prompt_eval_duration":0,"eval_count":5,"eval_duration":500000000,"thinking_chars":16,"thinking_detected":true,"outcome":"ok"}
{"event":"deep_research_model_call","step":"notes","think":false,"attempt":1,"wall_ms":0,"load_duration":0,"prompt_eval_count":0,"prompt_eval_duration":0,"eval_count":5,"eval_duration":500000000,"thinking_chars":16,"thinking_detected":true,"outcome":"ok"}
{"event":"deep_research_model_call","step":"notes","think":false,"attempt":1,"wall_ms":0,"load_duration":0,"prompt_eval_count":0,"prompt_eval_duration":0,"eval_count":5,"eval_duration":500000000,"thinking_chars":17,"thinking_detected":true,"outcome":"ok"}
{"event":"deep_research_model_call","step":"write","think":true,"attempt":1,"wall_ms":0,"load_duration":0,"prompt_eval_count":0,"prompt_eval_duration":0,"eval_count":5,"eval_duration":500000000,"thinking_chars":17,"thinking_detected":false,"outcome":"ok"}
{"event":"deep_research_model_call","step":"brief","think":false,"attempt":1,"wall_ms":0,"load_duration":0,"prompt_eval_count":0,"prompt_eval_duration":0,"eval_count":5,"eval_duration":500000000,"thinking_chars":16,"thinking_detected":true,"outcome":"ok"}
{"event":"deep_research_model_call","step":"plan","think":true,"attempt":1,"wall_ms":0,"load_duration":0,"prompt_eval_count":0,"prompt_eval_duration":0,"eval_count":5,"eval_duration":500000000,"thinking_chars":16,"thinking_detected":false,"outcome":"ok"}
{"event":"deep_research_model_call","step":"queries","think":false,"attempt":1,"wall_ms":0,"load_duration":0,"prompt_eval_count":0,"prompt_eval_duration":0,"eval_count":5,"eval_duration":500000000,"thinking_chars":16,"thinking_detected":true,"outcome":"ok"}
{"event":"deep_research_model_call","step":"queries","think":false,"attempt":1,"wall_ms":0,"load_duration":0,"prompt_eval_count":0,"prompt_eval_duration":0,"eval_count":5,"eval_duration":500000000,"thinking_chars":16,"thinking_detected":true,"outcome":"ok"}
{"event":"deep_research_model_call","step":"pages","think":false,"attempt":1,"wall_ms":0,"load_duration":0,"prompt_eval_count":0,"prompt_eval_duration":0,"eval_count":5,"eval_duration":500000000,"thinking_chars":16,"thinking_detected":true,"outcome":"ok"}
{"event":"deep_research_model_call","step":"notes","think":false,"attempt":1,"wall_ms":0,"load_duration":0,"prompt_eval_count":0,"prompt_eval_duration":0,"eval_count":5,"eval_duration":500000000,"thinking_chars":16,"thinking_detected":true,"outcome":"ok"}
{"event":"deep_research_model_call","step":"notes","think":false,"attempt":1,"wall_ms":0,"load_duration":0,"prompt_eval_count":0,"prompt_eval_duration":0,"eval_count":5,"eval_duration":500000000,"thinking_chars":16,"thinking_detected":true,"outcome":"ok"}
{"event":"deep_research_model_call","step":"write","think":true,"attempt":1,"wall_ms":0,"load_duration":0,"prompt_eval_count":0,"prompt_eval_duration":0,"eval_count":5,"eval_duration":500000000,"thinking_chars":16,"thinking_detected":false,"outcome":"ok"}
{"event":"deep_research_model_call","step":"brief","think":false,"attempt":1,"wall_ms":0,"load_duration":0,"prompt_eval_count":0,"prompt_eval_duration":0,"eval_count":5,"eval_duration":500000000,"thinking_chars":16,"thinking_detected":true,"outcome":"ok"}
{"event":"deep_research_model_call","step":"plan","think":true,"attempt":1,"wall_ms":0,"load_duration":0,"prompt_eval_count":0,"prompt_eval_duration":0,"eval_count":5,"eval_duration":500000000,"thinking_chars":16,"thinking_detected":false,"outcome":"ok"}
{"event":"deep_research_model_call","step":"queries","think":false,"attempt":1,"wall_ms":0,"load_duration":0,"prompt_eval_count":0,"prompt_eval_duration":0,"eval_count":5,"eval_duration":500000000,"thinking_chars":16,"thinking_detected":true,"outcome":"ok"}
{"event":"deep_research_model_call","step":"queries","think":false,"attempt":1,"wall_ms":0,"load_duration":0,"prompt_eval_count":0,"prompt_eval_duration":0,"eval_count":5,"eval_duration":500000000,"thinking_chars":16,"thinking_detected":true,"outcome":"ok"}
{"event":"deep_research_model_call","step":"pages","think":false,"attempt":1,"wall_ms":0,"load_duration":0,"prompt_eval_count":0,"prompt_eval_duration":0,"eval_count":5,"eval_duration":500000000,"thinking_chars":16,"thinking_detected":true,"outcome":"ok"}
{"event":"deep_research_model_call","step":"notes","think":false,"attempt":1,"wall_ms":0,"load_duration":0,"prompt_eval_count":0,"prompt_eval_duration":0,"eval_count":5,"eval_duration":500000000,"thinking_chars":16,"thinking_detected":true,"outcome":"ok"}
{"event":"deep_research_model_call","step":"gap","think":false,"attempt":1,"wall_ms":0,"load_duration":0,"prompt_eval_count":0,"prompt_eval_duration":0,"eval_count":5,"eval_duration":500000000,"thinking_chars":16,"thinking_detected":true,"outcome":"ok"}
{"event":"deep_research_model_call","step":"pages","think":false,"attempt":1,"wall_ms":0,"load_duration":0,"prompt_eval_count":0,"prompt_eval_duration":0,"eval_count":5,"eval_duration":500000000,"thinking_chars":16,"thinking_detected":true,"outcome":"ok"}
{"event":"deep_research_model_call","step":"gap","think":false,"attempt":1,"wall_ms":0,"load_duration":0,"prompt_eval_count":0,"prompt_eval_duration":0,"eval_count":5,"eval_duration":500000000,"thinking_chars":16,"thinking_detected":true,"outcome":"ok"}
{"event":"deep_research_model_call","step":"pages","think":false,"attempt":1,"wall_ms":0,"load_duration":0,"prompt_eval_count":0,"prompt_eval_duration":0,"eval_count":5,"eval_duration":500000000,"thinking_chars":17,"thinking_detected":true,"outcome":"ok"}
{"event":"deep_research_model_call","step":"write","think":true,"attempt":1,"wall_ms":0,"load_duration":0,"prompt_eval_count":0,"prompt_eval_duration":0,"eval_count":5,"eval_duration":500000000,"thinking_chars":17,"thinking_detected":false,"outcome":"ok"}
{"event":"deep_research_model_call","step":"brief","think":false,"attempt":1,"wall_ms":0,"load_duration":0,"prompt_eval_count":0,"prompt_eval_duration":0,"eval_count":5,"eval_duration":500000000,"thinking_chars":16,"thinking_detected":true,"outcome":"ok"}
{"event":"deep_research_model_call","step":"plan","think":true,"attempt":1,"wall_ms":0,"load_duration":0,"prompt_eval_count":0,"prompt_eval_duration":0,"eval_count":5,"eval_duration":500000000,"thinking_chars":16,"thinking_detected":false,"outcome":"ok"}
{"event":"deep_research_model_call","step":"queries","think":false,"attempt":1,"wall_ms":1,"load_duration":0,"prompt_eval_count":0,"prompt_eval_duration":0,"eval_count":5,"eval_duration":500000000,"thinking_chars":16,"thinking_detected":true,"outcome":"ok"}
{"event":"deep_research_model_call","step":"queries","think":false,"attempt":1,"wall_ms":0,"load_duration":0,"prompt_eval_count":0,"prompt_eval_duration":0,"eval_count":5,"eval_duration":500000000,"thinking_chars":16,"thinking_detected":true,"outcome":"ok"}
{"event":"deep_research_model_call","step":"queries","think":false,"attempt":1,"wall_ms":0,"load_duration":0,"prompt_eval_count":0,"prompt_eval_duration":0,"eval_count":5,"eval_duration":500000000,"thinking_chars":16,"thinking_detected":true,"outcome":"ok"}
{"event":"deep_research_model_call","step":"queries","think":false,"attempt":1,"wall_ms":0,"load_duration":0,"prompt_eval_count":0,"prompt_eval_duration":0,"eval_count":5,"eval_duration":500000000,"thinking_chars":16,"thinking_detected":true,"outcome":"ok"}
{"event":"deep_research_model_call","step":"pages","think":false,"attempt":1,"wall_ms":0,"load_duration":0,"prompt_eval_count":0,"prompt_eval_duration":0,"eval_count":5,"eval_duration":500000000,"thinking_chars":16,"thinking_detected":true,"outcome":"ok"}
{"event":"deep_research_model_call","step":"notes","think":false,"attempt":1,"wall_ms":0,"load_duration":0,"prompt_eval_count":0,"prompt_eval_duration":0,"eval_count":5,"eval_duration":500000000,"thinking_chars":16,"thinking_detected":true,"outcome":"ok"}
{"event":"deep_research_model_call","step":"notes","think":false,"attempt":1,"wall_ms":0,"load_duration":0,"prompt_eval_count":0,"prompt_eval_duration":0,"eval_count":5,"eval_duration":500000000,"thinking_chars":16,"thinking_detected":true,"outcome":"ok"}
{"event":"deep_research_model_call","step":"write","think":true,"attempt":1,"wall_ms":0,"load_duration":0,"prompt_eval_count":0,"prompt_eval_duration":0,"eval_count":5,"eval_duration":500000000,"thinking_chars":17,"thinking_detected":false,"outcome":"ok"}
{"event":"deep_research_model_call","step":"brief","think":false,"attempt":1,"wall_ms":0,"load_duration":0,"prompt_eval_count":0,"prompt_eval_duration":0,"eval_count":5,"eval_duration":500000000,"thinking_chars":16,"thinking_detected":true,"outcome":"invalid"}
{"event":"deep_research_model_call","step":"brief","think":false,"attempt":2,"wall_ms":0,"load_duration":0,"prompt_eval_count":0,"prompt_eval_duration":0,"eval_count":5,"eval_duration":500000000,"thinking_chars":16,"thinking_detected":true,"outcome":"ok"}
{"event":"deep_research_model_call","step":"plan","think":true,"attempt":1,"wall_ms":0,"load_duration":0,"prompt_eval_count":0,"prompt_eval_duration":0,"eval_count":5,"eval_duration":500000000,"thinking_chars":16,"thinking_detected":false,"outcome":"invalid"}
{"event":"deep_research_model_call","step":"plan","think":true,"attempt":2,"wall_ms":1,"load_duration":0,"prompt_eval_count":0,"prompt_eval_duration":0,"eval_count":5,"eval_duration":500000000,"thinking_chars":16,"thinking_detected":false,"outcome":"invalid"}
{"event":"deep_research_model_call","step":"plan","think":true,"attempt":3,"wall_ms":0,"load_duration":0,"prompt_eval_count":0,"prompt_eval_duration":0,"eval_count":5,"eval_duration":500000000,"thinking_chars":16,"thinking_detected":false,"outcome":"invalid"}
{"event":"deep_research_model_call","step":"queries","think":false,"attempt":1,"wall_ms":0,"load_duration":0,"prompt_eval_count":0,"prompt_eval_duration":0,"eval_count":5,"eval_duration":500000000,"thinking_chars":16,"thinking_detected":true,"outcome":"ok"}
{"event":"deep_research_model_call","step":"pages","think":false,"attempt":1,"wall_ms":0,"load_duration":0,"prompt_eval_count":0,"prompt_eval_duration":0,"eval_count":5,"eval_duration":500000000,"thinking_chars":16,"thinking_detected":true,"outcome":"ok"}
{"event":"deep_research_model_call","step":"notes","think":false,"attempt":1,"wall_ms":0,"load_duration":0,"prompt_eval_count":0,"prompt_eval_duration":0,"eval_count":5,"eval_duration":500000000,"thinking_chars":16,"thinking_detected":true,"outcome":"ok"}
{"event":"deep_research_model_call","step":"notes","think":false,"attempt":1,"wall_ms":0,"load_duration":0,"prompt_eval_count":0,"prompt_eval_duration":0,"eval_count":5,"eval_duration":500000000,"thinking_chars":16,"thinking_detected":true,"outcome":"ok"}
{"event":"deep_research_model_call","step":"write","think":true,"attempt":1,"wall_ms":0,"load_duration":0,"prompt_eval_count":0,"prompt_eval_duration":0,"eval_count":5,"eval_duration":500000000,"thinking_chars":17,"thinking_detected":false,"outcome":"invalid"}
{"event":"deep_research_model_call","step":"write","think":true,"attempt":2,"wall_ms":0,"load_duration":0,"prompt_eval_count":0,"prompt_eval_duration":0,"eval_count":5,"eval_duration":500000000,"thinking_chars":17,"thinking_detected":false,"outcome":"invalid"}
{"event":"deep_research_model_call","step":"write","think":true,"attempt":3,"wall_ms":0,"load_duration":0,"prompt_eval_count":0,"prompt_eval_duration":0,"eval_count":5,"eval_duration":500000000,"thinking_chars":17,"thinking_detected":false,"outcome":"invalid"}
{"event":"deep_research_model_call","step":"brief","think":false,"attempt":1,"wall_ms":0,"load_duration":null,"prompt_eval_count":null,"prompt_eval_duration":null,"eval_count":null,"eval_duration":null,"thinking_chars":0,"thinking_detected":false,"outcome":"error"}
{"event":"deep_research_model_call","step":"plan","think":true,"attempt":1,"wall_ms":0,"load_duration":null,"prompt_eval_count":null,"prompt_eval_duration":null,"eval_count":null,"eval_duration":null,"thinking_chars":0,"thinking_detected":false,"outcome":"error"}
{"event":"deep_research_model_call","step":"queries","think":false,"attempt":1,"wall_ms":0,"load_duration":null,"prompt_eval_count":null,"prompt_eval_duration":null,"eval_count":null,"eval_duration":null,"thinking_chars":0,"thinking_detected":false,"outcome":"error"}
{"event":"deep_research_model_call","step":"pages","think":false,"attempt":1,"wall_ms":0,"load_duration":null,"prompt_eval_count":null,"prompt_eval_duration":null,"eval_count":null,"eval_duration":null,"thinking_chars":0,"thinking_detected":false,"outcome":"error"}
{"event":"deep_research_model_call","step":"notes","think":false,"attempt":1,"wall_ms":1,"load_duration":null,"prompt_eval_count":null,"prompt_eval_duration":null,"eval_count":null,"eval_duration":null,"thinking_chars":0,"thinking_detected":false,"outcome":"error"}
{"event":"deep_research_model_call","step":"notes","think":false,"attempt":1,"wall_ms":0,"load_duration":null,"prompt_eval_count":null,"prompt_eval_duration":null,"eval_count":null,"eval_duration":null,"thinking_chars":0,"thinking_detected":false,"outcome":"error"}
{"event":"deep_research_model_call","step":"brief","think":false,"attempt":1,"wall_ms":0,"load_duration":null,"prompt_eval_count":null,"prompt_eval_duration":null,"eval_count":null,"eval_duration":null,"thinking_chars":0,"thinking_detected":false,"outcome":"error"}
{"event":"deep_research_model_call","step":"plan","think":true,"attempt":1,"wall_ms":0,"load_duration":null,"prompt_eval_count":null,"prompt_eval_duration":null,"eval_count":null,"eval_duration":null,"thinking_chars":0,"thinking_detected":false,"outcome":"error"}
{"event":"deep_research_model_call","step":"queries","think":false,"attempt":1,"wall_ms":0,"load_duration":null,"prompt_eval_count":null,"prompt_eval_duration":null,"eval_count":null,"eval_duration":null,"thinking_chars":0,"thinking_detected":false,"outcome":"error"}
{"event":"deep_research_model_call","step":"queries","think":false,"attempt":1,"wall_ms":0,"load_duration":null,"prompt_eval_count":null,"prompt_eval_duration":null,"eval_count":null,"eval_duration":null,"thinking_chars":0,"thinking_detected":false,"outcome":"error"}
{"event":"deep_research_model_call","step":"queries","think":false,"attempt":1,"wall_ms":0,"load_duration":null,"prompt_eval_count":null,"prompt_eval_duration":null,"eval_count":null,"eval_duration":null,"thinking_chars":0,"thinking_detected":false,"outcome":"error"}
{"event":"deep_research_model_call","step":"pages","think":false,"attempt":1,"wall_ms":0,"load_duration":null,"prompt_eval_count":null,"prompt_eval_duration":null,"eval_count":null,"eval_duration":null,"thinking_chars":0,"thinking_detected":false,"outcome":"error"}
{"event":"deep_research_model_call","step":"notes","think":false,"attempt":1,"wall_ms":0,"load_duration":null,"prompt_eval_count":null,"prompt_eval_duration":null,"eval_count":null,"eval_duration":null,"thinking_chars":0,"thinking_detected":false,"outcome":"error"}
{"event":"deep_research_model_call","step":"notes","think":false,"attempt":1,"wall_ms":0,"load_duration":null,"prompt_eval_count":null,"prompt_eval_duration":null,"eval_count":null,"eval_duration":null,"thinking_chars":0,"thinking_detected":false,"outcome":"error"}
{"event":"deep_research_model_call","step":"brief","think":false,"attempt":1,"wall_ms":0,"load_duration":0,"prompt_eval_count":0,"prompt_eval_duration":0,"eval_count":5,"eval_duration":500000000,"thinking_chars":16,"thinking_detected":true,"outcome":"ok"}
{"event":"deep_research_model_call","step":"plan","think":true,"attempt":1,"wall_ms":0,"load_duration":0,"prompt_eval_count":0,"prompt_eval_duration":0,"eval_count":5,"eval_duration":500000000,"thinking_chars":16,"thinking_detected":false,"outcome":"ok"}
{"event":"deep_research_model_call","step":"queries","think":false,"attempt":1,"wall_ms":0,"load_duration":0,"prompt_eval_count":0,"prompt_eval_duration":0,"eval_count":5,"eval_duration":500000000,"thinking_chars":16,"thinking_detected":true,"outcome":"ok"}
{"event":"deep_research_model_call","step":"pages","think":false,"attempt":1,"wall_ms":0,"load_duration":0,"prompt_eval_count":0,"prompt_eval_duration":0,"eval_count":5,"eval_duration":500000000,"thinking_chars":16,"thinking_detected":true,"outcome":"ok"}
{"event":"deep_research_model_call","step":"notes","think":false,"attempt":1,"wall_ms":0,"load_duration":0,"prompt_eval_count":0,"prompt_eval_duration":0,"eval_count":5,"eval_duration":500000000,"thinking_chars":16,"thinking_detected":true,"outcome":"ok"}
{"event":"deep_research_model_call","step":"queries","think":false,"attempt":1,"wall_ms":0,"load_duration":0,"prompt_eval_count":0,"prompt_eval_duration":0,"eval_count":5,"eval_duration":500000000,"thinking_chars":16,"thinking_detected":true,"outcome":"ok"}
{"event":"deep_research_model_call","step":"queries","think":false,"attempt":1,"wall_ms":0,"load_duration":0,"prompt_eval_count":0,"prompt_eval_duration":0,"eval_count":5,"eval_duration":500000000,"thinking_chars":16,"thinking_detected":true,"outcome":"ok"}
{"event":"deep_research_model_call","step":"queries","think":false,"attempt":1,"wall_ms":0,"load_duration":0,"prompt_eval_count":0,"prompt_eval_duration":0,"eval_count":5,"eval_duration":500000000,"thinking_chars":16,"thinking_detected":true,"outcome":"ok"}
{"event":"deep_research_model_call","step":"pages","think":false,"attempt":1,"wall_ms":0,"load_duration":0,"prompt_eval_count":0,"prompt_eval_duration":0,"eval_count":5,"eval_duration":500000000,"thinking_chars":16,"thinking_detected":true,"outcome":"ok"}
{"event":"deep_research_model_call","step":"notes","think":false,"attempt":1,"wall_ms":0,"load_duration":0,"prompt_eval_count":0,"prompt_eval_duration":0,"eval_count":5,"eval_duration":500000000,"thinking_chars":17,"thinking_detected":true,"outcome":"ok"}
{"event":"deep_research_model_call","step":"notes","think":false,"attempt":1,"wall_ms":0,"load_duration":0,"prompt_eval_count":0,"prompt_eval_duration":0,"eval_count":5,"eval_duration":500000000,"thinking_chars":17,"thinking_detected":true,"outcome":"ok"}
{"event":"deep_research_model_call","step":"notes","think":false,"attempt":1,"wall_ms":0,"load_duration":0,"prompt_eval_count":0,"prompt_eval_duration":0,"eval_count":5,"eval_duration":500000000,"thinking_chars":17,"thinking_detected":true,"outcome":"ok"}
{"event":"deep_research_model_call","step":"write","think":true,"attempt":1,"wall_ms":0,"load_duration":0,"prompt_eval_count":0,"prompt_eval_duration":0,"eval_count":5,"eval_duration":500000000,"thinking_chars":17,"thinking_detected":false,"outcome":"ok"}
{"event":"deep_research_model_call","step":"brief","think":false,"attempt":1,"wall_ms":0,"load_duration":0,"prompt_eval_count":0,"prompt_eval_duration":0,"eval_count":5,"eval_duration":500000000,"thinking_chars":16,"thinking_detected":true,"outcome":"ok"}
{"event":"deep_research_model_call","step":"plan","think":true,"attempt":1,"wall_ms":0,"load_duration":0,"prompt_eval_count":0,"prompt_eval_duration":0,"eval_count":5,"eval_duration":500000000,"thinking_chars":16,"thinking_detected":false,"outcome":"ok"}
{"event":"deep_research_model_call","step":"queries","think":false,"attempt":1,"wall_ms":0,"load_duration":0,"prompt_eval_count":0,"prompt_eval_duration":0,"eval_count":5,"eval_duration":500000000,"thinking_chars":16,"thinking_detected":true,"outcome":"ok"}
{"event":"deep_research_model_call","step":"pages","think":false,"attempt":1,"wall_ms":0,"load_duration":0,"prompt_eval_count":0,"prompt_eval_duration":0,"eval_count":5,"eval_duration":500000000,"thinking_chars":16,"thinking_detected":true,"outcome":"ok"}
{"event":"deep_research_model_call","step":"notes","think":false,"attempt":1,"wall_ms":0,"load_duration":0,"prompt_eval_count":0,"prompt_eval_duration":0,"eval_count":5,"eval_duration":500000000,"thinking_chars":16,"thinking_detected":true,"outcome":"ok"}
{"event":"deep_research_model_call","step":"gap","think":false,"attempt":1,"wall_ms":0,"load_duration":0,"prompt_eval_count":0,"prompt_eval_duration":0,"eval_count":5,"eval_duration":500000000,"thinking_chars":16,"thinking_detected":true,"outcome":"ok"}
{"event":"deep_research_model_call","step":"pages","think":false,"attempt":1,"wall_ms":0,"load_duration":0,"prompt_eval_count":0,"prompt_eval_duration":0,"eval_count":5,"eval_duration":500000000,"thinking_chars":16,"thinking_detected":true,"outcome":"ok"}
{"event":"deep_research_model_call","step":"notes","think":false,"attempt":1,"wall_ms":0,"load_duration":0,"prompt_eval_count":0,"prompt_eval_duration":0,"eval_count":5,"eval_duration":500000000,"thinking_chars":16,"thinking_detected":true,"outcome":"ok"}
{"event":"deep_research_model_call","step":"write","think":true,"attempt":1,"wall_ms":0,"load_duration":0,"prompt_eval_count":0,"prompt_eval_duration":0,"eval_count":5,"eval_duration":500000000,"thinking_chars":16,"thinking_detected":false,"outcome":"ok"}
{"event":"deep_research_model_call","step":"brief","think":false,"attempt":1,"wall_ms":0,"load_duration":0,"prompt_eval_count":0,"prompt_eval_duration":0,"eval_count":5,"eval_duration":500000000,"thinking_chars":16,"thinking_detected":true,"outcome":"ok"}
{"event":"deep_research_model_call","step":"plan","think":true,"attempt":1,"wall_ms":0,"load_duration":0,"prompt_eval_count":0,"prompt_eval_duration":0,"eval_count":5,"eval_duration":500000000,"thinking_chars":16,"thinking_detected":false,"outcome":"ok"}
{"event":"deep_research_model_call","step":"queries","think":false,"attempt":1,"wall_ms":0,"load_duration":0,"prompt_eval_count":0,"prompt_eval_duration":0,"eval_count":5,"eval_duration":500000000,"thinking_chars":16,"thinking_detected":true,"outcome":"ok"}
{"event":"deep_research_model_call","step":"pages","think":false,"attempt":1,"wall_ms":0,"load_duration":0,"prompt_eval_count":0,"prompt_eval_duration":0,"eval_count":5,"eval_duration":500000000,"thinking_chars":16,"thinking_detected":true,"outcome":"ok"}
{"event":"deep_research_model_call","step":"notes","think":false,"attempt":1,"wall_ms":0,"load_duration":0,"prompt_eval_count":0,"prompt_eval_duration":0,"eval_count":5,"eval_duration":500000000,"thinking_chars":16,"thinking_detected":true,"outcome":"ok"}
{"event":"deep_research_model_call","step":"notes","think":false,"attempt":1,"wall_ms":0,"load_duration":0,"prompt_eval_count":0,"prompt_eval_duration":0,"eval_count":5,"eval_duration":500000000,"thinking_chars":16,"thinking_detected":true,"outcome":"ok"}
{"event":"deep_research_model_call","step":"write","think":true,"attempt":1,"wall_ms":0,"load_duration":0,"prompt_eval_count":0,"prompt_eval_duration":0,"eval_count":5,"eval_duration":500000000,"thinking_chars":16,"thinking_detected":false,"outcome":"ok"}
{"event":"deep_research_model_call","step":"brief","think":false,"attempt":1,"wall_ms":0,"load_duration":0,"prompt_eval_count":0,"prompt_eval_duration":0,"eval_count":5,"eval_duration":500000000,"thinking_chars":16,"thinking_detected":true,"outcome":"ok"}
{"event":"deep_research_model_call","step":"plan","think":true,"attempt":1,"wall_ms":0,"load_duration":0,"prompt_eval_count":0,"prompt_eval_duration":0,"eval_count":5,"eval_duration":500000000,"thinking_chars":16,"thinking_detected":false,"outcome":"ok"}
{"event":"deep_research_model_call","step":"queries","think":false,"attempt":1,"wall_ms":0,"load_duration":0,"prompt_eval_count":0,"prompt_eval_duration":0,"eval_count":5,"eval_duration":500000000,"thinking_chars":16,"thinking_detected":true,"outcome":"ok"}
{"event":"deep_research_model_call","step":"pages","think":false,"attempt":1,"wall_ms":0,"load_duration":0,"prompt_eval_count":0,"prompt_eval_duration":0,"eval_count":5,"eval_duration":500000000,"thinking_chars":16,"thinking_detected":true,"outcome":"ok"}
{"event":"deep_research_model_call","step":"notes","think":false,"attempt":1,"wall_ms":0,"load_duration":0,"prompt_eval_count":0,"prompt_eval_duration":0,"eval_count":5,"eval_duration":500000000,"thinking_chars":16,"thinking_detected":true,"outcome":"ok"}
{"event":"deep_research_model_call","step":"queries","think":false,"attempt":1,"wall_ms":1,"load_duration":0,"prompt_eval_count":0,"prompt_eval_duration":0,"eval_count":5,"eval_duration":500000000,"thinking_chars":16,"thinking_detected":true,"outcome":"ok"}
{"event":"deep_research_model_call","step":"pages","think":false,"attempt":1,"wall_ms":0,"load_duration":0,"prompt_eval_count":0,"prompt_eval_duration":0,"eval_count":5,"eval_duration":500000000,"thinking_chars":16,"thinking_detected":true,"outcome":"ok"}
{"event":"deep_research_model_call","step":"notes","think":false,"attempt":1,"wall_ms":0,"load_duration":0,"prompt_eval_count":0,"prompt_eval_duration":0,"eval_count":5,"eval_duration":500000000,"thinking_chars":16,"thinking_detected":true,"outcome":"ok"}
{"event":"deep_research_model_call","step":"notes","think":false,"attempt":1,"wall_ms":0,"load_duration":0,"prompt_eval_count":0,"prompt_eval_duration":0,"eval_count":5,"eval_duration":500000000,"thinking_chars":16,"thinking_detected":true,"outcome":"ok"}
{"event":"deep_research_model_call","step":"notes","think":false,"attempt":1,"wall_ms":0,"load_duration":0,"prompt_eval_count":0,"prompt_eval_duration":0,"eval_count":5,"eval_duration":500000000,"thinking_chars":17,"thinking_detected":true,"outcome":"ok"}
{"event":"deep_research_model_call","step":"write","think":true,"attempt":1,"wall_ms":0,"load_duration":0,"prompt_eval_count":0,"prompt_eval_duration":0,"eval_count":5,"eval_duration":500000000,"thinking_chars":17,"thinking_detected":false,"outcome":"ok"}
{"event":"deep_research_model_call","step":"brief","think":false,"attempt":1,"wall_ms":0,"load_duration":0,"prompt_eval_count":0,"prompt_eval_duration":0,"eval_count":5,"eval_duration":500000000,"thinking_chars":16,"thinking_detected":true,"outcome":"ok"}
{"event":"deep_research_model_call","step":"plan","think":true,"attempt":1,"wall_ms":0,"load_duration":0,"prompt_eval_count":0,"prompt_eval_duration":0,"eval_count":5,"eval_duration":500000000,"thinking_chars":16,"thinking_detected":false,"outcome":"ok"}
{"event":"deep_research_model_call","step":"queries","think":false,"attempt":1,"wall_ms":0,"load_duration":0,"prompt_eval_count":0,"prompt_eval_duration":0,"eval_count":5,"eval_duration":500000000,"thinking_chars":16,"thinking_detected":true,"outcome":"ok"}
{"event":"deep_research_model_call","step":"brief","think":false,"attempt":1,"wall_ms":0,"load_duration":0,"prompt_eval_count":0,"prompt_eval_duration":0,"eval_count":5,"eval_duration":500000000,"thinking_chars":16,"thinking_detected":true,"outcome":"ok"}
{"event":"deep_research_model_call","step":"plan","think":true,"attempt":1,"wall_ms":0,"load_duration":0,"prompt_eval_count":0,"prompt_eval_duration":0,"eval_count":5,"eval_duration":500000000,"thinking_chars":16,"thinking_detected":false,"outcome":"ok"}
{"event":"deep_research_model_call","step":"queries","think":false,"attempt":1,"wall_ms":0,"load_duration":0,"prompt_eval_count":0,"prompt_eval_duration":0,"eval_count":5,"eval_duration":500000000,"thinking_chars":16,"thinking_detected":true,"outcome":"ok"}
{"event":"deep_research_model_call","step":"pages","think":false,"attempt":1,"wall_ms":0,"load_duration":0,"prompt_eval_count":0,"prompt_eval_duration":0,"eval_count":5,"eval_duration":500000000,"thinking_chars":16,"thinking_detected":true,"outcome":"ok"}
{"event":"deep_research_model_call","step":"notes","think":false,"attempt":1,"wall_ms":1,"load_duration":0,"prompt_eval_count":0,"prompt_eval_duration":0,"eval_count":5,"eval_duration":500000000,"thinking_chars":16,"thinking_detected":true,"outcome":"ok"}
{"event":"deep_research_model_call","step":"queries","think":false,"attempt":1,"wall_ms":0,"load_duration":0,"prompt_eval_count":0,"prompt_eval_duration":0,"eval_count":5,"eval_duration":500000000,"thinking_chars":16,"thinking_detected":true,"outcome":"ok"}
{"event":"deep_research_model_call","step":"pages","think":false,"attempt":1,"wall_ms":0,"load_duration":0,"prompt_eval_count":0,"prompt_eval_duration":0,"eval_count":5,"eval_duration":500000000,"thinking_chars":16,"thinking_detected":true,"outcome":"ok"}
{"event":"deep_research_model_call","step":"notes","think":false,"attempt":1,"wall_ms":0,"load_duration":0,"prompt_eval_count":0,"prompt_eval_duration":0,"eval_count":5,"eval_duration":500000000,"thinking_chars":16,"thinking_detected":true,"outcome":"ok"}
{"event":"deep_research_model_call","step":"notes","think":false,"attempt":1,"wall_ms":0,"load_duration":0,"prompt_eval_count":0,"prompt_eval_duration":0,"eval_count":5,"eval_duration":500000000,"thinking_chars":16,"thinking_detected":true,"outcome":"ok"}
{"event":"deep_research_model_call","step":"write","think":true,"attempt":1,"wall_ms":0,"load_duration":0,"prompt_eval_count":0,"prompt_eval_duration":0,"eval_count":5,"eval_duration":500000000,"thinking_chars":17,"thinking_detected":false,"outcome":"ok"}
{"event":"deep_research_model_call","step":"brief","think":false,"attempt":1,"wall_ms":0,"load_duration":0,"prompt_eval_count":0,"prompt_eval_duration":0,"eval_count":5,"eval_duration":500000000,"thinking_chars":16,"thinking_detected":true,"outcome":"ok"}
{"event":"deep_research_model_call","step":"plan","think":true,"attempt":1,"wall_ms":0,"load_duration":0,"prompt_eval_count":0,"prompt_eval_duration":0,"eval_count":5,"eval_duration":500000000,"thinking_chars":16,"thinking_detected":false,"outcome":"ok"}
{"event":"deep_research_model_call","step":"queries","think":false,"attempt":1,"wall_ms":0,"load_duration":0,"prompt_eval_count":0,"prompt_eval_duration":0,"eval_count":5,"eval_duration":500000000,"thinking_chars":16,"thinking_detected":true,"outcome":"ok"}
{"event":"deep_research_model_call","step":"pages","think":false,"attempt":1,"wall_ms":0,"load_duration":0,"prompt_eval_count":0,"prompt_eval_duration":0,"eval_count":5,"eval_duration":500000000,"thinking_chars":16,"thinking_detected":true,"outcome":"ok"}
{"event":"deep_research_model_call","step":"notes","think":false,"attempt":1,"wall_ms":0,"load_duration":0,"prompt_eval_count":0,"prompt_eval_duration":0,"eval_count":5,"eval_duration":500000000,"thinking_chars":16,"thinking_detected":true,"outcome":"ok"}
{"event":"deep_research_model_call","step":"queries","think":false,"attempt":1,"wall_ms":0,"load_duration":0,"prompt_eval_count":0,"prompt_eval_duration":0,"eval_count":5,"eval_duration":500000000,"thinking_chars":16,"thinking_detected":true,"outcome":"ok"}
{"event":"deep_research_model_call","step":"pages","think":false,"attempt":1,"wall_ms":0,"load_duration":0,"prompt_eval_count":0,"prompt_eval_duration":0,"eval_count":5,"eval_duration":500000000,"thinking_chars":16,"thinking_detected":true,"outcome":"ok"}
{"event":"deep_research_model_call","step":"notes","think":false,"attempt":1,"wall_ms":0,"load_duration":0,"prompt_eval_count":0,"prompt_eval_duration":0,"eval_count":5,"eval_duration":500000000,"thinking_chars":16,"thinking_detected":true,"outcome":"ok"}
{"event":"deep_research_model_call","step":"write","think":true,"attempt":1,"wall_ms":0,"load_duration":0,"prompt_eval_count":0,"prompt_eval_duration":0,"eval_count":5,"eval_duration":500000000,"thinking_chars":16,"thinking_detected":false,"outcome":"ok"}
{"event":"deep_research_model_call","step":"brief","think":false,"attempt":1,"wall_ms":0,"load_duration":0,"prompt_eval_count":0,"prompt_eval_duration":0,"eval_count":5,"eval_duration":500000000,"thinking_chars":16,"thinking_detected":true,"outcome":"ok"}
{"event":"deep_research_model_call","step":"plan","think":true,"attempt":1,"wall_ms":0,"load_duration":0,"prompt_eval_count":0,"prompt_eval_duration":0,"eval_count":5,"eval_duration":500000000,"thinking_chars":16,"thinking_detected":false,"outcome":"ok"}
{"event":"deep_research_model_call","step":"queries","think":false,"attempt":1,"wall_ms":0,"load_duration":0,"prompt_eval_count":0,"prompt_eval_duration":0,"eval_count":5,"eval_duration":500000000,"thinking_chars":16,"thinking_detected":true,"outcome":"ok"}
{"event":"deep_research_model_call","step":"pages","think":false,"attempt":1,"wall_ms":0,"load_duration":0,"prompt_eval_count":0,"prompt_eval_duration":0,"eval_count":5,"eval_duration":500000000,"thinking_chars":16,"thinking_detected":true,"outcome":"ok"}
{"event":"deep_research_model_call","step":"notes","think":false,"attempt":1,"wall_ms":0,"load_duration":0,"prompt_eval_count":0,"prompt_eval_duration":0,"eval_count":5,"eval_duration":500000000,"thinking_chars":16,"thinking_detected":true,"outcome":"ok"}
{"event":"deep_research_model_call","step":"notes","think":false,"attempt":1,"wall_ms":0,"load_duration":0,"prompt_eval_count":0,"prompt_eval_duration":0,"eval_count":5,"eval_duration":500000000,"thinking_chars":16,"thinking_detected":true,"outcome":"ok"}
{"event":"deep_research_model_call","step":"write","think":true,"attempt":1,"wall_ms":0,"load_duration":0,"prompt_eval_count":0,"prompt_eval_duration":0,"eval_count":5,"eval_duration":500000000,"thinking_chars":16,"thinking_detected":false,"outcome":"ok"}
{"event":"deep_research_model_call","step":"brief","think":false,"attempt":1,"wall_ms":0,"load_duration":0,"prompt_eval_count":0,"prompt_eval_duration":0,"eval_count":5,"eval_duration":500000000,"thinking_chars":16,"thinking_detected":true,"outcome":"ok"}
{"event":"deep_research_model_call","step":"plan","think":true,"attempt":1,"wall_ms":0,"load_duration":0,"prompt_eval_count":0,"prompt_eval_duration":0,"eval_count":5,"eval_duration":500000000,"thinking_chars":16,"thinking_detected":false,"outcome":"ok"}
{"event":"deep_research_model_call","step":"queries","think":false,"attempt":1,"wall_ms":0,"load_duration":0,"prompt_eval_count":0,"prompt_eval_duration":0,"eval_count":5,"eval_duration":500000000,"thinking_chars":16,"thinking_detected":true,"outcome":"ok"}
{"event":"deep_research_model_call","step":"pages","think":false,"attempt":1,"wall_ms":0,"load_duration":0,"prompt_eval_count":0,"prompt_eval_duration":0,"eval_count":5,"eval_duration":500000000,"thinking_chars":16,"thinking_detected":true,"outcome":"ok"}
{"event":"deep_research_model_call","step":"notes","think":false,"attempt":1,"wall_ms":0,"load_duration":0,"prompt_eval_count":0,"prompt_eval_duration":0,"eval_count":5,"eval_duration":500000000,"thinking_chars":16,"thinking_detected":true,"outcome":"ok"}
{"event":"deep_research_model_call","step":"notes","think":false,"attempt":1,"wall_ms":0,"load_duration":0,"prompt_eval_count":0,"prompt_eval_duration":0,"eval_count":5,"eval_duration":500000000,"thinking_chars":16,"thinking_detected":true,"outcome":"ok"}
{"event":"deep_research_model_call","step":"write","think":true,"attempt":1,"wall_ms":0,"load_duration":0,"prompt_eval_count":0,"prompt_eval_duration":0,"eval_count":5,"eval_duration":500000000,"thinking_chars":16,"thinking_detected":false,"outcome":"ok"}
{"event":"deep_research_model_call","step":"brief","think":false,"attempt":1,"wall_ms":0,"load_duration":0,"prompt_eval_count":0,"prompt_eval_duration":0,"eval_count":5,"eval_duration":500000000,"thinking_chars":16,"thinking_detected":true,"outcome":"ok"}
{"event":"deep_research_model_call","step":"plan","think":true,"attempt":1,"wall_ms":0,"load_duration":0,"prompt_eval_count":0,"prompt_eval_duration":0,"eval_count":5,"eval_duration":500000000,"thinking_chars":16,"thinking_detected":false,"outcome":"ok"}
{"event":"deep_research_model_call","step":"queries","think":false,"attempt":1,"wall_ms":1,"load_duration":0,"prompt_eval_count":0,"prompt_eval_duration":0,"eval_count":5,"eval_duration":500000000,"thinking_chars":16,"thinking_detected":true,"outcome":"ok"}
{"event":"deep_research_model_call","step":"pages","think":false,"attempt":1,"wall_ms":0,"load_duration":0,"prompt_eval_count":0,"prompt_eval_duration":0,"eval_count":5,"eval_duration":500000000,"thinking_chars":16,"thinking_detected":true,"outcome":"ok"}
{"event":"deep_research_model_call","step":"notes","think":false,"attempt":1,"wall_ms":0,"load_duration":0,"prompt_eval_count":0,"prompt_eval_duration":0,"eval_count":5,"eval_duration":500000000,"thinking_chars":16,"thinking_detected":true,"outcome":"ok"}
{"event":"deep_research_model_call","step":"notes","think":false,"attempt":1,"wall_ms":0,"load_duration":0,"prompt_eval_count":0,"prompt_eval_duration":0,"eval_count":5,"eval_duration":500000000,"thinking_chars":16,"thinking_detected":true,"outcome":"ok"}
{"event":"deep_research_model_call","step":"write","think":true,"attempt":1,"wall_ms":0,"load_duration":0,"prompt_eval_count":0,"prompt_eval_duration":0,"eval_count":5,"eval_duration":500000000,"thinking_chars":16,"thinking_detected":false,"outcome":"ok"}
{"event":"deep_research_model_call","step":"brief","think":false,"attempt":1,"wall_ms":0,"load_duration":0,"prompt_eval_count":0,"prompt_eval_duration":0,"eval_count":5,"eval_duration":500000000,"thinking_chars":16,"thinking_detected":true,"outcome":"ok"}
{"event":"deep_research_model_call","step":"plan","think":true,"attempt":1,"wall_ms":0,"load_duration":0,"prompt_eval_count":0,"prompt_eval_duration":0,"eval_count":5,"eval_duration":500000000,"thinking_chars":16,"thinking_detected":false,"outcome":"ok"}
{"event":"deep_research_model_call","step":"queries","think":false,"attempt":1,"wall_ms":0,"load_duration":0,"prompt_eval_count":0,"prompt_eval_duration":0,"eval_count":5,"eval_duration":500000000,"thinking_chars":16,"thinking_detected":true,"outcome":"ok"}
{"event":"deep_research_model_call","step":"pages","think":false,"attempt":1,"wall_ms":0,"load_duration":0,"prompt_eval_count":0,"prompt_eval_duration":0,"eval_count":5,"eval_duration":500000000,"thinking_chars":16,"thinking_detected":true,"outcome":"ok"}
{"event":"deep_research_model_call","step":"notes","think":false,"attempt":1,"wall_ms":0,"load_duration":0,"prompt_eval_count":0,"prompt_eval_duration":0,"eval_count":5,"eval_duration":500000000,"thinking_chars":16,"thinking_detected":true,"outcome":"ok"}
{"event":"deep_research_model_call","step":"notes","think":false,"attempt":1,"wall_ms":0,"load_duration":0,"prompt_eval_count":0,"prompt_eval_duration":0,"eval_count":5,"eval_duration":500000000,"thinking_chars":16,"thinking_detected":true,"outcome":"ok"}
{"event":"deep_research_model_call","step":"write","think":true,"attempt":1,"wall_ms":0,"load_duration":0,"prompt_eval_count":0,"prompt_eval_duration":0,"eval_count":5,"eval_duration":500000000,"thinking_chars":16,"thinking_detected":false,"outcome":"ok"}
{"event":"deep_research_model_call","step":"brief","think":false,"attempt":1,"wall_ms":0,"load_duration":0,"prompt_eval_count":0,"prompt_eval_duration":0,"eval_count":5,"eval_duration":500000000,"thinking_chars":16,"thinking_detected":true,"outcome":"ok"}
{"event":"deep_research_model_call","step":"plan","think":true,"attempt":1,"wall_ms":0,"load_duration":0,"prompt_eval_count":0,"prompt_eval_duration":0,"eval_count":5,"eval_duration":500000000,"thinking_chars":16,"thinking_detected":false,"outcome":"ok"}
{"event":"deep_research_model_call","step":"queries","think":false,"attempt":1,"wall_ms":0,"load_duration":0,"prompt_eval_count":0,"prompt_eval_duration":0,"eval_count":5,"eval_duration":500000000,"thinking_chars":16,"thinking_detected":true,"outcome":"ok"}
{"event":"deep_research_model_call","step":"pages","think":false,"attempt":1,"wall_ms":0,"load_duration":0,"prompt_eval_count":0,"prompt_eval_duration":0,"eval_count":5,"eval_duration":500000000,"thinking_chars":16,"thinking_detected":true,"outcome":"ok"}
{"event":"deep_research_model_call","step":"notes","think":false,"attempt":1,"wall_ms":0,"load_duration":0,"prompt_eval_count":0,"prompt_eval_duration":0,"eval_count":5,"eval_duration":500000000,"thinking_chars":16,"thinking_detected":true,"outcome":"ok"}
{"event":"deep_research_model_call","step":"queries","think":false,"attempt":1,"wall_ms":0,"load_duration":0,"prompt_eval_count":0,"prompt_eval_duration":0,"eval_count":5,"eval_duration":500000000,"thinking_chars":16,"thinking_detected":true,"outcome":"ok"}
{"event":"deep_research_model_call","step":"pages","think":false,"attempt":1,"wall_ms":0,"load_duration":0,"prompt_eval_count":0,"prompt_eval_duration":0,"eval_count":5,"eval_duration":500000000,"thinking_chars":16,"thinking_detected":true,"outcome":"ok"}
{"event":"deep_research_model_call","step":"notes","think":false,"attempt":1,"wall_ms":0,"load_duration":0,"prompt_eval_count":0,"prompt_eval_duration":0,"eval_count":5,"eval_duration":500000000,"thinking_chars":16,"thinking_detected":true,"outcome":"ok"}
{"event":"deep_research_model_call","step":"notes","think":false,"attempt":1,"wall_ms":0,"load_duration":0,"prompt_eval_count":0,"prompt_eval_duration":0,"eval_count":5,"eval_duration":500000000,"thinking_chars":16,"thinking_detected":true,"outcome":"ok"}
{"event":"deep_research_model_call","step":"notes","think":false,"attempt":1,"wall_ms":0,"load_duration":0,"prompt_eval_count":0,"prompt_eval_duration":0,"eval_count":5,"eval_duration":500000000,"thinking_chars":17,"thinking_detected":true,"outcome":"ok"}
{"event":"deep_research_model_call","step":"write","think":true,"attempt":1,"wall_ms":0,"load_duration":0,"prompt_eval_count":0,"prompt_eval_duration":0,"eval_count":5,"eval_duration":500000000,"thinking_chars":17,"thinking_detected":false,"outcome":"ok"}
{"event":"deep_research_model_call","step":"brief","think":false,"attempt":1,"wall_ms":0,"load_duration":0,"prompt_eval_count":0,"prompt_eval_duration":0,"eval_count":5,"eval_duration":500000000,"thinking_chars":16,"thinking_detected":true,"outcome":"ok"}
{"event":"deep_research_model_call","step":"plan","think":true,"attempt":1,"wall_ms":0,"load_duration":0,"prompt_eval_count":0,"prompt_eval_duration":0,"eval_count":5,"eval_duration":500000000,"thinking_chars":16,"thinking_detected":false,"outcome":"ok"}
{"event":"deep_research_model_call","step":"queries","think":false,"attempt":1,"wall_ms":0,"load_duration":0,"prompt_eval_count":0,"prompt_eval_duration":0,"eval_count":5,"eval_duration":500000000,"thinking_chars":16,"thinking_detected":true,"outcome":"ok"}
{"event":"deep_research_model_call","step":"pages","think":false,"attempt":1,"wall_ms":0,"load_duration":0,"prompt_eval_count":0,"prompt_eval_duration":0,"eval_count":5,"eval_duration":500000000,"thinking_chars":16,"thinking_detected":true,"outcome":"ok"}
{"event":"deep_research_model_call","step":"notes","think":false,"attempt":1,"wall_ms":0,"load_duration":0,"prompt_eval_count":0,"prompt_eval_duration":0,"eval_count":5,"eval_duration":500000000,"thinking_chars":16,"thinking_detected":true,"outcome":"ok"}
{"event":"deep_research_model_call","step":"queries","think":false,"attempt":1,"wall_ms":0,"load_duration":0,"prompt_eval_count":0,"prompt_eval_duration":0,"eval_count":5,"eval_duration":500000000,"thinking_chars":16,"thinking_detected":true,"outcome":"ok"}
{"event":"deep_research_model_call","step":"write","think":true,"attempt":1,"wall_ms":0,"load_duration":0,"prompt_eval_count":0,"prompt_eval_duration":0,"eval_count":5,"eval_duration":500000000,"thinking_chars":16,"thinking_detected":false,"outcome":"ok"}
{"event":"deep_research_model_call","step":"brief","think":false,"attempt":1,"wall_ms":0,"load_duration":0,"prompt_eval_count":0,"prompt_eval_duration":0,"eval_count":5,"eval_duration":500000000,"thinking_chars":16,"thinking_detected":true,"outcome":"ok"}
{"event":"deep_research_model_call","step":"plan","think":true,"attempt":1,"wall_ms":0,"load_duration":0,"prompt_eval_count":0,"prompt_eval_duration":0,"eval_count":5,"eval_duration":500000000,"thinking_chars":16,"thinking_detected":false,"outcome":"ok"}
{"event":"deep_research_model_call","step":"queries","think":false,"attempt":1,"wall_ms":0,"load_duration":0,"prompt_eval_count":0,"prompt_eval_duration":0,"eval_count":5,"eval_duration":500000000,"thinking_chars":16,"thinking_detected":true,"outcome":"ok"}
{"event":"deep_research_model_call","step":"queries","think":false,"attempt":1,"wall_ms":0,"load_duration":0,"prompt_eval_count":0,"prompt_eval_duration":0,"eval_count":5,"eval_duration":500000000,"thinking_chars":16,"thinking_detected":true,"outcome":"ok"}
{"event":"deep_research_model_call","step":"brief","think":false,"attempt":1,"wall_ms":0,"load_duration":0,"prompt_eval_count":0,"prompt_eval_duration":0,"eval_count":5,"eval_duration":500000000,"thinking_chars":16,"thinking_detected":true,"outcome":"ok"}
{"event":"deep_research_model_call","step":"plan","think":true,"attempt":1,"wall_ms":0,"load_duration":0,"prompt_eval_count":0,"prompt_eval_duration":0,"eval_count":5,"eval_duration":500000000,"thinking_chars":16,"thinking_detected":false,"outcome":"ok"}
{"event":"deep_research_model_call","step":"queries","think":false,"attempt":1,"wall_ms":0,"load_duration":0,"prompt_eval_count":0,"prompt_eval_duration":0,"eval_count":5,"eval_duration":500000000,"thinking_chars":16,"thinking_detected":true,"outcome":"ok"}
{"event":"deep_research_model_call","step":"queries","think":false,"attempt":1,"wall_ms":0,"load_duration":0,"prompt_eval_count":0,"prompt_eval_duration":0,"eval_count":5,"eval_duration":500000000,"thinking_chars":16,"thinking_detected":true,"outcome":"ok"}
{"event":"deep_research_model_call","step":"brief","think":false,"attempt":1,"wall_ms":0,"load_duration":0,"prompt_eval_count":0,"prompt_eval_duration":0,"eval_count":5,"eval_duration":500000000,"thinking_chars":16,"thinking_detected":true,"outcome":"ok"}
{"event":"deep_research_model_call","step":"plan","think":true,"attempt":1,"wall_ms":0,"load_duration":0,"prompt_eval_count":0,"prompt_eval_duration":0,"eval_count":5,"eval_duration":500000000,"thinking_chars":16,"thinking_detected":false,"outcome":"ok"}
{"event":"deep_research_model_call","step":"queries","think":false,"attempt":1,"wall_ms":0,"load_duration":0,"prompt_eval_count":0,"prompt_eval_duration":0,"eval_count":5,"eval_duration":500000000,"thinking_chars":16,"thinking_detected":true,"outcome":"ok"}
{"event":"deep_research_model_call","step":"brief","think":false,"attempt":1,"wall_ms":0,"load_duration":0,"prompt_eval_count":0,"prompt_eval_duration":0,"eval_count":5,"eval_duration":500000000,"thinking_chars":16,"thinking_detected":true,"outcome":"ok"}
{"event":"deep_research_model_call","step":"plan","think":true,"attempt":1,"wall_ms":0,"load_duration":0,"prompt_eval_count":0,"prompt_eval_duration":0,"eval_count":5,"eval_duration":500000000,"thinking_chars":16,"thinking_detected":false,"outcome":"ok"}
{"event":"deep_research_model_call","step":"queries","think":false,"attempt":1,"wall_ms":0,"load_duration":0,"prompt_eval_count":0,"prompt_eval_duration":0,"eval_count":5,"eval_duration":500000000,"thinking_chars":16,"thinking_detected":true,"outcome":"ok"}
{"event":"deep_research_model_call","step":"brief","think":false,"attempt":1,"wall_ms":0,"load_duration":0,"prompt_eval_count":0,"prompt_eval_duration":0,"eval_count":5,"eval_duration":500000000,"thinking_chars":16,"thinking_detected":true,"outcome":"ok"}
{"event":"deep_research_model_call","step":"plan","think":true,"attempt":1,"wall_ms":0,"load_duration":0,"prompt_eval_count":0,"prompt_eval_duration":0,"eval_count":5,"eval_duration":500000000,"thinking_chars":16,"thinking_detected":false,"outcome":"ok"}
{"event":"deep_research_model_call","step":"queries","think":false,"attempt":1,"wall_ms":0,"load_duration":0,"prompt_eval_count":0,"prompt_eval_duration":0,"eval_count":5,"eval_duration":500000000,"thinking_chars":16,"thinking_detected":true,"outcome":"ok"}
{"event":"deep_research_model_call","step":"pages","think":false,"attempt":1,"wall_ms":0,"load_duration":0,"prompt_eval_count":0,"prompt_eval_duration":0,"eval_count":5,"eval_duration":500000000,"thinking_chars":16,"thinking_detected":true,"outcome":"ok"}
{"event":"deep_research_model_call","step":"notes","think":false,"attempt":1,"wall_ms":0,"load_duration":0,"prompt_eval_count":0,"prompt_eval_duration":0,"eval_count":5,"eval_duration":500000000,"thinking_chars":16,"thinking_detected":true,"outcome":"ok"}
{"event":"deep_research_model_call","step":"queries","think":false,"attempt":1,"wall_ms":0,"load_duration":0,"prompt_eval_count":0,"prompt_eval_duration":0,"eval_count":5,"eval_duration":500000000,"thinking_chars":16,"thinking_detected":true,"outcome":"ok"}
{"event":"deep_research_model_call","step":"pages","think":false,"attempt":1,"wall_ms":0,"load_duration":0,"prompt_eval_count":0,"prompt_eval_duration":0,"eval_count":5,"eval_duration":500000000,"thinking_chars":16,"thinking_detected":true,"outcome":"ok"}
{"event":"deep_research_model_call","step":"write","think":true,"attempt":1,"wall_ms":0,"load_duration":0,"prompt_eval_count":0,"prompt_eval_duration":0,"eval_count":5,"eval_duration":500000000,"thinking_chars":16,"thinking_detected":false,"outcome":"ok"}
{"event":"deep_research_model_call","step":"brief","think":false,"attempt":1,"wall_ms":0,"load_duration":0,"prompt_eval_count":0,"prompt_eval_duration":0,"eval_count":5,"eval_duration":500000000,"thinking_chars":16,"thinking_detected":true,"outcome":"ok"}
{"event":"deep_research_model_call","step":"plan","think":true,"attempt":1,"wall_ms":0,"load_duration":0,"prompt_eval_count":0,"prompt_eval_duration":0,"eval_count":5,"eval_duration":500000000,"thinking_chars":16,"thinking_detected":false,"outcome":"ok"}
{"event":"deep_research_model_call","step":"queries","think":false,"attempt":1,"wall_ms":601,"load_duration":null,"prompt_eval_count":null,"prompt_eval_duration":null,"eval_count":null,"eval_duration":null,"thinking_chars":0,"thinking_detected":false,"outcome":"aborted"}
{"event":"deep_research_model_call","step":"write","think":true,"attempt":1,"wall_ms":1,"load_duration":0,"prompt_eval_count":0,"prompt_eval_duration":0,"eval_count":5,"eval_duration":500000000,"thinking_chars":16,"thinking_detected":false,"outcome":"ok"}
{"event":"deep_research_model_call","step":"brief","think":false,"attempt":1,"wall_ms":0,"load_duration":0,"prompt_eval_count":0,"prompt_eval_duration":0,"eval_count":5,"eval_duration":500000000,"thinking_chars":16,"thinking_detected":true,"outcome":"ok"}
{"event":"deep_research_model_call","step":"plan","think":true,"attempt":1,"wall_ms":0,"load_duration":0,"prompt_eval_count":0,"prompt_eval_duration":0,"eval_count":5,"eval_duration":500000000,"thinking_chars":16,"thinking_detected":false,"outcome":"ok"}
{"event":"deep_research_model_call","step":"queries","think":false,"attempt":1,"wall_ms":0,"load_duration":0,"prompt_eval_count":0,"prompt_eval_duration":0,"eval_count":5,"eval_duration":500000000,"thinking_chars":16,"thinking_detected":true,"outcome":"ok"}
{"event":"deep_research_model_call","step":"pages","think":false,"attempt":1,"wall_ms":0,"load_duration":0,"prompt_eval_count":0,"prompt_eval_duration":0,"eval_count":5,"eval_duration":500000000,"thinking_chars":16,"thinking_detected":true,"outcome":"ok"}
{"event":"deep_research_model_call","step":"notes","think":false,"attempt":1,"wall_ms":0,"load_duration":0,"prompt_eval_count":0,"prompt_eval_duration":0,"eval_count":5,"eval_duration":500000000,"thinking_chars":16,"thinking_detected":true,"outcome":"ok"}
{"event":"deep_research_model_call","step":"queries","think":false,"attempt":1,"wall_ms":0,"load_duration":0,"prompt_eval_count":0,"prompt_eval_duration":0,"eval_count":5,"eval_duration":500000000,"thinking_chars":16,"thinking_detected":true,"outcome":"ok"}
{"event":"deep_research_model_call","step":"pages","think":false,"attempt":1,"wall_ms":0,"load_duration":0,"prompt_eval_count":0,"prompt_eval_duration":0,"eval_count":5,"eval_duration":500000000,"thinking_chars":16,"thinking_detected":true,"outcome":"ok"}
{"event":"deep_research_model_call","step":"notes","think":false,"attempt":1,"wall_ms":0,"load_duration":0,"prompt_eval_count":0,"prompt_eval_duration":0,"eval_count":5,"eval_duration":500000000,"thinking_chars":16,"thinking_detected":true,"outcome":"ok"}
{"event":"deep_research_model_call","step":"notes","think":false,"attempt":1,"wall_ms":0,"load_duration":0,"prompt_eval_count":0,"prompt_eval_duration":0,"eval_count":5,"eval_duration":500000000,"thinking_chars":16,"thinking_detected":true,"outcome":"ok"}
{"event":"deep_research_model_call","step":"notes","think":false,"attempt":1,"wall_ms":0,"load_duration":0,"prompt_eval_count":0,"prompt_eval_duration":0,"eval_count":5,"eval_duration":500000000,"thinking_chars":17,"thinking_detected":true,"outcome":"ok"}
{"event":"deep_research_model_call","step":"write","think":true,"attempt":1,"wall_ms":700,"load_duration":null,"prompt_eval_count":null,"prompt_eval_duration":null,"eval_count":null,"eval_duration":null,"thinking_chars":0,"thinking_detected":false,"outcome":"aborted"}
{"event":"deep_research_model_call","step":"brief","think":false,"attempt":1,"wall_ms":0,"load_duration":0,"prompt_eval_count":0,"prompt_eval_duration":0,"eval_count":5,"eval_duration":500000000,"thinking_chars":16,"thinking_detected":true,"outcome":"ok"}
{"event":"deep_research_model_call","step":"plan","think":true,"attempt":1,"wall_ms":1,"load_duration":0,"prompt_eval_count":0,"prompt_eval_duration":0,"eval_count":5,"eval_duration":500000000,"thinking_chars":16,"thinking_detected":false,"outcome":"ok"}
{"event":"deep_research_model_call","step":"queries","think":false,"attempt":1,"wall_ms":0,"load_duration":0,"prompt_eval_count":0,"prompt_eval_duration":0,"eval_count":5,"eval_duration":500000000,"thinking_chars":16,"thinking_detected":true,"outcome":"ok"}
{"event":"deep_research_model_call","step":"pages","think":false,"attempt":1,"wall_ms":0,"load_duration":0,"prompt_eval_count":0,"prompt_eval_duration":0,"eval_count":5,"eval_duration":500000000,"thinking_chars":16,"thinking_detected":true,"outcome":"ok"}
{"event":"deep_research_model_call","step":"queries","think":false,"attempt":1,"wall_ms":0,"load_duration":0,"prompt_eval_count":0,"prompt_eval_duration":0,"eval_count":5,"eval_duration":500000000,"thinking_chars":16,"thinking_detected":true,"outcome":"ok"}
{"event":"deep_research_model_call","step":"pages","think":false,"attempt":1,"wall_ms":0,"load_duration":0,"prompt_eval_count":0,"prompt_eval_duration":0,"eval_count":5,"eval_duration":500000000,"thinking_chars":16,"thinking_detected":true,"outcome":"ok"}
{"event":"deep_research_model_call","step":"brief","think":false,"attempt":1,"wall_ms":0,"load_duration":0,"prompt_eval_count":0,"prompt_eval_duration":0,"eval_count":5,"eval_duration":500000000,"thinking_chars":16,"thinking_detected":true,"outcome":"ok"}
{"event":"deep_research_model_call","step":"plan","think":true,"attempt":1,"wall_ms":0,"load_duration":0,"prompt_eval_count":0,"prompt_eval_duration":0,"eval_count":5,"eval_duration":500000000,"thinking_chars":16,"thinking_detected":false,"outcome":"ok"}
{"event":"deep_research_model_call","step":"queries","think":false,"attempt":1,"wall_ms":0,"load_duration":0,"prompt_eval_count":0,"prompt_eval_duration":0,"eval_count":5,"eval_duration":500000000,"thinking_chars":16,"thinking_detected":true,"outcome":"ok"}
{"event":"deep_research_model_call","step":"pages","think":false,"attempt":1,"wall_ms":0,"load_duration":0,"prompt_eval_count":0,"prompt_eval_duration":0,"eval_count":5,"eval_duration":500000000,"thinking_chars":16,"thinking_detected":true,"outcome":"ok"}
{"event":"deep_research_model_call","step":"notes","think":false,"attempt":1,"wall_ms":1,"load_duration":0,"prompt_eval_count":0,"prompt_eval_duration":0,"eval_count":5,"eval_duration":500000000,"thinking_chars":16,"thinking_detected":true,"outcome":"ok"}
{"event":"deep_research_model_call","step":"queries","think":false,"attempt":1,"wall_ms":0,"load_duration":0,"prompt_eval_count":0,"prompt_eval_duration":0,"eval_count":5,"eval_duration":500000000,"thinking_chars":16,"thinking_detected":true,"outcome":"ok"}
{"event":"deep_research_model_call","step":"pages","think":false,"attempt":1,"wall_ms":0,"load_duration":0,"prompt_eval_count":0,"prompt_eval_duration":0,"eval_count":5,"eval_duration":500000000,"thinking_chars":16,"thinking_detected":true,"outcome":"ok"}
{"event":"deep_research_model_call","step":"notes","think":false,"attempt":1,"wall_ms":0,"load_duration":0,"prompt_eval_count":0,"prompt_eval_duration":0,"eval_count":5,"eval_duration":500000000,"thinking_chars":16,"thinking_detected":true,"outcome":"ok"}
{"event":"deep_research_model_call","step":"notes","think":false,"attempt":1,"wall_ms":0,"load_duration":0,"prompt_eval_count":0,"prompt_eval_duration":0,"eval_count":5,"eval_duration":500000000,"thinking_chars":16,"thinking_detected":true,"outcome":"ok"}
{"event":"deep_research_model_call","step":"notes","think":false,"attempt":1,"wall_ms":0,"load_duration":0,"prompt_eval_count":0,"prompt_eval_duration":0,"eval_count":5,"eval_duration":500000000,"thinking_chars":17,"thinking_detected":true,"outcome":"ok"}
{"event":"deep_research_model_call","step":"brief","think":false,"attempt":1,"wall_ms":0,"load_duration":0,"prompt_eval_count":0,"prompt_eval_duration":0,"eval_count":5,"eval_duration":500000000,"thinking_chars":16,"thinking_detected":true,"outcome":"ok"}
{"event":"deep_research_model_call","step":"plan","think":true,"attempt":1,"wall_ms":0,"load_duration":0,"prompt_eval_count":0,"prompt_eval_duration":0,"eval_count":5,"eval_duration":500000000,"thinking_chars":16,"thinking_detected":false,"outcome":"ok"}
{"event":"deep_research_model_call","step":"queries","think":false,"attempt":1,"wall_ms":0,"load_duration":0,"prompt_eval_count":0,"prompt_eval_duration":0,"eval_count":5,"eval_duration":500000000,"thinking_chars":16,"thinking_detected":true,"outcome":"ok"}
{"event":"deep_research_model_call","step":"brief","think":false,"attempt":1,"wall_ms":1,"load_duration":0,"prompt_eval_count":0,"prompt_eval_duration":0,"eval_count":5,"eval_duration":500000000,"thinking_chars":16,"thinking_detected":true,"outcome":"ok"}
{"event":"deep_research_model_call","step":"plan","think":true,"attempt":1,"wall_ms":0,"load_duration":0,"prompt_eval_count":0,"prompt_eval_duration":0,"eval_count":5,"eval_duration":500000000,"thinking_chars":16,"thinking_detected":false,"outcome":"ok"}
{"event":"deep_research_model_call","step":"queries","think":false,"attempt":1,"wall_ms":0,"load_duration":0,"prompt_eval_count":0,"prompt_eval_duration":0,"eval_count":5,"eval_duration":500000000,"thinking_chars":16,"thinking_detected":true,"outcome":"ok"}
{"event":"deep_research_model_call","step":"pages","think":false,"attempt":1,"wall_ms":0,"load_duration":0,"prompt_eval_count":0,"prompt_eval_duration":0,"eval_count":5,"eval_duration":500000000,"thinking_chars":16,"thinking_detected":true,"outcome":"ok"}
{"event":"deep_research_model_call","step":"notes","think":false,"attempt":1,"wall_ms":0,"load_duration":0,"prompt_eval_count":0,"prompt_eval_duration":0,"eval_count":5,"eval_duration":500000000,"thinking_chars":16,"thinking_detected":true,"outcome":"ok"}
{"event":"deep_research_model_call","step":"queries","think":false,"attempt":1,"wall_ms":0,"load_duration":0,"prompt_eval_count":0,"prompt_eval_duration":0,"eval_count":5,"eval_duration":500000000,"thinking_chars":16,"thinking_detected":true,"outcome":"ok"}
{"event":"deep_research_model_call","step":"write","think":true,"attempt":1,"wall_ms":0,"load_duration":0,"prompt_eval_count":0,"prompt_eval_duration":0,"eval_count":5,"eval_duration":500000000,"thinking_chars":16,"thinking_detected":false,"outcome":"ok"}
{"event":"deep_research_model_call","step":"brief","think":false,"attempt":1,"wall_ms":0,"load_duration":0,"prompt_eval_count":0,"prompt_eval_duration":0,"eval_count":5,"eval_duration":500000000,"thinking_chars":16,"thinking_detected":true,"outcome":"ok"}
{"event":"deep_research_model_call","step":"plan","think":true,"attempt":1,"wall_ms":0,"load_duration":0,"prompt_eval_count":0,"prompt_eval_duration":0,"eval_count":5,"eval_duration":500000000,"thinking_chars":16,"thinking_detected":false,"outcome":"ok"}
{"event":"deep_research_model_call","step":"queries","think":false,"attempt":1,"wall_ms":0,"load_duration":0,"prompt_eval_count":0,"prompt_eval_duration":0,"eval_count":5,"eval_duration":500000000,"thinking_chars":16,"thinking_detected":true,"outcome":"ok"}
{"event":"deep_research_model_call","step":"pages","think":false,"attempt":1,"wall_ms":0,"load_duration":0,"prompt_eval_count":0,"prompt_eval_duration":0,"eval_count":5,"eval_duration":500000000,"thinking_chars":16,"thinking_detected":true,"outcome":"ok"}
{"event":"deep_research_model_call","step":"notes","think":false,"attempt":1,"wall_ms":0,"load_duration":0,"prompt_eval_count":0,"prompt_eval_duration":0,"eval_count":5,"eval_duration":500000000,"thinking_chars":16,"thinking_detected":true,"outcome":"ok"}
{"event":"deep_research_model_call","step":"queries","think":false,"attempt":1,"wall_ms":0,"load_duration":0,"prompt_eval_count":0,"prompt_eval_duration":0,"eval_count":5,"eval_duration":500000000,"thinking_chars":16,"thinking_detected":true,"outcome":"ok"}
{"event":"deep_research_model_call","step":"write","think":true,"attempt":1,"wall_ms":0,"load_duration":0,"prompt_eval_count":0,"prompt_eval_duration":0,"eval_count":5,"eval_duration":500000000,"thinking_chars":16,"thinking_detected":false,"outcome":"ok"}
{"event":"deep_research_model_call","step":"brief","think":false,"attempt":1,"wall_ms":0,"load_duration":0,"prompt_eval_count":0,"prompt_eval_duration":0,"eval_count":5,"eval_duration":500000000,"thinking_chars":16,"thinking_detected":true,"outcome":"ok"}
{"event":"deep_research_model_call","step":"plan","think":true,"attempt":1,"wall_ms":0,"load_duration":0,"prompt_eval_count":0,"prompt_eval_duration":0,"eval_count":5,"eval_duration":500000000,"thinking_chars":16,"thinking_detected":false,"outcome":"ok"}
{"event":"deep_research_model_call","step":"queries","think":false,"attempt":1,"wall_ms":0,"load_duration":0,"prompt_eval_count":0,"prompt_eval_duration":0,"eval_count":5,"eval_duration":500000000,"thinking_chars":16,"thinking_detected":true,"outcome":"ok"}
{"event":"deep_research_model_call","step":"pages","think":false,"attempt":1,"wall_ms":0,"load_duration":0,"prompt_eval_count":0,"prompt_eval_duration":0,"eval_count":5,"eval_duration":500000000,"thinking_chars":16,"thinking_detected":true,"outcome":"ok"}
{"event":"deep_research_model_call","step":"notes","think":false,"attempt":1,"wall_ms":0,"load_duration":0,"prompt_eval_count":0,"prompt_eval_duration":0,"eval_count":5,"eval_duration":500000000,"thinking_chars":16,"thinking_detected":true,"outcome":"ok"}
{"event":"deep_research_model_call","step":"queries","think":false,"attempt":1,"wall_ms":0,"load_duration":0,"prompt_eval_count":0,"prompt_eval_duration":0,"eval_count":5,"eval_duration":500000000,"thinking_chars":16,"thinking_detected":true,"outcome":"ok"}
{"event":"deep_research_model_call","step":"pages","think":false,"attempt":1,"wall_ms":0,"load_duration":0,"prompt_eval_count":0,"prompt_eval_duration":0,"eval_count":5,"eval_duration":500000000,"thinking_chars":16,"thinking_detected":true,"outcome":"ok"}
{"event":"deep_research_model_call","step":"notes","think":false,"attempt":1,"wall_ms":0,"load_duration":0,"prompt_eval_count":0,"prompt_eval_duration":0,"eval_count":5,"eval_duration":500000000,"thinking_chars":16,"thinking_detected":true,"outcome":"ok"}
{"event":"deep_research_model_call","step":"write","think":true,"attempt":1,"wall_ms":1,"load_duration":0,"prompt_eval_count":0,"prompt_eval_duration":0,"eval_count":5,"eval_duration":500000000,"thinking_chars":16,"thinking_detected":false,"outcome":"ok"}
{"event":"deep_research_model_call","step":"brief","think":false,"attempt":1,"wall_ms":0,"load_duration":0,"prompt_eval_count":0,"prompt_eval_duration":0,"eval_count":5,"eval_duration":500000000,"thinking_chars":16,"thinking_detected":true,"outcome":"ok"}
{"event":"deep_research_model_call","step":"plan","think":true,"attempt":1,"wall_ms":0,"load_duration":0,"prompt_eval_count":0,"prompt_eval_duration":0,"eval_count":5,"eval_duration":500000000,"thinking_chars":16,"thinking_detected":false,"outcome":"ok"}
{"event":"deep_research_model_call","step":"queries","think":false,"attempt":1,"wall_ms":0,"load_duration":0,"prompt_eval_count":0,"prompt_eval_duration":0,"eval_count":5,"eval_duration":500000000,"thinking_chars":16,"thinking_detected":true,"outcome":"ok"}
{"event":"deep_research_model_call","step":"pages","think":false,"attempt":1,"wall_ms":0,"load_duration":0,"prompt_eval_count":0,"prompt_eval_duration":0,"eval_count":5,"eval_duration":500000000,"thinking_chars":16,"thinking_detected":true,"outcome":"ok"}
{"event":"deep_research_model_call","step":"notes","think":false,"attempt":1,"wall_ms":0,"load_duration":0,"prompt_eval_count":0,"prompt_eval_duration":0,"eval_count":5,"eval_duration":500000000,"thinking_chars":16,"thinking_detected":true,"outcome":"ok"}
{"event":"deep_research_model_call","step":"queries","think":false,"attempt":1,"wall_ms":0,"load_duration":0,"prompt_eval_count":0,"prompt_eval_duration":0,"eval_count":5,"eval_duration":500000000,"thinking_chars":16,"thinking_detected":true,"outcome":"ok"}
{"event":"deep_research_model_call","step":"write","think":true,"attempt":1,"wall_ms":201,"load_duration":null,"prompt_eval_count":null,"prompt_eval_duration":null,"eval_count":null,"eval_duration":null,"thinking_chars":0,"thinking_detected":false,"outcome":"aborted"}
{"event":"deep_research_model_call","step":"brief","think":false,"attempt":1,"wall_ms":1,"load_duration":0,"prompt_eval_count":0,"prompt_eval_duration":0,"eval_count":5,"eval_duration":500000000,"thinking_chars":16,"thinking_detected":true,"outcome":"ok"}
{"event":"deep_research_model_call","step":"plan","think":true,"attempt":1,"wall_ms":0,"load_duration":0,"prompt_eval_count":0,"prompt_eval_duration":0,"eval_count":5,"eval_duration":500000000,"thinking_chars":16,"thinking_detected":false,"outcome":"ok"}
{"event":"deep_research_model_call","step":"queries","think":false,"attempt":1,"wall_ms":0,"load_duration":0,"prompt_eval_count":0,"prompt_eval_duration":0,"eval_count":5,"eval_duration":500000000,"thinking_chars":16,"thinking_detected":true,"outcome":"ok"}
{"event":"deep_research_model_call","step":"pages","think":false,"attempt":1,"wall_ms":0,"load_duration":0,"prompt_eval_count":0,"prompt_eval_duration":0,"eval_count":5,"eval_duration":500000000,"thinking_chars":16,"thinking_detected":true,"outcome":"ok"}
{"event":"deep_research_model_call","step":"notes","think":false,"attempt":1,"wall_ms":0,"load_duration":0,"prompt_eval_count":0,"prompt_eval_duration":0,"eval_count":5,"eval_duration":500000000,"thinking_chars":16,"thinking_detected":true,"outcome":"ok"}
{"event":"deep_research_model_call","step":"queries","think":false,"attempt":1,"wall_ms":0,"load_duration":0,"prompt_eval_count":0,"prompt_eval_duration":0,"eval_count":5,"eval_duration":500000000,"thinking_chars":16,"thinking_detected":true,"outcome":"ok"}
{"event":"deep_research_model_call","step":"pages","think":false,"attempt":1,"wall_ms":0,"load_duration":0,"prompt_eval_count":0,"prompt_eval_duration":0,"eval_count":5,"eval_duration":500000000,"thinking_chars":16,"thinking_detected":true,"outcome":"ok"}
{"event":"deep_research_model_call","step":"notes","think":false,"attempt":1,"wall_ms":0,"load_duration":0,"prompt_eval_count":0,"prompt_eval_duration":0,"eval_count":5,"eval_duration":500000000,"thinking_chars":16,"thinking_detected":true,"outcome":"ok"}
{"event":"deep_research_model_call","step":"notes","think":false,"attempt":1,"wall_ms":0,"load_duration":0,"prompt_eval_count":0,"prompt_eval_duration":0,"eval_count":5,"eval_duration":500000000,"thinking_chars":16,"thinking_detected":true,"outcome":"ok"}
{"event":"deep_research_model_call","step":"notes","think":false,"attempt":1,"wall_ms":0,"load_duration":0,"prompt_eval_count":0,"prompt_eval_duration":0,"eval_count":5,"eval_duration":500000000,"thinking_chars":17,"thinking_detected":true,"outcome":"ok"}
{"event":"deep_research_model_call","step":"write","think":true,"attempt":1,"wall_ms":200,"load_duration":null,"prompt_eval_count":null,"prompt_eval_duration":null,"eval_count":null,"eval_duration":null,"thinking_chars":0,"thinking_detected":false,"outcome":"aborted"}
{"event":"deep_research_model_call","step":"brief","think":false,"attempt":1,"wall_ms":1,"load_duration":0,"prompt_eval_count":0,"prompt_eval_duration":0,"eval_count":5,"eval_duration":500000000,"thinking_chars":16,"thinking_detected":true,"outcome":"ok"}
{"event":"deep_research_model_call","step":"plan","think":true,"attempt":1,"wall_ms":0,"load_duration":0,"prompt_eval_count":0,"prompt_eval_duration":0,"eval_count":5,"eval_duration":500000000,"thinking_chars":16,"thinking_detected":false,"outcome":"ok"}
{"event":"deep_research_model_call","step":"queries","think":false,"attempt":1,"wall_ms":0,"load_duration":0,"prompt_eval_count":0,"prompt_eval_duration":0,"eval_count":5,"eval_duration":500000000,"thinking_chars":16,"thinking_detected":true,"outcome":"ok"}
{"event":"deep_research_model_call","step":"pages","think":false,"attempt":1,"wall_ms":0,"load_duration":0,"prompt_eval_count":0,"prompt_eval_duration":0,"eval_count":5,"eval_duration":500000000,"thinking_chars":16,"thinking_detected":true,"outcome":"ok"}
{"event":"deep_research_model_call","step":"notes","think":false,"attempt":1,"wall_ms":0,"load_duration":0,"prompt_eval_count":0,"prompt_eval_duration":0,"eval_count":5,"eval_duration":500000000,"thinking_chars":16,"thinking_detected":true,"outcome":"ok"}
{"event":"deep_research_model_call","step":"queries","think":false,"attempt":1,"wall_ms":0,"load_duration":0,"prompt_eval_count":0,"prompt_eval_duration":0,"eval_count":5,"eval_duration":500000000,"thinking_chars":16,"thinking_detected":true,"outcome":"ok"}
{"event":"deep_research_model_call","step":"write","think":true,"attempt":1,"wall_ms":20,"load_duration":null,"prompt_eval_count":null,"prompt_eval_duration":null,"eval_count":null,"eval_duration":null,"thinking_chars":0,"thinking_detected":false,"outcome":"aborted"}
{"event":"deep_research_model_call","step":"brief","think":false,"attempt":1,"wall_ms":0,"load_duration":0,"prompt_eval_count":0,"prompt_eval_duration":0,"eval_count":5,"eval_duration":500000000,"thinking_chars":16,"thinking_detected":true,"outcome":"ok"}
{"event":"deep_research_model_call","step":"plan","think":true,"attempt":1,"wall_ms":0,"load_duration":0,"prompt_eval_count":0,"prompt_eval_duration":0,"eval_count":5,"eval_duration":500000000,"thinking_chars":16,"thinking_detected":false,"outcome":"ok"}
{"event":"deep_research_model_call","step":"queries","think":false,"attempt":1,"wall_ms":0,"load_duration":0,"prompt_eval_count":0,"prompt_eval_duration":0,"eval_count":5,"eval_duration":500000000,"thinking_chars":16,"thinking_detected":true,"outcome":"ok"}

 336 pass
 0 fail
 2210 expect() calls
Ran 336 tests across 21 files. [14.89s]
exit=0
== bun test (run 2) ==
bun test v1.4.0 (1381054db)

src/http/deepResearchPassages.test.ts:
{"event":"deep_research_model_call","step":"brief","think":false,"attempt":1,"wall_ms":0,"load_duration":0,"prompt_eval_count":0,"prompt_eval_duration":0,"eval_count":0,"eval_duration":0,"thinking_chars":0,"thinking_detected":false,"outcome":"ok"}
{"event":"deep_research_model_call","step":"plan","think":true,"attempt":1,"wall_ms":0,"load_duration":0,"prompt_eval_count":0,"prompt_eval_duration":0,"eval_count":0,"eval_duration":0,"thinking_chars":0,"thinking_detected":false,"outcome":"ok"}
{"event":"deep_research_model_call","step":"queries","think":false,"attempt":1,"wall_ms":0,"load_duration":0,"prompt_eval_count":0,"prompt_eval_duration":0,"eval_count":0,"eval_duration":0,"thinking_chars":0,"thinking_detected":false,"outcome":"ok"}
{"event":"deep_research_model_call","step":"pages","think":false,"attempt":1,"wall_ms":0,"load_duration":0,"prompt_eval_count":0,"prompt_eval_duration":0,"eval_count":0,"eval_duration":0,"thinking_chars":0,"thinking_detected":false,"outcome":"ok"}
{"event":"deep_research_model_call","step":"notes","think":false,"attempt":1,"wall_ms":0,"load_duration":0,"prompt_eval_count":0,"prompt_eval_duration":0,"eval_count":0,"eval_duration":0,"thinking_chars":0,"thinking_detected":false,"outcome":"ok"}
{"event":"deep_research_model_call","step":"brief","think":false,"attempt":1,"wall_ms":1,"load_duration":0,"prompt_eval_count":0,"prompt_eval_duration":0,"eval_count":0,"eval_duration":0,"thinking_chars":0,"thinking_detected":false,"outcome":"ok"}
{"event":"deep_research_model_call","step":"plan","think":true,"attempt":1,"wall_ms":0,"load_duration":0,"prompt_eval_count":0,"prompt_eval_duration":0,"eval_count":0,"eval_duration":0,"thinking_chars":0,"thinking_detected":false,"outcome":"ok"}
{"event":"deep_research_model_call","step":"queries","think":false,"attempt":1,"wall_ms":0,"load_duration":0,"prompt_eval_count":0,"prompt_eval_duration":0,"eval_count":0,"eval_duration":0,"thinking_chars":0,"thinking_detected":false,"outcome":"ok"}
{"event":"deep_research_model_call","step":"pages","think":false,"attempt":1,"wall_ms":0,"load_duration":0,"prompt_eval_count":0,"prompt_eval_duration":0,"eval_count":0,"eval_duration":0,"thinking_chars":0,"thinking_detected":false,"outcome":"ok"}
{"event":"deep_research_model_call","step":"notes","think":false,"attempt":1,"wall_ms":1,"load_duration":0,"prompt_eval_count":0,"prompt_eval_duration":0,"eval_count":0,"eval_duration":0,"thinking_chars":0,"thinking_detected":false,"outcome":"ok"}
{"event":"deep_research_model_call","step":"brief","think":false,"attempt":1,"wall_ms":0,"load_duration":0,"prompt_eval_count":0,"prompt_eval_duration":0,"eval_count":0,"eval_duration":0,"thinking_chars":0,"thinking_detected":false,"outcome":"ok"}
{"event":"deep_research_model_call","step":"plan","think":true,"attempt":1,"wall_ms":0,"load_duration":0,"prompt_eval_count":0,"prompt_eval_duration":0,"eval_count":0,"eval_duration":0,"thinking_chars":0,"thinking_detected":false,"outcome":"ok"}
{"event":"deep_research_model_call","step":"queries","think":false,"attempt":1,"wall_ms":0,"load_duration":0,"prompt_eval_count":0,"prompt_eval_duration":0,"eval_count":0,"eval_duration":0,"thinking_chars":0,"thinking_detected":false,"outcome":"ok"}
{"event":"deep_research_model_call","step":"pages","think":false,"attempt":1,"wall_ms":0,"load_duration":0,"prompt_eval_count":0,"prompt_eval_duration":0,"eval_count":0,"eval_duration":0,"thinking_chars":0,"thinking_detected":false,"outcome":"ok"}
{"event":"deep_research_model_call","step":"notes","think":false,"attempt":1,"wall_ms":0,"load_duration":0,"prompt_eval_count":0,"prompt_eval_duration":0,"eval_count":0,"eval_duration":0,"thinking_chars":0,"thinking_detected":false,"outcome":"ok"}
{"event":"deep_research_model_call","step":"write","think":true,"attempt":1,"wall_ms":0,"load_duration":0,"prompt_eval_count":0,"prompt_eval_duration":0,"eval_count":0,"eval_duration":0,"thinking_chars":0,"thinking_detected":false,"outcome":"ok"}
{"event":"deep_research_model_call","step":"brief","think":false,"attempt":1,"wall_ms":0,"load_duration":0,"prompt_eval_count":0,"prompt_eval_duration":0,"eval_count":0,"eval_duration":0,"thinking_chars":0,"thinking_detected":false,"outcome":"ok"}
{"event":"deep_research_model_call","step":"plan","think":true,"attempt":1,"wall_ms":0,"load_duration":0,"prompt_eval_count":0,"prompt_eval_duration":0,"eval_count":0,"eval_duration":0,"thinking_chars":0,"thinking_detected":false,"outcome":"ok"}
{"event":"deep_research_model_call","step":"queries","think":false,"attempt":1,"wall_ms":0,"load_duration":0,"prompt_eval_count":0,"prompt_eval_duration":0,"eval_count":0,"eval_duration":0,"thinking_chars":0,"thinking_detected":false,"outcome":"ok"}
{"event":"deep_research_model_call","step":"pages","think":false,"attempt":1,"wall_ms":0,"load_duration":0,"prompt_eval_count":0,"prompt_eval_duration":0,"eval_count":0,"eval_duration":0,"thinking_chars":0,"thinking_detected":false,"outcome":"ok"}
{"event":"deep_research_page_skipped","n":1,"url":"https://alpha.example/1","reason":"empty","detail":"Page has only 7 words (minimum 40)"}
{"event":"deep_research_page_skipped","n":2,"url":"https://alpha.example/2","reason":"blocked","detail":"Page appears to be a bot challenge or access verification"}
{"event":"deep_research_model_call","step":"notes","think":false,"attempt":1,"wall_ms":0,"load_duration":0,"prompt_eval_count":0,"prompt_eval_duration":0,"eval_count":0,"eval_duration":0,"thinking_chars":0,"thinking_detected":false,"outcome":"ok"}
{"event":"deep_research_page_skipped","n":4,"url":"https://beta.example/1","reason":"empty","detail":"No passage matches the search terms"}
{"event":"deep_research_model_call","step":"write","think":true,"attempt":1,"wall_ms":0,"load_duration":0,"prompt_eval_count":0,"prompt_eval_duration":0,"eval_count":0,"eval_duration":0,"thinking_chars":0,"thinking_detected":false,"outcome":"ok"}

src/http/deepResearchStop.test.ts:
{"event":"deep_research_model_call","step":"brief","think":false,"attempt":1,"wall_ms":0,"load_duration":0,"prompt_eval_count":0,"prompt_eval_duration":0,"eval_count":3,"eval_duration":0,"thinking_chars":0,"thinking_detected":false,"outcome":"ok"}
{"event":"deep_research_model_call","step":"plan","think":true,"attempt":1,"wall_ms":0,"load_duration":0,"prompt_eval_count":0,"prompt_eval_duration":0,"eval_count":3,"eval_duration":0,"thinking_chars":0,"thinking_detected":false,"outcome":"ok"}
{"event":"deep_research_model_call","step":"queries","think":false,"attempt":1,"wall_ms":0,"load_duration":0,"prompt_eval_count":0,"prompt_eval_duration":0,"eval_count":3,"eval_duration":0,"thinking_chars":0,"thinking_detected":false,"outcome":"ok"}
{"event":"deep_research_model_call","step":"pages","think":false,"attempt":1,"wall_ms":0,"load_duration":0,"prompt_eval_count":0,"prompt_eval_duration":0,"eval_count":3,"eval_duration":0,"thinking_chars":0,"thinking_detected":false,"outcome":"ok"}
{"event":"deep_research_model_call","step":"notes","think":false,"attempt":1,"wall_ms":0,"load_duration":0,"prompt_eval_count":0,"prompt_eval_duration":0,"eval_count":3,"eval_duration":0,"thinking_chars":0,"thinking_detected":false,"outcome":"ok"}
{"event":"deep_research_model_call","step":"queries","think":false,"attempt":1,"wall_ms":0,"load_duration":0,"prompt_eval_count":0,"prompt_eval_duration":0,"eval_count":3,"eval_duration":0,"thinking_chars":0,"thinking_detected":false,"outcome":"ok"}
{"event":"deep_research_model_call","step":"write","think":true,"attempt":1,"wall_ms":1,"load_duration":0,"prompt_eval_count":0,"prompt_eval_duration":0,"eval_count":3,"eval_duration":0,"thinking_chars":0,"thinking_detected":false,"outcome":"ok"}
{"event":"deep_research_model_call","step":"brief","think":false,"attempt":1,"wall_ms":0,"load_duration":0,"prompt_eval_count":0,"prompt_eval_duration":0,"eval_count":3,"eval_duration":0,"thinking_chars":0,"thinking_detected":false,"outcome":"ok"}
{"event":"deep_research_model_call","step":"plan","think":true,"attempt":1,"wall_ms":0,"load_duration":0,"prompt_eval_count":0,"prompt_eval_duration":0,"eval_count":3,"eval_duration":0,"thinking_chars":0,"thinking_detected":false,"outcome":"ok"}
{"event":"deep_research_model_call","step":"queries","think":false,"attempt":1,"wall_ms":0,"load_duration":0,"prompt_eval_count":0,"prompt_eval_duration":0,"eval_count":3,"eval_duration":0,"thinking_chars":0,"thinking_detected":false,"outcome":"ok"}
{"event":"deep_research_model_call","step":"pages","think":false,"attempt":1,"wall_ms":0,"load_duration":0,"prompt_eval_count":0,"prompt_eval_duration":0,"eval_count":3,"eval_duration":0,"thinking_chars":0,"thinking_detected":false,"outcome":"ok"}
{"event":"deep_research_model_call","step":"notes","think":false,"attempt":1,"wall_ms":0,"load_duration":0,"prompt_eval_count":0,"prompt_eval_duration":0,"eval_count":3,"eval_duration":0,"thinking_chars":0,"thinking_detected":false,"outcome":"ok"}
{"event":"deep_research_model_call","step":"queries","think":false,"attempt":1,"wall_ms":0,"load_duration":0,"prompt_eval_count":0,"prompt_eval_duration":0,"eval_count":3,"eval_duration":0,"thinking_chars":0,"thinking_detected":false,"outcome":"ok"}
{"event":"deep_research_model_call","step":"write","think":true,"attempt":1,"wall_ms":0,"load_duration":null,"prompt_eval_count":null,"prompt_eval_duration":null,"eval_count":null,"eval_duration":null,"thinking_chars":0,"thinking_detected":false,"outcome":"aborted"}

src/http/deepResearchBreadthFirst.test.ts:
{"event":"deep_research_model_call","step":"brief","think":false,"attempt":1,"wall_ms":1,"load_duration":0,"prompt_eval_count":0,"prompt_eval_duration":0,"eval_count":3,"eval_duration":0,"thinking_chars":0,"thinking_detected":false,"outcome":"ok"}
{"event":"deep_research_model_call","step":"plan","think":true,"attempt":1,"wall_ms":0,"load_duration":0,"prompt_eval_count":0,"prompt_eval_duration":0,"eval_count":3,"eval_duration":0,"thinking_chars":0,"thinking_detected":false,"outcome":"ok"}
{"event":"deep_research_model_call","step":"queries","think":false,"attempt":1,"wall_ms":0,"load_duration":0,"prompt_eval_count":0,"prompt_eval_duration":0,"eval_count":3,"eval_duration":0,"thinking_chars":0,"thinking_detected":false,"outcome":"ok"}
{"event":"deep_research_model_call","step":"pages","think":false,"attempt":1,"wall_ms":0,"load_duration":0,"prompt_eval_count":0,"prompt_eval_duration":0,"eval_count":3,"eval_duration":0,"thinking_chars":0,"thinking_detected":false,"outcome":"ok"}
{"event":"deep_research_model_call","step":"notes","think":false,"attempt":1,"wall_ms":0,"load_duration":0,"prompt_eval_count":0,"prompt_eval_duration":0,"eval_count":3,"eval_duration":0,"thinking_chars":0,"thinking_detected":false,"outcome":"ok"}
{"event":"deep_research_model_call","step":"queries","think":false,"attempt":1,"wall_ms":0,"load_duration":0,"prompt_eval_count":0,"prompt_eval_duration":0,"eval_count":3,"eval_duration":0,"thinking_chars":0,"thinking_detected":false,"outcome":"ok"}
{"event":"deep_research_model_call","step":"pages","think":false,"attempt":1,"wall_ms":0,"load_duration":0,"prompt_eval_count":0,"prompt_eval_duration":0,"eval_count":3,"eval_duration":0,"thinking_chars":0,"thinking_detected":false,"outcome":"ok"}
{"event":"deep_research_model_call","step":"notes","think":false,"attempt":1,"wall_ms":0,"load_duration":0,"prompt_eval_count":0,"prompt_eval_duration":0,"eval_count":3,"eval_duration":0,"thinking_chars":0,"thinking_detected":false,"outcome":"ok"}
{"event":"deep_research_model_call","step":"queries","think":false,"attempt":1,"wall_ms":0,"load_duration":0,"prompt_eval_count":0,"prompt_eval_duration":0,"eval_count":3,"eval_duration":0,"thinking_chars":0,"thinking_detected":false,"outcome":"ok"}
{"event":"deep_research_model_call","step":"pages","think":false,"attempt":1,"wall_ms":1,"load_duration":0,"prompt_eval_count":0,"prompt_eval_duration":0,"eval_count":3,"eval_duration":0,"thinking_chars":0,"thinking_detected":false,"outcome":"ok"}
{"event":"deep_research_model_call","step":"notes","think":false,"attempt":1,"wall_ms":0,"load_duration":0,"prompt_eval_count":0,"prompt_eval_duration":0,"eval_count":3,"eval_duration":0,"thinking_chars":0,"thinking_detected":false,"outcome":"ok"}
{"event":"deep_research_model_call","step":"notes","think":false,"attempt":1,"wall_ms":0,"load_duration":0,"prompt_eval_count":0,"prompt_eval_duration":0,"eval_count":3,"eval_duration":0,"thinking_chars":0,"thinking_detected":false,"outcome":"ok"}
{"event":"deep_research_model_call","step":"notes","think":false,"attempt":1,"wall_ms":0,"load_duration":0,"prompt_eval_count":0,"prompt_eval_duration":0,"eval_count":3,"eval_duration":0,"thinking_chars":0,"thinking_detected":false,"outcome":"ok"}
{"event":"deep_research_model_call","step":"notes","think":false,"attempt":1,"wall_ms":0,"load_duration":0,"prompt_eval_count":0,"prompt_eval_duration":0,"eval_count":3,"eval_duration":0,"thinking_chars":0,"thinking_detected":false,"outcome":"ok"}
{"event":"deep_research_model_call","step":"write","think":true,"attempt":1,"wall_ms":0,"load_duration":0,"prompt_eval_count":0,"prompt_eval_duration":0,"eval_count":3,"eval_duration":0,"thinking_chars":0,"thinking_detected":false,"outcome":"ok"}
{"event":"deep_research_model_call","step":"brief","think":false,"attempt":1,"wall_ms":0,"load_duration":0,"prompt_eval_count":0,"prompt_eval_duration":0,"eval_count":3,"eval_duration":0,"thinking_chars":0,"thinking_detected":false,"outcome":"ok"}
{"event":"deep_research_model_call","step":"plan","think":true,"attempt":1,"wall_ms":0,"load_duration":0,"prompt_eval_count":0,"prompt_eval_duration":0,"eval_count":3,"eval_duration":0,"thinking_chars":0,"thinking_detected":false,"outcome":"ok"}
{"event":"deep_research_model_call","step":"queries","think":false,"attempt":1,"wall_ms":0,"load_duration":0,"prompt_eval_count":0,"prompt_eval_duration":0,"eval_count":3,"eval_duration":0,"thinking_chars":0,"thinking_detected":false,"outcome":"ok"}
{"event":"deep_research_model_call","step":"pages","think":false,"attempt":1,"wall_ms":0,"load_duration":0,"prompt_eval_count":0,"prompt_eval_duration":0,"eval_count":3,"eval_duration":0,"thinking_chars":0,"thinking_detected":false,"outcome":"ok"}
{"event":"deep_research_model_call","step":"notes","think":false,"attempt":1,"wall_ms":1,"load_duration":0,"prompt_eval_count":0,"prompt_eval_duration":0,"eval_count":3,"eval_duration":0,"thinking_chars":0,"thinking_detected":false,"outcome":"ok"}
{"event":"deep_research_model_call","step":"queries","think":false,"attempt":1,"wall_ms":0,"load_duration":0,"prompt_eval_count":0,"prompt_eval_duration":0,"eval_count":3,"eval_duration":0,"thinking_chars":0,"thinking_detected":false,"outcome":"ok"}
{"event":"deep_research_model_call","step":"pages","think":false,"attempt":1,"wall_ms":0,"load_duration":0,"prompt_eval_count":0,"prompt_eval_duration":0,"eval_count":3,"eval_duration":0,"thinking_chars":0,"thinking_detected":false,"outcome":"ok"}
{"event":"deep_research_model_call","step":"notes","think":false,"attempt":1,"wall_ms":0,"load_duration":0,"prompt_eval_count":0,"prompt_eval_duration":0,"eval_count":3,"eval_duration":0,"thinking_chars":0,"thinking_detected":false,"outcome":"ok"}
{"event":"deep_research_model_call","step":"queries","think":false,"attempt":1,"wall_ms":0,"load_duration":0,"prompt_eval_count":0,"prompt_eval_duration":0,"eval_count":3,"eval_duration":0,"thinking_chars":0,"thinking_detected":false,"outcome":"ok"}
{"event":"deep_research_model_call","step":"pages","think":false,"attempt":1,"wall_ms":0,"load_duration":0,"prompt_eval_count":0,"prompt_eval_duration":0,"eval_count":3,"eval_duration":0,"thinking_chars":0,"thinking_detected":false,"outcome":"ok"}
{"event":"deep_research_model_call","step":"notes","think":false,"attempt":1,"wall_ms":0,"load_duration":0,"prompt_eval_count":0,"prompt_eval_duration":0,"eval_count":3,"eval_duration":0,"thinking_chars":0,"thinking_detected":false,"outcome":"ok"}
{"event":"deep_research_model_call","step":"notes","think":false,"attempt":1,"wall_ms":0,"load_duration":0,"prompt_eval_count":0,"prompt_eval_duration":0,"eval_count":3,"eval_duration":0,"thinking_chars":0,"thinking_detected":false,"outcome":"ok"}
{"event":"deep_research_model_call","step":"notes","think":false,"attempt":1,"wall_ms":0,"load_duration":0,"prompt_eval_count":0,"prompt_eval_duration":0,"eval_count":3,"eval_duration":0,"thinking_chars":0,"thinking_detected":false,"outcome":"ok"}
{"event":"deep_research_model_call","step":"write","think":true,"attempt":1,"wall_ms":0,"load_duration":0,"prompt_eval_count":0,"prompt_eval_duration":0,"eval_count":3,"eval_duration":0,"thinking_chars":0,"thinking_detected":false,"outcome":"ok"}
{"event":"deep_research_model_call","step":"brief","think":false,"attempt":1,"wall_ms":0,"load_duration":0,"prompt_eval_count":0,"prompt_eval_duration":0,"eval_count":3,"eval_duration":0,"thinking_chars":0,"thinking_detected":false,"outcome":"ok"}
{"event":"deep_research_model_call","step":"plan","think":true,"attempt":1,"wall_ms":0,"load_duration":0,"prompt_eval_count":0,"prompt_eval_duration":0,"eval_count":3,"eval_duration":0,"thinking_chars":0,"thinking_detected":false,"outcome":"ok"}
{"event":"deep_research_model_call","step":"queries","think":false,"attempt":1,"wall_ms":0,"load_duration":0,"prompt_eval_count":0,"prompt_eval_duration":0,"eval_count":3,"eval_duration":0,"thinking_chars":0,"thinking_detected":false,"outcome":"ok"}
{"event":"deep_research_model_call","step":"pages","think":false,"attempt":1,"wall_ms":0,"load_duration":0,"prompt_eval_count":0,"prompt_eval_duration":0,"eval_count":3,"eval_duration":0,"thinking_chars":0,"thinking_detected":false,"outcome":"ok"}
{"event":"deep_research_model_call","step":"notes","think":false,"attempt":1,"wall_ms":0,"load_duration":0,"prompt_eval_count":0,"prompt_eval_duration":0,"eval_count":3,"eval_duration":0,"thinking_chars":0,"thinking_detected":false,"outcome":"ok"}
{"event":"deep_research_model_call","step":"queries","think":false,"attempt":1,"wall_ms":0,"load_duration":0,"prompt_eval_count":0,"prompt_eval_duration":0,"eval_count":3,"eval_duration":0,"thinking_chars":0,"thinking_detected":false,"outcome":"ok"}
{"event":"deep_research_model_call","step":"pages","think":false,"attempt":1,"wall_ms":0,"load_duration":0,"prompt_eval_count":0,"prompt_eval_duration":0,"eval_count":3,"eval_duration":0,"thinking_chars":0,"thinking_detected":false,"outcome":"ok"}
{"event":"deep_research_model_call","step":"notes","think":false,"attempt":1,"wall_ms":0,"load_duration":0,"prompt_eval_count":0,"prompt_eval_duration":0,"eval_count":3,"eval_duration":0,"thinking_chars":0,"thinking_detected":false,"outcome":"ok"}
{"event":"deep_research_model_call","step":"queries","think":false,"attempt":1,"wall_ms":0,"load_duration":0,"prompt_eval_count":0,"prompt_eval_duration":0,"eval_count":3,"eval_duration":0,"thinking_chars":0,"thinking_detected":false,"outcome":"ok"}
{"event":"deep_research_model_call","step":"pages","think":false,"attempt":1,"wall_ms":0,"load_duration":0,"prompt_eval_count":0,"prompt_eval_duration":0,"eval_count":3,"eval_duration":0,"thinking_chars":0,"thinking_detected":false,"outcome":"ok"}
{"event":"deep_research_model_call","step":"notes","think":false,"attempt":1,"wall_ms":0,"load_duration":0,"prompt_eval_count":0,"prompt_eval_duration":0,"eval_count":3,"eval_duration":0,"thinking_chars":0,"thinking_detected":false,"outcome":"ok"}
{"event":"deep_research_model_call","step":"notes","think":false,"attempt":1,"wall_ms":0,"load_duration":0,"prompt_eval_count":0,"prompt_eval_duration":0,"eval_count":3,"eval_duration":0,"thinking_chars":0,"thinking_detected":false,"outcome":"ok"}
{"event":"deep_research_model_call","step":"notes","think":false,"attempt":1,"wall_ms":0,"load_duration":0,"prompt_eval_count":0,"prompt_eval_duration":0,"eval_count":3,"eval_duration":0,"thinking_chars":0,"thinking_detected":false,"outcome":"ok"}
{"event":"deep_research_model_call","step":"notes","think":false,"attempt":1,"wall_ms":0,"load_duration":0,"prompt_eval_count":0,"prompt_eval_duration":0,"eval_count":3,"eval_duration":0,"thinking_chars":0,"thinking_detected":false,"outcome":"ok"}
{"event":"deep_research_model_call","step":"gap","think":false,"attempt":1,"wall_ms":0,"load_duration":0,"prompt_eval_count":0,"prompt_eval_duration":0,"eval_count":3,"eval_duration":0,"thinking_chars":0,"thinking_detected":false,"outcome":"ok"}
{"event":"deep_research_model_call","step":"pages","think":false,"attempt":1,"wall_ms":0,"load_duration":0,"prompt_eval_count":0,"prompt_eval_duration":0,"eval_count":3,"eval_duration":0,"thinking_chars":0,"thinking_detected":false,"outcome":"ok"}
{"event":"deep_research_model_call","step":"notes","think":false,"attempt":1,"wall_ms":0,"load_duration":0,"prompt_eval_count":0,"prompt_eval_duration":0,"eval_count":3,"eval_duration":0,"thinking_chars":0,"thinking_detected":false,"outcome":"ok"}
{"event":"deep_research_model_call","step":"gap","think":false,"attempt":1,"wall_ms":0,"load_duration":0,"prompt_eval_count":0,"prompt_eval_duration":0,"eval_count":3,"eval_duration":0,"thinking_chars":0,"thinking_detected":false,"outcome":"ok"}
{"event":"deep_research_model_call","step":"pages","think":false,"attempt":1,"wall_ms":0,"load_duration":0,"prompt_eval_count":0,"prompt_eval_duration":0,"eval_count":3,"eval_duration":0,"thinking_chars":0,"thinking_detected":false,"outcome":"ok"}
{"event":"deep_research_model_call","step":"notes","think":false,"attempt":1,"wall_ms":0,"load_duration":0,"prompt_eval_count":0,"prompt_eval_duration":0,"eval_count":3,"eval_duration":0,"thinking_chars":0,"thinking_detected":false,"outcome":"ok"}
{"event":"deep_research_model_call","step":"notes","think":false,"attempt":1,"wall_ms":0,"load_duration":0,"prompt_eval_count":0,"prompt_eval_duration":0,"eval_count":3,"eval_duration":0,"thinking_chars":0,"thinking_detected":false,"outcome":"ok"}
{"event":"deep_research_model_call","step":"notes","think":false,"attempt":1,"wall_ms":0,"load_duration":0,"prompt_eval_count":0,"prompt_eval_duration":0,"eval_count":3,"eval_duration":0,"thinking_chars":0,"thinking_detected":false,"outcome":"ok"}
{"event":"deep_research_model_call","step":"write","think":true,"attempt":1,"wall_ms":0,"load_duration":0,"prompt_eval_count":0,"prompt_eval_duration":0,"eval_count":3,"eval_duration":0,"thinking_chars":0,"thinking_detected":false,"outcome":"ok"}
{"event":"deep_research_model_call","step":"brief","think":false,"attempt":1,"wall_ms":0,"load_duration":0,"prompt_eval_count":0,"prompt_eval_duration":0,"eval_count":3,"eval_duration":0,"thinking_chars":0,"thinking_detected":false,"outcome":"ok"}
{"event":"deep_research_model_call","step":"plan","think":true,"attempt":1,"wall_ms":0,"load_duration":0,"prompt_eval_count":0,"prompt_eval_duration":0,"eval_count":3,"eval_duration":0,"thinking_chars":0,"thinking_detected":false,"outcome":"ok"}
{"event":"deep_research_model_call","step":"queries","think":false,"attempt":1,"wall_ms":0,"load_duration":0,"prompt_eval_count":0,"prompt_eval_duration":0,"eval_count":3,"eval_duration":0,"thinking_chars":0,"thinking_detected":false,"outcome":"ok"}
{"event":"deep_research_model_call","step":"pages","think":false,"attempt":1,"wall_ms":0,"load_duration":0,"prompt_eval_count":0,"prompt_eval_duration":0,"eval_count":3,"eval_duration":0,"thinking_chars":0,"thinking_detected":false,"outcome":"ok"}
{"event":"deep_research_model_call","step":"notes","think":false,"attempt":1,"wall_ms":0,"load_duration":0,"prompt_eval_count":0,"prompt_eval_duration":0,"eval_count":3,"eval_duration":0,"thinking_chars":0,"thinking_detected":false,"outcome":"ok"}
{"event":"deep_research_model_call","step":"queries","think":false,"attempt":1,"wall_ms":0,"load_duration":0,"prompt_eval_count":0,"prompt_eval_duration":0,"eval_count":3,"eval_duration":0,"thinking_chars":0,"thinking_detected":false,"outcome":"ok"}
{"event":"deep_research_model_call","step":"pages","think":false,"attempt":1,"wall_ms":0,"load_duration":0,"prompt_eval_count":0,"prompt_eval_duration":0,"eval_count":3,"eval_duration":0,"thinking_chars":0,"thinking_detected":false,"outcome":"ok"}
{"event":"deep_research_model_call","step":"notes","think":false,"attempt":1,"wall_ms":0,"load_duration":0,"prompt_eval_count":0,"prompt_eval_duration":0,"eval_count":3,"eval_duration":0,"thinking_chars":0,"thinking_detected":false,"outcome":"ok"}
{"event":"deep_research_model_call","step":"gap","think":false,"attempt":1,"wall_ms":0,"load_duration":0,"prompt_eval_count":0,"prompt_eval_duration":0,"eval_count":3,"eval_duration":0,"thinking_chars":0,"thinking_detected":false,"outcome":"ok"}
{"event":"deep_research_model_call","step":"gap","think":false,"attempt":1,"wall_ms":0,"load_duration":0,"prompt_eval_count":0,"prompt_eval_duration":0,"eval_count":3,"eval_duration":0,"thinking_chars":0,"thinking_detected":false,"outcome":"ok"}
{"event":"deep_research_model_call","step":"pages","think":false,"attempt":1,"wall_ms":0,"load_duration":0,"prompt_eval_count":0,"prompt_eval_duration":0,"eval_count":3,"eval_duration":0,"thinking_chars":0,"thinking_detected":false,"outcome":"ok"}
{"event":"deep_research_model_call","step":"notes","think":false,"attempt":1,"wall_ms":0,"load_duration":0,"prompt_eval_count":0,"prompt_eval_duration":0,"eval_count":3,"eval_duration":0,"thinking_chars":0,"thinking_detected":false,"outcome":"ok"}
{"event":"deep_research_model_call","step":"gap","think":false,"attempt":1,"wall_ms":0,"load_duration":0,"prompt_eval_count":0,"prompt_eval_duration":0,"eval_count":3,"eval_duration":0,"thinking_chars":0,"thinking_detected":false,"outcome":"ok"}
{"event":"deep_research_model_call","step":"pages","think":false,"attempt":1,"wall_ms":0,"load_duration":0,"prompt_eval_count":0,"prompt_eval_duration":0,"eval_count":3,"eval_duration":0,"thinking_chars":0,"thinking_detected":false,"outcome":"ok"}
{"event":"deep_research_model_call","step":"notes","think":false,"attempt":1,"wall_ms":0,"load_duration":0,"prompt_eval_count":0,"prompt_eval_duration":0,"eval_count":3,"eval_duration":0,"thinking_chars":0,"thinking_detected":false,"outcome":"ok"}
{"event":"deep_research_model_call","step":"write","think":true,"attempt":1,"wall_ms":0,"load_duration":0,"prompt_eval_count":0,"prompt_eval_duration":0,"eval_count":3,"eval_duration":0,"thinking_chars":0,"thinking_detected":false,"outcome":"ok"}
{"event":"deep_research_model_call","step":"brief","think":false,"attempt":1,"wall_ms":3,"load_duration":0,"prompt_eval_count":0,"prompt_eval_duration":0,"eval_count":3,"eval_duration":0,"thinking_chars":0,"thinking_detected":false,"outcome":"ok"}
{"event":"deep_research_model_call","step":"plan","think":true,"attempt":1,"wall_ms":4,"load_duration":0,"prompt_eval_count":0,"prompt_eval_duration":0,"eval_count":3,"eval_duration":0,"thinking_chars":0,"thinking_detected":false,"outcome":"ok"}
{"event":"deep_research_model_call","step":"queries","think":false,"attempt":1,"wall_ms":3,"load_duration":0,"prompt_eval_count":0,"prompt_eval_duration":0,"eval_count":3,"eval_duration":0,"thinking_chars":0,"thinking_detected":false,"outcome":"ok"}
{"event":"deep_research_model_call","step":"pages","think":false,"attempt":1,"wall_ms":4,"load_duration":0,"prompt_eval_count":0,"prompt_eval_duration":0,"eval_count":3,"eval_duration":0,"thinking_chars":0,"thinking_detected":false,"outcome":"ok"}
{"event":"deep_research_model_call","step":"notes","think":false,"attempt":1,"wall_ms":4,"load_duration":0,"prompt_eval_count":0,"prompt_eval_duration":0,"eval_count":3,"eval_duration":0,"thinking_chars":0,"thinking_detected":false,"outcome":"ok"}
{"event":"deep_research_model_call","step":"queries","think":false,"attempt":1,"wall_ms":4,"load_duration":0,"prompt_eval_count":0,"prompt_eval_duration":0,"eval_count":3,"eval_duration":0,"thinking_chars":0,"thinking_detected":false,"outcome":"ok"}
{"event":"deep_research_model_call","step":"pages","think":false,"attempt":1,"wall_ms":4,"load_duration":0,"prompt_eval_count":0,"prompt_eval_duration":0,"eval_count":3,"eval_duration":0,"thinking_chars":0,"thinking_detected":false,"outcome":"ok"}
{"event":"deep_research_model_call","step":"notes","think":false,"attempt":1,"wall_ms":4,"load_duration":0,"prompt_eval_count":0,"prompt_eval_duration":0,"eval_count":3,"eval_duration":0,"thinking_chars":0,"thinking_detected":false,"outcome":"ok"}
{"event":"deep_research_model_call","step":"queries","think":false,"attempt":1,"wall_ms":3,"load_duration":0,"prompt_eval_count":0,"prompt_eval_duration":0,"eval_count":3,"eval_duration":0,"thinking_chars":0,"thinking_detected":false,"outcome":"ok"}
{"event":"deep_research_model_call","step":"pages","think":false,"attempt":1,"wall_ms":4,"load_duration":0,"prompt_eval_count":0,"prompt_eval_duration":0,"eval_count":3,"eval_duration":0,"thinking_chars":0,"thinking_detected":false,"outcome":"ok"}
{"event":"deep_research_model_call","step":"notes","think":false,"attempt":1,"wall_ms":4,"load_duration":0,"prompt_eval_count":0,"prompt_eval_duration":0,"eval_count":3,"eval_duration":0,"thinking_chars":0,"thinking_detected":false,"outcome":"ok"}
{"event":"deep_research_model_call","step":"notes","think":false,"attempt":1,"wall_ms":3,"load_duration":0,"prompt_eval_count":0,"prompt_eval_duration":0,"eval_count":3,"eval_duration":0,"thinking_chars":0,"thinking_detected":false,"outcome":"ok"}
{"event":"deep_research_model_call","step":"notes","think":false,"attempt":1,"wall_ms":3,"load_duration":0,"prompt_eval_count":0,"prompt_eval_duration":0,"eval_count":3,"eval_duration":0,"thinking_chars":0,"thinking_detected":false,"outcome":"ok"}
{"event":"deep_research_model_call","step":"notes","think":false,"attempt":1,"wall_ms":4,"load_duration":0,"prompt_eval_count":0,"prompt_eval_duration":0,"eval_count":3,"eval_duration":0,"thinking_chars":0,"thinking_detected":false,"outcome":"ok"}
{"event":"deep_research_model_call","step":"write","think":true,"attempt":1,"wall_ms":3,"load_duration":0,"prompt_eval_count":0,"prompt_eval_duration":0,"eval_count":3,"eval_duration":0,"thinking_chars":0,"thinking_detected":false,"outcome":"ok"}
{"event":"deep_research_model_call","step":"brief","think":false,"attempt":1,"wall_ms":0,"load_duration":0,"prompt_eval_count":0,"prompt_eval_duration":0,"eval_count":3,"eval_duration":0,"thinking_chars":0,"thinking_detected":false,"outcome":"ok"}
{"event":"deep_research_model_call","step":"plan","think":true,"attempt":1,"wall_ms":1,"load_duration":0,"prompt_eval_count":0,"prompt_eval_duration":0,"eval_count":3,"eval_duration":0,"thinking_chars":0,"thinking_detected":false,"outcome":"ok"}
{"event":"deep_research_model_call","step":"queries","think":false,"attempt":1,"wall_ms":0,"load_duration":0,"prompt_eval_count":0,"prompt_eval_duration":0,"eval_count":3,"eval_duration":0,"thinking_chars":0,"thinking_detected":false,"outcome":"ok"}
{"event":"deep_research_model_call","step":"pages","think":false,"attempt":1,"wall_ms":0,"load_duration":0,"prompt_eval_count":0,"prompt_eval_duration":0,"eval_count":3,"eval_duration":0,"thinking_chars":0,"thinking_detected":false,"outcome":"ok"}
{"event":"deep_research_model_call","step":"notes","think":false,"attempt":1,"wall_ms":0,"load_duration":0,"prompt_eval_count":0,"prompt_eval_duration":0,"eval_count":3,"eval_duration":0,"thinking_chars":0,"thinking_detected":false,"outcome":"ok"}
{"event":"deep_research_model_call","step":"queries","think":false,"attempt":1,"wall_ms":0,"load_duration":0,"prompt_eval_count":0,"prompt_eval_duration":0,"eval_count":3,"eval_duration":0,"thinking_chars":0,"thinking_detected":false,"outcome":"ok"}
{"event":"deep_research_model_call","step":"pages","think":false,"attempt":1,"wall_ms":0,"load_duration":0,"prompt_eval_count":0,"prompt_eval_duration":0,"eval_count":3,"eval_duration":0,"thinking_chars":0,"thinking_detected":false,"outcome":"ok"}
{"event":"deep_research_model_call","step":"write","think":true,"attempt":1,"wall_ms":0,"load_duration":0,"prompt_eval_count":0,"prompt_eval_duration":0,"eval_count":3,"eval_duration":0,"thinking_chars":0,"thinking_detected":false,"outcome":"ok"}
{"event":"deep_research_model_call","step":"brief","think":false,"attempt":1,"wall_ms":0,"load_duration":0,"prompt_eval_count":0,"prompt_eval_duration":0,"eval_count":3,"eval_duration":0,"thinking_chars":0,"thinking_detected":false,"outcome":"ok"}
{"event":"deep_research_model_call","step":"plan","think":true,"attempt":1,"wall_ms":0,"load_duration":0,"prompt_eval_count":0,"prompt_eval_duration":0,"eval_count":3,"eval_duration":0,"thinking_chars":0,"thinking_detected":false,"outcome":"ok"}
{"event":"deep_research_model_call","step":"queries","think":false,"attempt":1,"wall_ms":1,"load_duration":0,"prompt_eval_count":0,"prompt_eval_duration":0,"eval_count":3,"eval_duration":0,"thinking_chars":0,"thinking_detected":false,"outcome":"ok"}
{"event":"deep_research_model_call","step":"pages","think":false,"attempt":1,"wall_ms":0,"load_duration":0,"prompt_eval_count":0,"prompt_eval_duration":0,"eval_count":3,"eval_duration":0,"thinking_chars":0,"thinking_detected":false,"outcome":"ok"}
{"event":"deep_research_model_call","step":"notes","think":false,"attempt":1,"wall_ms":0,"load_duration":0,"prompt_eval_count":0,"prompt_eval_duration":0,"eval_count":3,"eval_duration":0,"thinking_chars":0,"thinking_detected":false,"outcome":"ok"}
{"event":"deep_research_model_call","step":"queries","think":false,"attempt":1,"wall_ms":1,"load_duration":0,"prompt_eval_count":0,"prompt_eval_duration":0,"eval_count":3,"eval_duration":0,"thinking_chars":0,"thinking_detected":false,"outcome":"ok"}
{"event":"deep_research_model_call","step":"pages","think":false,"attempt":1,"wall_ms":0,"load_duration":0,"prompt_eval_count":0,"prompt_eval_duration":0,"eval_count":3,"eval_duration":0,"thinking_chars":0,"thinking_detected":false,"outcome":"ok"}
{"event":"deep_research_model_call","step":"write","think":true,"attempt":1,"wall_ms":0,"load_duration":0,"prompt_eval_count":0,"prompt_eval_duration":0,"eval_count":3,"eval_duration":0,"thinking_chars":0,"thinking_detected":false,"outcome":"ok"}

src/http/deepResearchResume.test.ts:
{"event":"deep_research_model_call","step":"brief","think":false,"attempt":1,"wall_ms":0,"load_duration":0,"prompt_eval_count":0,"prompt_eval_duration":0,"eval_count":3,"eval_duration":0,"thinking_chars":0,"thinking_detected":false,"outcome":"ok"}
{"event":"deep_research_model_call","step":"plan","think":true,"attempt":1,"wall_ms":0,"load_duration":0,"prompt_eval_count":0,"prompt_eval_duration":0,"eval_count":3,"eval_duration":0,"thinking_chars":0,"thinking_detected":false,"outcome":"ok"}
{"event":"deep_research_model_call","step":"queries","think":false,"attempt":1,"wall_ms":1,"load_duration":0,"prompt_eval_count":0,"prompt_eval_duration":0,"eval_count":3,"eval_duration":0,"thinking_chars":0,"thinking_detected":false,"outcome":"ok"}
{"event":"deep_research_model_call","step":"pages","think":false,"attempt":1,"wall_ms":0,"load_duration":0,"prompt_eval_count":0,"prompt_eval_duration":0,"eval_count":3,"eval_duration":0,"thinking_chars":0,"thinking_detected":false,"outcome":"ok"}
{"event":"deep_research_model_call","step":"notes","think":false,"attempt":1,"wall_ms":1,"load_duration":0,"prompt_eval_count":0,"prompt_eval_duration":0,"eval_count":3,"eval_duration":0,"thinking_chars":0,"thinking_detected":false,"outcome":"ok"}
{"event":"deep_research_model_call","step":"queries","think":false,"attempt":1,"wall_ms":0,"load_duration":0,"prompt_eval_count":0,"prompt_eval_duration":0,"eval_count":3,"eval_duration":0,"thinking_chars":0,"thinking_detected":false,"outcome":"ok"}
{"event":"deep_research_model_call","step":"queries","think":false,"attempt":1,"wall_ms":0,"load_duration":0,"prompt_eval_count":0,"prompt_eval_duration":0,"eval_count":3,"eval_duration":0,"thinking_chars":0,"thinking_detected":false,"outcome":"ok"}
{"event":"deep_research_model_call","step":"queries","think":false,"attempt":1,"wall_ms":0,"load_duration":0,"prompt_eval_count":0,"prompt_eval_duration":0,"eval_count":3,"eval_duration":0,"thinking_chars":0,"thinking_detected":false,"outcome":"ok"}
{"event":"deep_research_model_call","step":"pages","think":false,"attempt":1,"wall_ms":0,"load_duration":0,"prompt_eval_count":0,"prompt_eval_duration":0,"eval_count":3,"eval_duration":0,"thinking_chars":0,"thinking_detected":false,"outcome":"ok"}
{"event":"deep_research_model_call","step":"notes","think":false,"attempt":1,"wall_ms":0,"load_duration":0,"prompt_eval_count":0,"prompt_eval_duration":0,"eval_count":3,"eval_duration":0,"thinking_chars":0,"thinking_detected":false,"outcome":"ok"}
{"event":"deep_research_model_call","step":"notes","think":false,"attempt":1,"wall_ms":1,"load_duration":0,"prompt_eval_count":0,"prompt_eval_duration":0,"eval_count":3,"eval_duration":0,"thinking_chars":0,"thinking_detected":false,"outcome":"ok"}
{"event":"deep_research_model_call","step":"notes","think":false,"attempt":1,"wall_ms":0,"load_duration":0,"prompt_eval_count":0,"prompt_eval_duration":0,"eval_count":3,"eval_duration":0,"thinking_chars":0,"thinking_detected":false,"outcome":"ok"}
{"event":"deep_research_model_call","step":"write","think":true,"attempt":1,"wall_ms":0,"load_duration":0,"prompt_eval_count":0,"prompt_eval_duration":0,"eval_count":3,"eval_duration":0,"thinking_chars":0,"thinking_detected":false,"outcome":"ok"}
{"event":"deep_research_model_call","step":"brief","think":false,"attempt":1,"wall_ms":0,"load_duration":0,"prompt_eval_count":0,"prompt_eval_duration":0,"eval_count":3,"eval_duration":0,"thinking_chars":0,"thinking_detected":false,"outcome":"ok"}
{"event":"deep_research_model_call","step":"plan","think":true,"attempt":1,"wall_ms":0,"load_duration":0,"prompt_eval_count":0,"prompt_eval_duration":0,"eval_count":3,"eval_duration":0,"thinking_chars":0,"thinking_detected":false,"outcome":"ok"}
{"event":"deep_research_model_call","step":"queries","think":false,"attempt":1,"wall_ms":0,"load_duration":0,"prompt_eval_count":0,"prompt_eval_duration":0,"eval_count":3,"eval_duration":0,"thinking_chars":0,"thinking_detected":false,"outcome":"ok"}
{"event":"deep_research_model_call","step":"pages","think":false,"attempt":1,"wall_ms":0,"load_duration":0,"prompt_eval_count":0,"prompt_eval_duration":0,"eval_count":3,"eval_duration":0,"thinking_chars":0,"thinking_detected":false,"outcome":"ok"}
{"event":"deep_research_model_call","step":"notes","think":false,"attempt":1,"wall_ms":1,"load_duration":0,"prompt_eval_count":0,"prompt_eval_duration":0,"eval_count":3,"eval_duration":0,"thinking_chars":0,"thinking_detected":false,"outcome":"ok"}
{"event":"deep_research_model_call","step":"queries","think":false,"attempt":1,"wall_ms":0,"load_duration":0,"prompt_eval_count":0,"prompt_eval_duration":0,"eval_count":3,"eval_duration":0,"thinking_chars":0,"thinking_detected":false,"outcome":"ok"}
{"event":"deep_research_model_call","step":"queries","think":false,"attempt":1,"wall_ms":0,"load_duration":0,"prompt_eval_count":0,"prompt_eval_duration":0,"eval_count":3,"eval_duration":0,"thinking_chars":0,"thinking_detected":false,"outcome":"ok"}
{"event":"deep_research_model_call","step":"queries","think":false,"attempt":1,"wall_ms":0,"load_duration":0,"prompt_eval_count":0,"prompt_eval_duration":0,"eval_count":3,"eval_duration":0,"thinking_chars":0,"thinking_detected":false,"outcome":"ok"}
{"event":"deep_research_model_call","step":"pages","think":false,"attempt":1,"wall_ms":0,"load_duration":0,"prompt_eval_count":0,"prompt_eval_duration":0,"eval_count":3,"eval_duration":0,"thinking_chars":0,"thinking_detected":false,"outcome":"ok"}
{"event":"deep_research_model_call","step":"notes","think":false,"attempt":1,"wall_ms":0,"load_duration":0,"prompt_eval_count":0,"prompt_eval_duration":0,"eval_count":3,"eval_duration":0,"thinking_chars":0,"thinking_detected":false,"outcome":"ok"}
{"event":"deep_research_model_call","step":"notes","think":false,"attempt":1,"wall_ms":0,"load_duration":0,"prompt_eval_count":0,"prompt_eval_duration":0,"eval_count":3,"eval_duration":0,"thinking_chars":0,"thinking_detected":false,"outcome":"ok"}
{"event":"deep_research_model_call","step":"notes","think":false,"attempt":1,"wall_ms":0,"load_duration":0,"prompt_eval_count":0,"prompt_eval_duration":0,"eval_count":3,"eval_duration":0,"thinking_chars":0,"thinking_detected":false,"outcome":"ok"}
{"event":"deep_research_model_call","step":"write","think":true,"attempt":1,"wall_ms":0,"load_duration":0,"prompt_eval_count":0,"prompt_eval_duration":0,"eval_count":3,"eval_duration":0,"thinking_chars":0,"thinking_detected":false,"outcome":"ok"}
{"event":"deep_research_model_call","step":"brief","think":false,"attempt":1,"wall_ms":0,"load_duration":0,"prompt_eval_count":0,"prompt_eval_duration":0,"eval_count":3,"eval_duration":0,"thinking_chars":0,"thinking_detected":false,"outcome":"ok"}
{"event":"deep_research_model_call","step":"plan","think":true,"attempt":1,"wall_ms":0,"load_duration":0,"prompt_eval_count":0,"prompt_eval_duration":0,"eval_count":3,"eval_duration":0,"thinking_chars":0,"thinking_detected":false,"outcome":"ok"}
{"event":"deep_research_model_call","step":"queries","think":false,"attempt":1,"wall_ms":0,"load_duration":0,"prompt_eval_count":0,"prompt_eval_duration":0,"eval_count":3,"eval_duration":0,"thinking_chars":0,"thinking_detected":false,"outcome":"ok"}
{"event":"deep_research_model_call","step":"pages","think":false,"attempt":1,"wall_ms":1,"load_duration":0,"prompt_eval_count":0,"prompt_eval_duration":0,"eval_count":3,"eval_duration":0,"thinking_chars":0,"thinking_detected":false,"outcome":"ok"}

src/http/deepResearch.test.ts:
{"event":"deep_research_model_call","step":"brief","think":false,"attempt":1,"wall_ms":0,"load_duration":0,"prompt_eval_count":0,"prompt_eval_duration":0,"eval_count":3,"eval_duration":0,"thinking_chars":0,"thinking_detected":false,"outcome":"ok"}
{"event":"deep_research_model_call","step":"plan","think":true,"attempt":1,"wall_ms":0,"load_duration":0,"prompt_eval_count":0,"prompt_eval_duration":0,"eval_count":3,"eval_duration":0,"thinking_chars":0,"thinking_detected":false,"outcome":"ok"}
{"event":"deep_research_model_call","step":"queries","think":false,"attempt":1,"wall_ms":0,"load_duration":0,"prompt_eval_count":0,"prompt_eval_duration":0,"eval_count":3,"eval_duration":0,"thinking_chars":0,"thinking_detected":false,"outcome":"ok"}
{"event":"deep_research_model_call","step":"pages","think":false,"attempt":1,"wall_ms":0,"load_duration":0,"prompt_eval_count":0,"prompt_eval_duration":0,"eval_count":3,"eval_duration":0,"thinking_chars":0,"thinking_detected":false,"outcome":"ok"}
{"event":"deep_research_model_call","step":"notes","think":false,"attempt":1,"wall_ms":0,"load_duration":0,"prompt_eval_count":0,"prompt_eval_duration":0,"eval_count":3,"eval_duration":0,"thinking_chars":0,"thinking_detected":false,"outcome":"ok"}
{"event":"deep_research_model_call","step":"queries","think":false,"attempt":1,"wall_ms":0,"load_duration":0,"prompt_eval_count":0,"prompt_eval_duration":0,"eval_count":3,"eval_duration":0,"thinking_chars":0,"thinking_detected":false,"outcome":"ok"}
{"event":"deep_research_model_call","step":"queries","think":false,"attempt":1,"wall_ms":0,"load_duration":0,"prompt_eval_count":0,"prompt_eval_duration":0,"eval_count":3,"eval_duration":0,"thinking_chars":0,"thinking_detected":false,"outcome":"ok"}
{"event":"deep_research_model_call","step":"queries","think":false,"attempt":1,"wall_ms":0,"load_duration":0,"prompt_eval_count":0,"prompt_eval_duration":0,"eval_count":3,"eval_duration":0,"thinking_chars":0,"thinking_detected":false,"outcome":"ok"}
{"event":"deep_research_model_call","step":"pages","think":false,"attempt":1,"wall_ms":0,"load_duration":0,"prompt_eval_count":0,"prompt_eval_duration":0,"eval_count":3,"eval_duration":0,"thinking_chars":0,"thinking_detected":false,"outcome":"ok"}
{"event":"deep_research_model_call","step":"notes","think":false,"attempt":1,"wall_ms":0,"load_duration":0,"prompt_eval_count":0,"prompt_eval_duration":0,"eval_count":3,"eval_duration":0,"thinking_chars":0,"thinking_detected":false,"outcome":"ok"}
{"event":"deep_research_model_call","step":"notes","think":false,"attempt":1,"wall_ms":0,"load_duration":0,"prompt_eval_count":0,"prompt_eval_duration":0,"eval_count":3,"eval_duration":0,"thinking_chars":0,"thinking_detected":false,"outcome":"ok"}
{"event":"deep_research_model_call","step":"notes","think":false,"attempt":1,"wall_ms":0,"load_duration":0,"prompt_eval_count":0,"prompt_eval_duration":0,"eval_count":3,"eval_duration":0,"thinking_chars":0,"thinking_detected":false,"outcome":"ok"}
{"event":"deep_research_model_call","step":"write","think":true,"attempt":1,"wall_ms":0,"load_duration":0,"prompt_eval_count":0,"prompt_eval_duration":0,"eval_count":3,"eval_duration":0,"thinking_chars":0,"thinking_detected":false,"outcome":"ok"}
{"event":"deep_research_model_call","step":"brief","think":false,"attempt":1,"wall_ms":0,"load_duration":0,"prompt_eval_count":0,"prompt_eval_duration":0,"eval_count":3,"eval_duration":0,"thinking_chars":0,"thinking_detected":false,"outcome":"ok"}
{"event":"deep_research_model_call","step":"plan","think":true,"attempt":1,"wall_ms":0,"load_duration":0,"prompt_eval_count":0,"prompt_eval_duration":0,"eval_count":3,"eval_duration":0,"thinking_chars":0,"thinking_detected":false,"outcome":"ok"}
{"event":"deep_research_model_call","step":"queries","think":false,"attempt":1,"wall_ms":0,"load_duration":0,"prompt_eval_count":0,"prompt_eval_duration":0,"eval_count":3,"eval_duration":0,"thinking_chars":0,"thinking_detected":false,"outcome":"ok"}
{"event":"deep_research_model_call","step":"pages","think":false,"attempt":1,"wall_ms":0,"load_duration":0,"prompt_eval_count":0,"prompt_eval_duration":0,"eval_count":3,"eval_duration":0,"thinking_chars":0,"thinking_detected":false,"outcome":"ok"}
{"event":"deep_research_model_call","step":"notes","think":false,"attempt":1,"wall_ms":0,"load_duration":0,"prompt_eval_count":0,"prompt_eval_duration":0,"eval_count":3,"eval_duration":0,"thinking_chars":0,"thinking_detected":false,"outcome":"ok"}
{"event":"deep_research_model_call","step":"queries","think":false,"attempt":1,"wall_ms":0,"load_duration":0,"prompt_eval_count":0,"prompt_eval_duration":0,"eval_count":3,"eval_duration":0,"thinking_chars":0,"thinking_detected":false,"outcome":"ok"}
{"event":"deep_research_model_call","step":"queries","think":false,"attempt":1,"wall_ms":0,"load_duration":0,"prompt_eval_count":0,"prompt_eval_duration":0,"eval_count":3,"eval_duration":0,"thinking_chars":0,"thinking_detected":false,"outcome":"ok"}
{"event":"deep_research_model_call","step":"queries","think":false,"attempt":1,"wall_ms":0,"load_duration":0,"prompt_eval_count":0,"prompt_eval_duration":0,"eval_count":3,"eval_duration":0,"thinking_chars":0,"thinking_detected":false,"outcome":"ok"}
{"event":"deep_research_model_call","step":"write","think":true,"attempt":1,"wall_ms":1,"load_duration":0,"prompt_eval_count":0,"prompt_eval_duration":0,"eval_count":3,"eval_duration":0,"thinking_chars":0,"thinking_detected":false,"outcome":"ok"}
{"event":"deep_research_model_call","step":"brief","think":false,"attempt":1,"wall_ms":0,"load_duration":0,"prompt_eval_count":0,"prompt_eval_duration":0,"eval_count":3,"eval_duration":0,"thinking_chars":0,"thinking_detected":false,"outcome":"ok"}
{"event":"deep_research_model_call","step":"plan","think":true,"attempt":1,"wall_ms":0,"load_duration":0,"prompt_eval_count":0,"prompt_eval_duration":0,"eval_count":3,"eval_duration":0,"thinking_chars":0,"thinking_detected":false,"outcome":"ok"}
{"event":"deep_research_model_call","step":"queries","think":false,"attempt":1,"wall_ms":0,"load_duration":0,"prompt_eval_count":0,"prompt_eval_duration":0,"eval_count":3,"eval_duration":0,"thinking_chars":0,"thinking_detected":false,"outcome":"ok"}
{"event":"deep_research_model_call","step":"queries","think":false,"attempt":1,"wall_ms":0,"load_duration":0,"prompt_eval_count":0,"prompt_eval_duration":0,"eval_count":3,"eval_duration":0,"thinking_chars":0,"thinking_detected":false,"outcome":"ok"}
{"event":"deep_research_model_call","step":"brief","think":false,"attempt":1,"wall_ms":0,"load_duration":0,"prompt_eval_count":0,"prompt_eval_duration":0,"eval_count":3,"eval_duration":0,"thinking_chars":0,"thinking_detected":false,"outcome":"ok"}
{"event":"deep_research_model_call","step":"plan","think":true,"attempt":1,"wall_ms":0,"load_duration":0,"prompt_eval_count":0,"prompt_eval_duration":0,"eval_count":3,"eval_duration":0,"thinking_chars":0,"thinking_detected":false,"outcome":"ok"}
{"event":"deep_research_model_call","step":"queries","think":false,"attempt":1,"wall_ms":0,"load_duration":0,"prompt_eval_count":0,"prompt_eval_duration":0,"eval_count":3,"eval_duration":0,"thinking_chars":0,"thinking_detected":false,"outcome":"ok"}
{"event":"deep_research_model_call","step":"brief","think":false,"attempt":1,"wall_ms":0,"load_duration":0,"prompt_eval_count":0,"prompt_eval_duration":0,"eval_count":3,"eval_duration":0,"thinking_chars":0,"thinking_detected":false,"outcome":"ok"}
{"event":"deep_research_model_call","step":"plan","think":true,"attempt":1,"wall_ms":0,"load_duration":0,"prompt_eval_count":0,"prompt_eval_duration":0,"eval_count":3,"eval_duration":0,"thinking_chars":0,"thinking_detected":false,"outcome":"ok"}
{"event":"deep_research_model_call","step":"queries","think":false,"attempt":1,"wall_ms":0,"load_duration":0,"prompt_eval_count":0,"prompt_eval_duration":0,"eval_count":3,"eval_duration":0,"thinking_chars":0,"thinking_detected":false,"outcome":"ok"}
{"event":"deep_research_model_call","step":"pages","think":false,"attempt":1,"wall_ms":0,"load_duration":0,"prompt_eval_count":0,"prompt_eval_duration":0,"eval_count":3,"eval_duration":0,"thinking_chars":0,"thinking_detected":false,"outcome":"ok"}
{"event":"deep_research_model_call","step":"notes","think":false,"attempt":1,"wall_ms":0,"load_duration":0,"prompt_eval_count":0,"prompt_eval_duration":0,"eval_count":3,"eval_duration":0,"thinking_chars":0,"thinking_detected":false,"outcome":"ok"}
{"event":"deep_research_model_call","step":"queries","think":false,"attempt":1,"wall_ms":0,"load_duration":0,"prompt_eval_count":0,"prompt_eval_duration":0,"eval_count":3,"eval_duration":0,"thinking_chars":0,"thinking_detected":false,"outcome":"ok"}
{"event":"deep_research_model_call","step":"queries","think":false,"attempt":1,"wall_ms":0,"load_duration":0,"prompt_eval_count":0,"prompt_eval_duration":0,"eval_count":3,"eval_duration":0,"thinking_chars":0,"thinking_detected":false,"outcome":"ok"}
{"event":"deep_research_model_call","step":"queries","think":false,"attempt":1,"wall_ms":0,"load_duration":0,"prompt_eval_count":0,"prompt_eval_duration":0,"eval_count":3,"eval_duration":0,"thinking_chars":0,"thinking_detected":false,"outcome":"ok"}
{"event":"deep_research_model_call","step":"pages","think":false,"attempt":1,"wall_ms":0,"load_duration":0,"prompt_eval_count":0,"prompt_eval_duration":0,"eval_count":3,"eval_duration":0,"thinking_chars":0,"thinking_detected":false,"outcome":"ok"}
{"event":"deep_research_model_call","step":"write","think":true,"attempt":1,"wall_ms":0,"load_duration":0,"prompt_eval_count":0,"prompt_eval_duration":0,"eval_count":3,"eval_duration":0,"thinking_chars":0,"thinking_detected":false,"outcome":"ok"}
{"event":"deep_research_model_call","step":"brief","think":false,"attempt":1,"wall_ms":601,"load_duration":null,"prompt_eval_count":null,"prompt_eval_duration":null,"eval_count":null,"eval_duration":null,"thinking_chars":0,"thinking_detected":false,"outcome":"aborted"}
{"event":"deep_research_model_call","step":"write","think":true,"attempt":1,"wall_ms":0,"load_duration":0,"prompt_eval_count":0,"prompt_eval_duration":0,"eval_count":3,"eval_duration":0,"thinking_chars":0,"thinking_detected":false,"outcome":"ok"}
{"event":"deep_research_model_call","step":"brief","think":false,"attempt":1,"wall_ms":1,"load_duration":0,"prompt_eval_count":0,"prompt_eval_duration":0,"eval_count":3,"eval_duration":0,"thinking_chars":0,"thinking_detected":false,"outcome":"ok"}
{"event":"deep_research_model_call","step":"plan","think":true,"attempt":1,"wall_ms":0,"load_duration":0,"prompt_eval_count":0,"prompt_eval_duration":0,"eval_count":3,"eval_duration":0,"thinking_chars":0,"thinking_detected":false,"outcome":"ok"}
{"event":"deep_research_model_call","step":"queries","think":false,"attempt":1,"wall_ms":0,"load_duration":0,"prompt_eval_count":0,"prompt_eval_duration":0,"eval_count":3,"eval_duration":0,"thinking_chars":0,"thinking_detected":false,"outcome":"ok"}
{"event":"deep_research_model_call","step":"pages","think":false,"attempt":1,"wall_ms":0,"load_duration":0,"prompt_eval_count":0,"prompt_eval_duration":0,"eval_count":3,"eval_duration":0,"thinking_chars":0,"thinking_detected":false,"outcome":"ok"}
{"event":"deep_research_model_call","step":"notes","think":false,"attempt":1,"wall_ms":1,"load_duration":0,"prompt_eval_count":0,"prompt_eval_duration":0,"eval_count":3,"eval_duration":0,"thinking_chars":0,"thinking_detected":false,"outcome":"ok"}
{"event":"deep_research_model_call","step":"queries","think":false,"attempt":1,"wall_ms":0,"load_duration":0,"prompt_eval_count":0,"prompt_eval_duration":0,"eval_count":3,"eval_duration":0,"thinking_chars":0,"thinking_detected":false,"outcome":"ok"}
{"event":"deep_research_model_call","step":"queries","think":false,"attempt":1,"wall_ms":0,"load_duration":0,"prompt_eval_count":0,"prompt_eval_duration":0,"eval_count":3,"eval_duration":0,"thinking_chars":0,"thinking_detected":false,"outcome":"ok"}
{"event":"deep_research_model_call","step":"queries","think":false,"attempt":1,"wall_ms":0,"load_duration":0,"prompt_eval_count":0,"prompt_eval_duration":0,"eval_count":3,"eval_duration":0,"thinking_chars":0,"thinking_detected":false,"outcome":"ok"}
{"event":"deep_research_model_call","step":"pages","think":false,"attempt":1,"wall_ms":0,"load_duration":0,"prompt_eval_count":0,"prompt_eval_duration":0,"eval_count":3,"eval_duration":0,"thinking_chars":0,"thinking_detected":false,"outcome":"ok"}
{"event":"deep_research_model_call","step":"notes","think":false,"attempt":1,"wall_ms":0,"load_duration":0,"prompt_eval_count":0,"prompt_eval_duration":0,"eval_count":3,"eval_duration":0,"thinking_chars":0,"thinking_detected":false,"outcome":"ok"}
{"event":"deep_research_model_call","step":"notes","think":false,"attempt":1,"wall_ms":0,"load_duration":0,"prompt_eval_count":0,"prompt_eval_duration":0,"eval_count":3,"eval_duration":0,"thinking_chars":0,"thinking_detected":false,"outcome":"ok"}
{"event":"deep_research_model_call","step":"notes","think":false,"attempt":1,"wall_ms":0,"load_duration":0,"prompt_eval_count":0,"prompt_eval_duration":0,"eval_count":3,"eval_duration":0,"thinking_chars":0,"thinking_detected":false,"outcome":"ok"}
{"event":"deep_research_model_call","step":"write","think":true,"attempt":1,"wall_ms":803,"load_duration":null,"prompt_eval_count":null,"prompt_eval_duration":null,"eval_count":null,"eval_duration":null,"thinking_chars":0,"thinking_detected":false,"outcome":"aborted"}
{"event":"deep_research_model_call","step":"brief","think":false,"attempt":1,"wall_ms":1,"load_duration":0,"prompt_eval_count":0,"prompt_eval_duration":0,"eval_count":3,"eval_duration":0,"thinking_chars":0,"thinking_detected":false,"outcome":"ok"}
{"event":"deep_research_model_call","step":"plan","think":true,"attempt":1,"wall_ms":0,"load_duration":0,"prompt_eval_count":0,"prompt_eval_duration":0,"eval_count":3,"eval_duration":0,"thinking_chars":0,"thinking_detected":false,"outcome":"ok"}
{"event":"deep_research_model_call","step":"queries","think":false,"attempt":1,"wall_ms":0,"load_duration":0,"prompt_eval_count":0,"prompt_eval_duration":0,"eval_count":3,"eval_duration":0,"thinking_chars":0,"thinking_detected":false,"outcome":"ok"}

src/http/deepResearchPartialNotes.test.ts:
{"event":"deep_research_model_call","step":"brief","think":false,"attempt":1,"wall_ms":0,"load_duration":0,"prompt_eval_count":0,"prompt_eval_duration":0,"eval_count":3,"eval_duration":0,"thinking_chars":0,"thinking_detected":false,"outcome":"ok"}
{"event":"deep_research_model_call","step":"plan","think":true,"attempt":1,"wall_ms":0,"load_duration":0,"prompt_eval_count":0,"prompt_eval_duration":0,"eval_count":3,"eval_duration":0,"thinking_chars":0,"thinking_detected":false,"outcome":"ok"}
{"event":"deep_research_model_call","step":"queries","think":false,"attempt":1,"wall_ms":0,"load_duration":0,"prompt_eval_count":0,"prompt_eval_duration":0,"eval_count":3,"eval_duration":0,"thinking_chars":0,"thinking_detected":false,"outcome":"ok"}
{"event":"deep_research_model_call","step":"pages","think":false,"attempt":1,"wall_ms":1,"load_duration":0,"prompt_eval_count":0,"prompt_eval_duration":0,"eval_count":3,"eval_duration":0,"thinking_chars":0,"thinking_detected":false,"outcome":"ok"}
{"event":"deep_research_model_call","step":"notes","think":false,"attempt":1,"wall_ms":600,"load_duration":null,"prompt_eval_count":null,"prompt_eval_duration":null,"eval_count":null,"eval_duration":null,"thinking_chars":0,"thinking_detected":false,"outcome":"aborted"}
{"event":"deep_research_model_call","step":"write","think":true,"attempt":1,"wall_ms":1,"load_duration":0,"prompt_eval_count":0,"prompt_eval_duration":0,"eval_count":3,"eval_duration":0,"thinking_chars":0,"thinking_detected":false,"outcome":"ok"}
{"event":"deep_research_model_call","step":"brief","think":false,"attempt":1,"wall_ms":0,"load_duration":0,"prompt_eval_count":0,"prompt_eval_duration":0,"eval_count":3,"eval_duration":0,"thinking_chars":0,"thinking_detected":false,"outcome":"ok"}
{"event":"deep_research_model_call","step":"plan","think":true,"attempt":1,"wall_ms":0,"load_duration":0,"prompt_eval_count":0,"prompt_eval_duration":0,"eval_count":3,"eval_duration":0,"thinking_chars":0,"thinking_detected":false,"outcome":"ok"}
{"event":"deep_research_model_call","step":"queries","think":false,"attempt":1,"wall_ms":0,"load_duration":0,"prompt_eval_count":0,"prompt_eval_duration":0,"eval_count":3,"eval_duration":0,"thinking_chars":0,"thinking_detected":false,"outcome":"ok"}
{"event":"deep_research_model_call","step":"pages","think":false,"attempt":1,"wall_ms":0,"load_duration":0,"prompt_eval_count":0,"prompt_eval_duration":0,"eval_count":3,"eval_duration":0,"thinking_chars":0,"thinking_detected":false,"outcome":"ok"}
{"event":"deep_research_model_call","step":"notes","think":false,"attempt":1,"wall_ms":600,"load_duration":null,"prompt_eval_count":null,"prompt_eval_duration":null,"eval_count":null,"eval_duration":null,"thinking_chars":0,"thinking_detected":false,"outcome":"aborted"}
{"event":"deep_research_model_call","step":"brief","think":false,"attempt":1,"wall_ms":0,"load_duration":0,"prompt_eval_count":0,"prompt_eval_duration":0,"eval_count":3,"eval_duration":0,"thinking_chars":0,"thinking_detected":false,"outcome":"ok"}
{"event":"deep_research_model_call","step":"plan","think":true,"attempt":1,"wall_ms":0,"load_duration":0,"prompt_eval_count":0,"prompt_eval_duration":0,"eval_count":3,"eval_duration":0,"thinking_chars":0,"thinking_detected":false,"outcome":"ok"}
{"event":"deep_research_model_call","step":"queries","think":false,"attempt":1,"wall_ms":0,"load_duration":0,"prompt_eval_count":0,"prompt_eval_duration":0,"eval_count":3,"eval_duration":0,"thinking_chars":0,"thinking_detected":false,"outcome":"ok"}
{"event":"deep_research_model_call","step":"pages","think":false,"attempt":1,"wall_ms":1,"load_duration":0,"prompt_eval_count":0,"prompt_eval_duration":0,"eval_count":3,"eval_duration":0,"thinking_chars":0,"thinking_detected":false,"outcome":"ok"}
{"event":"deep_research_model_call","step":"notes","think":false,"attempt":1,"wall_ms":0,"load_duration":0,"prompt_eval_count":0,"prompt_eval_duration":0,"eval_count":3,"eval_duration":0,"thinking_chars":0,"thinking_detected":false,"outcome":"ok"}
{"event":"deep_research_model_call","step":"gap","think":false,"attempt":1,"wall_ms":0,"load_duration":0,"prompt_eval_count":0,"prompt_eval_duration":0,"eval_count":3,"eval_duration":0,"thinking_chars":0,"thinking_detected":false,"outcome":"ok"}
{"event":"deep_research_model_call","step":"brief","think":false,"attempt":1,"wall_ms":1,"load_duration":0,"prompt_eval_count":0,"prompt_eval_duration":0,"eval_count":3,"eval_duration":0,"thinking_chars":0,"thinking_detected":false,"outcome":"ok"}
{"event":"deep_research_model_call","step":"plan","think":true,"attempt":1,"wall_ms":0,"load_duration":0,"prompt_eval_count":0,"prompt_eval_duration":0,"eval_count":3,"eval_duration":0,"thinking_chars":0,"thinking_detected":false,"outcome":"ok"}
{"event":"deep_research_model_call","step":"queries","think":false,"attempt":1,"wall_ms":0,"load_duration":0,"prompt_eval_count":0,"prompt_eval_duration":0,"eval_count":3,"eval_duration":0,"thinking_chars":0,"thinking_detected":false,"outcome":"ok"}

src/generations/manager.test.ts:
{"event":"deep_research_model_call","step":"brief","think":false,"attempt":1,"wall_ms":22,"load_duration":null,"prompt_eval_count":null,"prompt_eval_duration":null,"eval_count":null,"eval_duration":null,"thinking_chars":0,"thinking_detected":false,"outcome":"aborted"}
{"event":"deep_research_model_call","step":"brief","think":false,"attempt":1,"wall_ms":22,"load_duration":null,"prompt_eval_count":null,"prompt_eval_duration":null,"eval_count":null,"eval_duration":null,"thinking_chars":0,"thinking_detected":false,"outcome":"aborted"}

src/generations/research.test.ts:
{"event":"deep_research_model_call","step":"brief","think":false,"attempt":1,"wall_ms":1,"load_duration":0,"prompt_eval_count":0,"prompt_eval_duration":0,"eval_count":5,"eval_duration":500000000,"thinking_chars":16,"thinking_detected":true,"outcome":"ok"}
{"event":"deep_research_model_call","step":"plan","think":true,"attempt":1,"wall_ms":0,"load_duration":0,"prompt_eval_count":0,"prompt_eval_duration":0,"eval_count":5,"eval_duration":500000000,"thinking_chars":16,"thinking_detected":false,"outcome":"ok"}
{"event":"deep_research_model_call","step":"queries","think":false,"attempt":1,"wall_ms":0,"load_duration":0,"prompt_eval_count":0,"prompt_eval_duration":0,"eval_count":5,"eval_duration":500000000,"thinking_chars":16,"thinking_detected":true,"outcome":"ok"}
{"event":"deep_research_model_call","step":"pages","think":false,"attempt":1,"wall_ms":0,"load_duration":0,"prompt_eval_count":0,"prompt_eval_duration":0,"eval_count":5,"eval_duration":500000000,"thinking_chars":16,"thinking_detected":true,"outcome":"ok"}
{"event":"deep_research_model_call","step":"notes","think":false,"attempt":1,"wall_ms":0,"load_duration":0,"prompt_eval_count":0,"prompt_eval_duration":0,"eval_count":5,"eval_duration":500000000,"thinking_chars":16,"thinking_detected":true,"outcome":"ok"}
{"event":"deep_research_model_call","step":"queries","think":false,"attempt":1,"wall_ms":0,"load_duration":0,"prompt_eval_count":0,"prompt_eval_duration":0,"eval_count":5,"eval_duration":500000000,"thinking_chars":16,"thinking_detected":true,"outcome":"ok"}
{"event":"deep_research_model_call","step":"pages","think":false,"attempt":1,"wall_ms":0,"load_duration":0,"prompt_eval_count":0,"prompt_eval_duration":0,"eval_count":5,"eval_duration":500000000,"thinking_chars":16,"thinking_detected":true,"outcome":"ok"}
{"event":"deep_research_model_call","step":"notes","think":false,"attempt":1,"wall_ms":0,"load_duration":0,"prompt_eval_count":0,"prompt_eval_duration":0,"eval_count":5,"eval_duration":500000000,"thinking_chars":16,"thinking_detected":true,"outcome":"ok"}
{"event":"deep_research_model_call","step":"notes","think":false,"attempt":1,"wall_ms":0,"load_duration":0,"prompt_eval_count":0,"prompt_eval_duration":0,"eval_count":5,"eval_duration":500000000,"thinking_chars":16,"thinking_detected":true,"outcome":"ok"}
{"event":"deep_research_model_call","step":"notes","think":false,"attempt":1,"wall_ms":1,"load_duration":0,"prompt_eval_count":0,"prompt_eval_duration":0,"eval_count":5,"eval_duration":500000000,"thinking_chars":17,"thinking_detected":true,"outcome":"ok"}
{"event":"deep_research_model_call","step":"gap","think":false,"attempt":1,"wall_ms":0,"load_duration":0,"prompt_eval_count":0,"prompt_eval_duration":0,"eval_count":5,"eval_duration":500000000,"thinking_chars":17,"thinking_detected":true,"outcome":"ok"}
{"event":"deep_research_model_call","step":"gap","think":false,"attempt":1,"wall_ms":0,"load_duration":0,"prompt_eval_count":0,"prompt_eval_duration":0,"eval_count":5,"eval_duration":500000000,"thinking_chars":17,"thinking_detected":true,"outcome":"ok"}
{"event":"deep_research_model_call","step":"write","think":true,"attempt":1,"wall_ms":0,"load_duration":0,"prompt_eval_count":0,"prompt_eval_duration":0,"eval_count":5,"eval_duration":500000000,"thinking_chars":17,"thinking_detected":false,"outcome":"ok"}
{"event":"deep_research_model_call","step":"brief","think":false,"attempt":1,"wall_ms":0,"load_duration":0,"prompt_eval_count":0,"prompt_eval_duration":0,"eval_count":5,"eval_duration":500000000,"thinking_chars":16,"thinking_detected":true,"outcome":"ok"}
{"event":"deep_research_model_call","step":"plan","think":true,"attempt":1,"wall_ms":0,"load_duration":0,"prompt_eval_count":0,"prompt_eval_duration":0,"eval_count":5,"eval_duration":500000000,"thinking_chars":16,"thinking_detected":false,"outcome":"ok"}
{"event":"deep_research_model_call","step":"queries","think":false,"attempt":1,"wall_ms":0,"load_duration":0,"prompt_eval_count":0,"prompt_eval_duration":0,"eval_count":5,"eval_duration":500000000,"thinking_chars":16,"thinking_detected":true,"outcome":"ok"}
{"event":"deep_research_model_call","step":"pages","think":false,"attempt":1,"wall_ms":0,"load_duration":0,"prompt_eval_count":0,"prompt_eval_duration":0,"eval_count":5,"eval_duration":500000000,"thinking_chars":16,"thinking_detected":true,"outcome":"ok"}
{"event":"deep_research_model_call","step":"notes","think":false,"attempt":1,"wall_ms":0,"load_duration":0,"prompt_eval_count":0,"prompt_eval_duration":0,"eval_count":5,"eval_duration":500000000,"thinking_chars":16,"thinking_detected":true,"outcome":"ok"}
{"event":"deep_research_model_call","step":"queries","think":false,"attempt":1,"wall_ms":0,"load_duration":0,"prompt_eval_count":0,"prompt_eval_duration":0,"eval_count":5,"eval_duration":500000000,"thinking_chars":16,"thinking_detected":true,"outcome":"ok"}
{"event":"deep_research_model_call","step":"pages","think":false,"attempt":1,"wall_ms":0,"load_duration":0,"prompt_eval_count":0,"prompt_eval_duration":0,"eval_count":5,"eval_duration":500000000,"thinking_chars":16,"thinking_detected":true,"outcome":"ok"}
{"event":"deep_research_model_call","step":"notes","think":false,"attempt":1,"wall_ms":0,"load_duration":0,"prompt_eval_count":0,"prompt_eval_duration":0,"eval_count":5,"eval_duration":500000000,"thinking_chars":16,"thinking_detected":true,"outcome":"ok"}
{"event":"deep_research_model_call","step":"notes","think":false,"attempt":1,"wall_ms":0,"load_duration":0,"prompt_eval_count":0,"prompt_eval_duration":0,"eval_count":5,"eval_duration":500000000,"thinking_chars":16,"thinking_detected":true,"outcome":"ok"}
{"event":"deep_research_model_call","step":"notes","think":false,"attempt":1,"wall_ms":0,"load_duration":0,"prompt_eval_count":0,"prompt_eval_duration":0,"eval_count":5,"eval_duration":500000000,"thinking_chars":17,"thinking_detected":true,"outcome":"ok"}
{"event":"deep_research_model_call","step":"write","think":true,"attempt":1,"wall_ms":0,"load_duration":0,"prompt_eval_count":0,"prompt_eval_duration":0,"eval_count":5,"eval_duration":500000000,"thinking_chars":17,"thinking_detected":false,"outcome":"ok"}
{"event":"deep_research_model_call","step":"brief","think":false,"attempt":1,"wall_ms":0,"load_duration":0,"prompt_eval_count":0,"prompt_eval_duration":0,"eval_count":5,"eval_duration":500000000,"thinking_chars":16,"thinking_detected":true,"outcome":"ok"}
{"event":"deep_research_model_call","step":"plan","think":true,"attempt":1,"wall_ms":0,"load_duration":0,"prompt_eval_count":0,"prompt_eval_duration":0,"eval_count":5,"eval_duration":500000000,"thinking_chars":16,"thinking_detected":false,"outcome":"ok"}
{"event":"deep_research_model_call","step":"queries","think":false,"attempt":1,"wall_ms":0,"load_duration":0,"prompt_eval_count":0,"prompt_eval_duration":0,"eval_count":5,"eval_duration":500000000,"thinking_chars":16,"thinking_detected":true,"outcome":"ok"}
{"event":"deep_research_model_call","step":"pages","think":false,"attempt":1,"wall_ms":0,"load_duration":0,"prompt_eval_count":0,"prompt_eval_duration":0,"eval_count":5,"eval_duration":500000000,"thinking_chars":16,"thinking_detected":true,"outcome":"ok"}
{"event":"deep_research_model_call","step":"notes","think":false,"attempt":1,"wall_ms":0,"load_duration":0,"prompt_eval_count":0,"prompt_eval_duration":0,"eval_count":5,"eval_duration":500000000,"thinking_chars":16,"thinking_detected":true,"outcome":"ok"}
{"event":"deep_research_model_call","step":"queries","think":false,"attempt":1,"wall_ms":0,"load_duration":0,"prompt_eval_count":0,"prompt_eval_duration":0,"eval_count":5,"eval_duration":500000000,"thinking_chars":16,"thinking_detected":true,"outcome":"ok"}
{"event":"deep_research_model_call","step":"pages","think":false,"attempt":1,"wall_ms":0,"load_duration":0,"prompt_eval_count":0,"prompt_eval_duration":0,"eval_count":5,"eval_duration":500000000,"thinking_chars":16,"thinking_detected":true,"outcome":"ok"}
{"event":"deep_research_model_call","step":"notes","think":false,"attempt":1,"wall_ms":0,"load_duration":0,"prompt_eval_count":0,"prompt_eval_duration":0,"eval_count":5,"eval_duration":500000000,"thinking_chars":16,"thinking_detected":true,"outcome":"ok"}
{"event":"deep_research_model_call","step":"notes","think":false,"attempt":1,"wall_ms":0,"load_duration":0,"prompt_eval_count":0,"prompt_eval_duration":0,"eval_count":5,"eval_duration":500000000,"thinking_chars":16,"thinking_detected":true,"outcome":"ok"}
{"event":"deep_research_model_call","step":"notes","think":false,"attempt":1,"wall_ms":0,"load_duration":0,"prompt_eval_count":0,"prompt_eval_duration":0,"eval_count":5,"eval_duration":500000000,"thinking_chars":17,"thinking_detected":true,"outcome":"ok"}
{"event":"deep_research_model_call","step":"write","think":true,"attempt":1,"wall_ms":0,"load_duration":0,"prompt_eval_count":0,"prompt_eval_duration":0,"eval_count":5,"eval_duration":500000000,"thinking_chars":17,"thinking_detected":false,"outcome":"ok"}
{"event":"deep_research_model_call","step":"brief","think":false,"attempt":1,"wall_ms":0,"load_duration":0,"prompt_eval_count":0,"prompt_eval_duration":0,"eval_count":5,"eval_duration":500000000,"thinking_chars":16,"thinking_detected":true,"outcome":"ok"}
{"event":"deep_research_model_call","step":"plan","think":true,"attempt":1,"wall_ms":0,"load_duration":0,"prompt_eval_count":0,"prompt_eval_duration":0,"eval_count":5,"eval_duration":500000000,"thinking_chars":16,"thinking_detected":false,"outcome":"ok"}
{"event":"deep_research_model_call","step":"queries","think":false,"attempt":1,"wall_ms":0,"load_duration":0,"prompt_eval_count":0,"prompt_eval_duration":0,"eval_count":5,"eval_duration":500000000,"thinking_chars":16,"thinking_detected":true,"outcome":"ok"}
{"event":"deep_research_model_call","step":"queries","think":false,"attempt":1,"wall_ms":0,"load_duration":0,"prompt_eval_count":0,"prompt_eval_duration":0,"eval_count":5,"eval_duration":500000000,"thinking_chars":16,"thinking_detected":true,"outcome":"ok"}
{"event":"deep_research_model_call","step":"pages","think":false,"attempt":1,"wall_ms":0,"load_duration":0,"prompt_eval_count":0,"prompt_eval_duration":0,"eval_count":5,"eval_duration":500000000,"thinking_chars":16,"thinking_detected":true,"outcome":"ok"}
{"event":"deep_research_model_call","step":"notes","think":false,"attempt":1,"wall_ms":0,"load_duration":0,"prompt_eval_count":0,"prompt_eval_duration":0,"eval_count":5,"eval_duration":500000000,"thinking_chars":16,"thinking_detected":true,"outcome":"ok"}
{"event":"deep_research_model_call","step":"notes","think":false,"attempt":1,"wall_ms":0,"load_duration":0,"prompt_eval_count":0,"prompt_eval_duration":0,"eval_count":5,"eval_duration":500000000,"thinking_chars":16,"thinking_detected":true,"outcome":"ok"}
{"event":"deep_research_model_call","step":"write","think":true,"attempt":1,"wall_ms":0,"load_duration":0,"prompt_eval_count":0,"prompt_eval_duration":0,"eval_count":5,"eval_duration":500000000,"thinking_chars":16,"thinking_detected":false,"outcome":"ok"}
{"event":"deep_research_model_call","step":"brief","think":false,"attempt":1,"wall_ms":0,"load_duration":0,"prompt_eval_count":0,"prompt_eval_duration":0,"eval_count":5,"eval_duration":500000000,"thinking_chars":16,"thinking_detected":true,"outcome":"ok"}
{"event":"deep_research_model_call","step":"plan","think":true,"attempt":1,"wall_ms":0,"load_duration":0,"prompt_eval_count":0,"prompt_eval_duration":0,"eval_count":5,"eval_duration":500000000,"thinking_chars":16,"thinking_detected":false,"outcome":"ok"}
{"event":"deep_research_model_call","step":"queries","think":false,"attempt":1,"wall_ms":0,"load_duration":0,"prompt_eval_count":0,"prompt_eval_duration":0,"eval_count":5,"eval_duration":500000000,"thinking_chars":16,"thinking_detected":true,"outcome":"ok"}
{"event":"deep_research_model_call","step":"queries","think":false,"attempt":1,"wall_ms":0,"load_duration":0,"prompt_eval_count":0,"prompt_eval_duration":0,"eval_count":5,"eval_duration":500000000,"thinking_chars":16,"thinking_detected":true,"outcome":"ok"}
{"event":"deep_research_model_call","step":"pages","think":false,"attempt":1,"wall_ms":0,"load_duration":0,"prompt_eval_count":0,"prompt_eval_duration":0,"eval_count":5,"eval_duration":500000000,"thinking_chars":16,"thinking_detected":true,"outcome":"ok"}
{"event":"deep_research_model_call","step":"notes","think":false,"attempt":1,"wall_ms":0,"load_duration":0,"prompt_eval_count":0,"prompt_eval_duration":0,"eval_count":5,"eval_duration":500000000,"thinking_chars":16,"thinking_detected":true,"outcome":"ok"}
{"event":"deep_research_model_call","step":"gap","think":false,"attempt":1,"wall_ms":0,"load_duration":0,"prompt_eval_count":0,"prompt_eval_duration":0,"eval_count":5,"eval_duration":500000000,"thinking_chars":16,"thinking_detected":true,"outcome":"ok"}
{"event":"deep_research_model_call","step":"pages","think":false,"attempt":1,"wall_ms":0,"load_duration":0,"prompt_eval_count":0,"prompt_eval_duration":0,"eval_count":5,"eval_duration":500000000,"thinking_chars":16,"thinking_detected":true,"outcome":"ok"}
{"event":"deep_research_model_call","step":"gap","think":false,"attempt":1,"wall_ms":0,"load_duration":0,"prompt_eval_count":0,"prompt_eval_duration":0,"eval_count":5,"eval_duration":500000000,"thinking_chars":16,"thinking_detected":true,"outcome":"ok"}
{"event":"deep_research_model_call","step":"pages","think":false,"attempt":1,"wall_ms":0,"load_duration":0,"prompt_eval_count":0,"prompt_eval_duration":0,"eval_count":5,"eval_duration":500000000,"thinking_chars":17,"thinking_detected":true,"outcome":"ok"}
{"event":"deep_research_model_call","step":"write","think":true,"attempt":1,"wall_ms":0,"load_duration":0,"prompt_eval_count":0,"prompt_eval_duration":0,"eval_count":5,"eval_duration":500000000,"thinking_chars":17,"thinking_detected":false,"outcome":"ok"}
{"event":"deep_research_model_call","step":"brief","think":false,"attempt":1,"wall_ms":0,"load_duration":0,"prompt_eval_count":0,"prompt_eval_duration":0,"eval_count":5,"eval_duration":500000000,"thinking_chars":16,"thinking_detected":true,"outcome":"ok"}
{"event":"deep_research_model_call","step":"plan","think":true,"attempt":1,"wall_ms":0,"load_duration":0,"prompt_eval_count":0,"prompt_eval_duration":0,"eval_count":5,"eval_duration":500000000,"thinking_chars":16,"thinking_detected":false,"outcome":"ok"}
{"event":"deep_research_model_call","step":"queries","think":false,"attempt":1,"wall_ms":0,"load_duration":0,"prompt_eval_count":0,"prompt_eval_duration":0,"eval_count":5,"eval_duration":500000000,"thinking_chars":16,"thinking_detected":true,"outcome":"ok"}
{"event":"deep_research_model_call","step":"queries","think":false,"attempt":1,"wall_ms":0,"load_duration":0,"prompt_eval_count":0,"prompt_eval_duration":0,"eval_count":5,"eval_duration":500000000,"thinking_chars":16,"thinking_detected":true,"outcome":"ok"}
{"event":"deep_research_model_call","step":"queries","think":false,"attempt":1,"wall_ms":0,"load_duration":0,"prompt_eval_count":0,"prompt_eval_duration":0,"eval_count":5,"eval_duration":500000000,"thinking_chars":16,"thinking_detected":true,"outcome":"ok"}
{"event":"deep_research_model_call","step":"queries","think":false,"attempt":1,"wall_ms":0,"load_duration":0,"prompt_eval_count":0,"prompt_eval_duration":0,"eval_count":5,"eval_duration":500000000,"thinking_chars":16,"thinking_detected":true,"outcome":"ok"}
{"event":"deep_research_model_call","step":"pages","think":false,"attempt":1,"wall_ms":0,"load_duration":0,"prompt_eval_count":0,"prompt_eval_duration":0,"eval_count":5,"eval_duration":500000000,"thinking_chars":16,"thinking_detected":true,"outcome":"ok"}
{"event":"deep_research_model_call","step":"notes","think":false,"attempt":1,"wall_ms":0,"load_duration":0,"prompt_eval_count":0,"prompt_eval_duration":0,"eval_count":5,"eval_duration":500000000,"thinking_chars":16,"thinking_detected":true,"outcome":"ok"}
{"event":"deep_research_model_call","step":"notes","think":false,"attempt":1,"wall_ms":0,"load_duration":0,"prompt_eval_count":0,"prompt_eval_duration":0,"eval_count":5,"eval_duration":500000000,"thinking_chars":16,"thinking_detected":true,"outcome":"ok"}
{"event":"deep_research_model_call","step":"write","think":true,"attempt":1,"wall_ms":0,"load_duration":0,"prompt_eval_count":0,"prompt_eval_duration":0,"eval_count":5,"eval_duration":500000000,"thinking_chars":17,"thinking_detected":false,"outcome":"ok"}
{"event":"deep_research_model_call","step":"brief","think":false,"attempt":1,"wall_ms":0,"load_duration":0,"prompt_eval_count":0,"prompt_eval_duration":0,"eval_count":5,"eval_duration":500000000,"thinking_chars":16,"thinking_detected":true,"outcome":"invalid"}
{"event":"deep_research_model_call","step":"brief","think":false,"attempt":2,"wall_ms":0,"load_duration":0,"prompt_eval_count":0,"prompt_eval_duration":0,"eval_count":5,"eval_duration":500000000,"thinking_chars":16,"thinking_detected":true,"outcome":"ok"}
{"event":"deep_research_model_call","step":"plan","think":true,"attempt":1,"wall_ms":0,"load_duration":0,"prompt_eval_count":0,"prompt_eval_duration":0,"eval_count":5,"eval_duration":500000000,"thinking_chars":16,"thinking_detected":false,"outcome":"invalid"}
{"event":"deep_research_model_call","step":"plan","think":true,"attempt":2,"wall_ms":0,"load_duration":0,"prompt_eval_count":0,"prompt_eval_duration":0,"eval_count":5,"eval_duration":500000000,"thinking_chars":16,"thinking_detected":false,"outcome":"invalid"}
{"event":"deep_research_model_call","step":"plan","think":true,"attempt":3,"wall_ms":0,"load_duration":0,"prompt_eval_count":0,"prompt_eval_duration":0,"eval_count":5,"eval_duration":500000000,"thinking_chars":16,"thinking_detected":false,"outcome":"invalid"}
{"event":"deep_research_model_call","step":"queries","think":false,"attempt":1,"wall_ms":1,"load_duration":0,"prompt_eval_count":0,"prompt_eval_duration":0,"eval_count":5,"eval_duration":500000000,"thinking_chars":16,"thinking_detected":true,"outcome":"ok"}
{"event":"deep_research_model_call","step":"pages","think":false,"attempt":1,"wall_ms":0,"load_duration":0,"prompt_eval_count":0,"prompt_eval_duration":0,"eval_count":5,"eval_duration":500000000,"thinking_chars":16,"thinking_detected":true,"outcome":"ok"}
{"event":"deep_research_model_call","step":"notes","think":false,"attempt":1,"wall_ms":0,"load_duration":0,"prompt_eval_count":0,"prompt_eval_duration":0,"eval_count":5,"eval_duration":500000000,"thinking_chars":16,"thinking_detected":true,"outcome":"ok"}
{"event":"deep_research_model_call","step":"notes","think":false,"attempt":1,"wall_ms":0,"load_duration":0,"prompt_eval_count":0,"prompt_eval_duration":0,"eval_count":5,"eval_duration":500000000,"thinking_chars":16,"thinking_detected":true,"outcome":"ok"}
{"event":"deep_research_model_call","step":"write","think":true,"attempt":1,"wall_ms":0,"load_duration":0,"prompt_eval_count":0,"prompt_eval_duration":0,"eval_count":5,"eval_duration":500000000,"thinking_chars":17,"thinking_detected":false,"outcome":"invalid"}
{"event":"deep_research_model_call","step":"write","think":true,"attempt":2,"wall_ms":0,"load_duration":0,"prompt_eval_count":0,"prompt_eval_duration":0,"eval_count":5,"eval_duration":500000000,"thinking_chars":17,"thinking_detected":false,"outcome":"invalid"}
{"event":"deep_research_model_call","step":"write","think":true,"attempt":3,"wall_ms":0,"load_duration":0,"prompt_eval_count":0,"prompt_eval_duration":0,"eval_count":5,"eval_duration":500000000,"thinking_chars":17,"thinking_detected":false,"outcome":"invalid"}
{"event":"deep_research_model_call","step":"brief","think":false,"attempt":1,"wall_ms":0,"load_duration":null,"prompt_eval_count":null,"prompt_eval_duration":null,"eval_count":null,"eval_duration":null,"thinking_chars":0,"thinking_detected":false,"outcome":"error"}
{"event":"deep_research_model_call","step":"plan","think":true,"attempt":1,"wall_ms":0,"load_duration":null,"prompt_eval_count":null,"prompt_eval_duration":null,"eval_count":null,"eval_duration":null,"thinking_chars":0,"thinking_detected":false,"outcome":"error"}
{"event":"deep_research_model_call","step":"queries","think":false,"attempt":1,"wall_ms":0,"load_duration":null,"prompt_eval_count":null,"prompt_eval_duration":null,"eval_count":null,"eval_duration":null,"thinking_chars":0,"thinking_detected":false,"outcome":"error"}
{"event":"deep_research_model_call","step":"pages","think":false,"attempt":1,"wall_ms":0,"load_duration":null,"prompt_eval_count":null,"prompt_eval_duration":null,"eval_count":null,"eval_duration":null,"thinking_chars":0,"thinking_detected":false,"outcome":"error"}
{"event":"deep_research_model_call","step":"notes","think":false,"attempt":1,"wall_ms":0,"load_duration":null,"prompt_eval_count":null,"prompt_eval_duration":null,"eval_count":null,"eval_duration":null,"thinking_chars":0,"thinking_detected":false,"outcome":"error"}
{"event":"deep_research_model_call","step":"notes","think":false,"attempt":1,"wall_ms":0,"load_duration":null,"prompt_eval_count":null,"prompt_eval_duration":null,"eval_count":null,"eval_duration":null,"thinking_chars":0,"thinking_detected":false,"outcome":"error"}
{"event":"deep_research_model_call","step":"brief","think":false,"attempt":1,"wall_ms":0,"load_duration":null,"prompt_eval_count":null,"prompt_eval_duration":null,"eval_count":null,"eval_duration":null,"thinking_chars":0,"thinking_detected":false,"outcome":"error"}
{"event":"deep_research_model_call","step":"plan","think":true,"attempt":1,"wall_ms":0,"load_duration":null,"prompt_eval_count":null,"prompt_eval_duration":null,"eval_count":null,"eval_duration":null,"thinking_chars":0,"thinking_detected":false,"outcome":"error"}
{"event":"deep_research_model_call","step":"queries","think":false,"attempt":1,"wall_ms":0,"load_duration":null,"prompt_eval_count":null,"prompt_eval_duration":null,"eval_count":null,"eval_duration":null,"thinking_chars":0,"thinking_detected":false,"outcome":"error"}
{"event":"deep_research_model_call","step":"queries","think":false,"attempt":1,"wall_ms":0,"load_duration":null,"prompt_eval_count":null,"prompt_eval_duration":null,"eval_count":null,"eval_duration":null,"thinking_chars":0,"thinking_detected":false,"outcome":"error"}
{"event":"deep_research_model_call","step":"queries","think":false,"attempt":1,"wall_ms":0,"load_duration":null,"prompt_eval_count":null,"prompt_eval_duration":null,"eval_count":null,"eval_duration":null,"thinking_chars":0,"thinking_detected":false,"outcome":"error"}
{"event":"deep_research_model_call","step":"pages","think":false,"attempt":1,"wall_ms":0,"load_duration":null,"prompt_eval_count":null,"prompt_eval_duration":null,"eval_count":null,"eval_duration":null,"thinking_chars":0,"thinking_detected":false,"outcome":"error"}
{"event":"deep_research_model_call","step":"notes","think":false,"attempt":1,"wall_ms":0,"load_duration":null,"prompt_eval_count":null,"prompt_eval_duration":null,"eval_count":null,"eval_duration":null,"thinking_chars":0,"thinking_detected":false,"outcome":"error"}
{"event":"deep_research_model_call","step":"notes","think":false,"attempt":1,"wall_ms":0,"load_duration":null,"prompt_eval_count":null,"prompt_eval_duration":null,"eval_count":null,"eval_duration":null,"thinking_chars":0,"thinking_detected":false,"outcome":"error"}
{"event":"deep_research_model_call","step":"brief","think":false,"attempt":1,"wall_ms":0,"load_duration":0,"prompt_eval_count":0,"prompt_eval_duration":0,"eval_count":5,"eval_duration":500000000,"thinking_chars":16,"thinking_detected":true,"outcome":"ok"}
{"event":"deep_research_model_call","step":"plan","think":true,"attempt":1,"wall_ms":0,"load_duration":0,"prompt_eval_count":0,"prompt_eval_duration":0,"eval_count":5,"eval_duration":500000000,"thinking_chars":16,"thinking_detected":false,"outcome":"ok"}
{"event":"deep_research_model_call","step":"queries","think":false,"attempt":1,"wall_ms":0,"load_duration":0,"prompt_eval_count":0,"prompt_eval_duration":0,"eval_count":5,"eval_duration":500000000,"thinking_chars":16,"thinking_detected":true,"outcome":"ok"}
{"event":"deep_research_model_call","step":"pages","think":false,"attempt":1,"wall_ms":0,"load_duration":0,"prompt_eval_count":0,"prompt_eval_duration":0,"eval_count":5,"eval_duration":500000000,"thinking_chars":16,"thinking_detected":true,"outcome":"ok"}
{"event":"deep_research_model_call","step":"notes","think":false,"attempt":1,"wall_ms":0,"load_duration":0,"prompt_eval_count":0,"prompt_eval_duration":0,"eval_count":5,"eval_duration":500000000,"thinking_chars":16,"thinking_detected":true,"outcome":"ok"}
{"event":"deep_research_model_call","step":"queries","think":false,"attempt":1,"wall_ms":0,"load_duration":0,"prompt_eval_count":0,"prompt_eval_duration":0,"eval_count":5,"eval_duration":500000000,"thinking_chars":16,"thinking_detected":true,"outcome":"ok"}
{"event":"deep_research_model_call","step":"queries","think":false,"attempt":1,"wall_ms":0,"load_duration":0,"prompt_eval_count":0,"prompt_eval_duration":0,"eval_count":5,"eval_duration":500000000,"thinking_chars":16,"thinking_detected":true,"outcome":"ok"}
{"event":"deep_research_model_call","step":"queries","think":false,"attempt":1,"wall_ms":1,"load_duration":0,"prompt_eval_count":0,"prompt_eval_duration":0,"eval_count":5,"eval_duration":500000000,"thinking_chars":16,"thinking_detected":true,"outcome":"ok"}
{"event":"deep_research_model_call","step":"pages","think":false,"attempt":1,"wall_ms":0,"load_duration":0,"prompt_eval_count":0,"prompt_eval_duration":0,"eval_count":5,"eval_duration":500000000,"thinking_chars":16,"thinking_detected":true,"outcome":"ok"}
{"event":"deep_research_model_call","step":"notes","think":false,"attempt":1,"wall_ms":0,"load_duration":0,"prompt_eval_count":0,"prompt_eval_duration":0,"eval_count":5,"eval_duration":500000000,"thinking_chars":17,"thinking_detected":true,"outcome":"ok"}
{"event":"deep_research_model_call","step":"notes","think":false,"attempt":1,"wall_ms":0,"load_duration":0,"prompt_eval_count":0,"prompt_eval_duration":0,"eval_count":5,"eval_duration":500000000,"thinking_chars":17,"thinking_detected":true,"outcome":"ok"}
{"event":"deep_research_model_call","step":"notes","think":false,"attempt":1,"wall_ms":0,"load_duration":0,"prompt_eval_count":0,"prompt_eval_duration":0,"eval_count":5,"eval_duration":500000000,"thinking_chars":17,"thinking_detected":true,"outcome":"ok"}
{"event":"deep_research_model_call","step":"write","think":true,"attempt":1,"wall_ms":0,"load_duration":0,"prompt_eval_count":0,"prompt_eval_duration":0,"eval_count":5,"eval_duration":500000000,"thinking_chars":17,"thinking_detected":false,"outcome":"ok"}
{"event":"deep_research_model_call","step":"brief","think":false,"attempt":1,"wall_ms":0,"load_duration":0,"prompt_eval_count":0,"prompt_eval_duration":0,"eval_count":5,"eval_duration":500000000,"thinking_chars":16,"thinking_detected":true,"outcome":"ok"}
{"event":"deep_research_model_call","step":"plan","think":true,"attempt":1,"wall_ms":0,"load_duration":0,"prompt_eval_count":0,"prompt_eval_duration":0,"eval_count":5,"eval_duration":500000000,"thinking_chars":16,"thinking_detected":false,"outcome":"ok"}
{"event":"deep_research_model_call","step":"queries","think":false,"attempt":1,"wall_ms":0,"load_duration":0,"prompt_eval_count":0,"prompt_eval_duration":0,"eval_count":5,"eval_duration":500000000,"thinking_chars":16,"thinking_detected":true,"outcome":"ok"}
{"event":"deep_research_model_call","step":"pages","think":false,"attempt":1,"wall_ms":0,"load_duration":0,"prompt_eval_count":0,"prompt_eval_duration":0,"eval_count":5,"eval_duration":500000000,"thinking_chars":16,"thinking_detected":true,"outcome":"ok"}
{"event":"deep_research_model_call","step":"notes","think":false,"attempt":1,"wall_ms":0,"load_duration":0,"prompt_eval_count":0,"prompt_eval_duration":0,"eval_count":5,"eval_duration":500000000,"thinking_chars":16,"thinking_detected":true,"outcome":"ok"}
{"event":"deep_research_model_call","step":"gap","think":false,"attempt":1,"wall_ms":1,"load_duration":0,"prompt_eval_count":0,"prompt_eval_duration":0,"eval_count":5,"eval_duration":500000000,"thinking_chars":16,"thinking_detected":true,"outcome":"ok"}
{"event":"deep_research_model_call","step":"pages","think":false,"attempt":1,"wall_ms":0,"load_duration":0,"prompt_eval_count":0,"prompt_eval_duration":0,"eval_count":5,"eval_duration":500000000,"thinking_chars":16,"thinking_detected":true,"outcome":"ok"}
{"event":"deep_research_model_call","step":"notes","think":false,"attempt":1,"wall_ms":0,"load_duration":0,"prompt_eval_count":0,"prompt_eval_duration":0,"eval_count":5,"eval_duration":500000000,"thinking_chars":16,"thinking_detected":true,"outcome":"ok"}
{"event":"deep_research_model_call","step":"write","think":true,"attempt":1,"wall_ms":0,"load_duration":0,"prompt_eval_count":0,"prompt_eval_duration":0,"eval_count":5,"eval_duration":500000000,"thinking_chars":16,"thinking_detected":false,"outcome":"ok"}
{"event":"deep_research_model_call","step":"brief","think":false,"attempt":1,"wall_ms":0,"load_duration":0,"prompt_eval_count":0,"prompt_eval_duration":0,"eval_count":5,"eval_duration":500000000,"thinking_chars":16,"thinking_detected":true,"outcome":"ok"}
{"event":"deep_research_model_call","step":"plan","think":true,"attempt":1,"wall_ms":0,"load_duration":0,"prompt_eval_count":0,"prompt_eval_duration":0,"eval_count":5,"eval_duration":500000000,"thinking_chars":16,"thinking_detected":false,"outcome":"ok"}
{"event":"deep_research_model_call","step":"queries","think":false,"attempt":1,"wall_ms":0,"load_duration":0,"prompt_eval_count":0,"prompt_eval_duration":0,"eval_count":5,"eval_duration":500000000,"thinking_chars":16,"thinking_detected":true,"outcome":"ok"}
{"event":"deep_research_model_call","step":"pages","think":false,"attempt":1,"wall_ms":0,"load_duration":0,"prompt_eval_count":0,"prompt_eval_duration":0,"eval_count":5,"eval_duration":500000000,"thinking_chars":16,"thinking_detected":true,"outcome":"ok"}
{"event":"deep_research_model_call","step":"notes","think":false,"attempt":1,"wall_ms":0,"load_duration":0,"prompt_eval_count":0,"prompt_eval_duration":0,"eval_count":5,"eval_duration":500000000,"thinking_chars":16,"thinking_detected":true,"outcome":"ok"}
{"event":"deep_research_model_call","step":"notes","think":false,"attempt":1,"wall_ms":0,"load_duration":0,"prompt_eval_count":0,"prompt_eval_duration":0,"eval_count":5,"eval_duration":500000000,"thinking_chars":16,"thinking_detected":true,"outcome":"ok"}
{"event":"deep_research_model_call","step":"write","think":true,"attempt":1,"wall_ms":0,"load_duration":0,"prompt_eval_count":0,"prompt_eval_duration":0,"eval_count":5,"eval_duration":500000000,"thinking_chars":16,"thinking_detected":false,"outcome":"ok"}
{"event":"deep_research_model_call","step":"brief","think":false,"attempt":1,"wall_ms":0,"load_duration":0,"prompt_eval_count":0,"prompt_eval_duration":0,"eval_count":5,"eval_duration":500000000,"thinking_chars":16,"thinking_detected":true,"outcome":"ok"}
{"event":"deep_research_model_call","step":"plan","think":true,"attempt":1,"wall_ms":0,"load_duration":0,"prompt_eval_count":0,"prompt_eval_duration":0,"eval_count":5,"eval_duration":500000000,"thinking_chars":16,"thinking_detected":false,"outcome":"ok"}
{"event":"deep_research_model_call","step":"queries","think":false,"attempt":1,"wall_ms":0,"load_duration":0,"prompt_eval_count":0,"prompt_eval_duration":0,"eval_count":5,"eval_duration":500000000,"thinking_chars":16,"thinking_detected":true,"outcome":"ok"}
{"event":"deep_research_model_call","step":"pages","think":false,"attempt":1,"wall_ms":0,"load_duration":0,"prompt_eval_count":0,"prompt_eval_duration":0,"eval_count":5,"eval_duration":500000000,"thinking_chars":16,"thinking_detected":true,"outcome":"ok"}
{"event":"deep_research_model_call","step":"notes","think":false,"attempt":1,"wall_ms":0,"load_duration":0,"prompt_eval_count":0,"prompt_eval_duration":0,"eval_count":5,"eval_duration":500000000,"thinking_chars":16,"thinking_detected":true,"outcome":"ok"}
{"event":"deep_research_model_call","step":"queries","think":false,"attempt":1,"wall_ms":0,"load_duration":0,"prompt_eval_count":0,"prompt_eval_duration":0,"eval_count":5,"eval_duration":500000000,"thinking_chars":16,"thinking_detected":true,"outcome":"ok"}
{"event":"deep_research_model_call","step":"pages","think":false,"attempt":1,"wall_ms":0,"load_duration":0,"prompt_eval_count":0,"prompt_eval_duration":0,"eval_count":5,"eval_duration":500000000,"thinking_chars":16,"thinking_detected":true,"outcome":"ok"}
{"event":"deep_research_model_call","step":"notes","think":false,"attempt":1,"wall_ms":0,"load_duration":0,"prompt_eval_count":0,"prompt_eval_duration":0,"eval_count":5,"eval_duration":500000000,"thinking_chars":16,"thinking_detected":true,"outcome":"ok"}
{"event":"deep_research_model_call","step":"notes","think":false,"attempt":1,"wall_ms":0,"load_duration":0,"prompt_eval_count":0,"prompt_eval_duration":0,"eval_count":5,"eval_duration":500000000,"thinking_chars":16,"thinking_detected":true,"outcome":"ok"}
{"event":"deep_research_model_call","step":"notes","think":false,"attempt":1,"wall_ms":0,"load_duration":0,"prompt_eval_count":0,"prompt_eval_duration":0,"eval_count":5,"eval_duration":500000000,"thinking_chars":17,"thinking_detected":true,"outcome":"ok"}
{"event":"deep_research_model_call","step":"write","think":true,"attempt":1,"wall_ms":0,"load_duration":0,"prompt_eval_count":0,"prompt_eval_duration":0,"eval_count":5,"eval_duration":500000000,"thinking_chars":17,"thinking_detected":false,"outcome":"ok"}
{"event":"deep_research_model_call","step":"brief","think":false,"attempt":1,"wall_ms":0,"load_duration":0,"prompt_eval_count":0,"prompt_eval_duration":0,"eval_count":5,"eval_duration":500000000,"thinking_chars":16,"thinking_detected":true,"outcome":"ok"}
{"event":"deep_research_model_call","step":"plan","think":true,"attempt":1,"wall_ms":0,"load_duration":0,"prompt_eval_count":0,"prompt_eval_duration":0,"eval_count":5,"eval_duration":500000000,"thinking_chars":16,"thinking_detected":false,"outcome":"ok"}
{"event":"deep_research_model_call","step":"queries","think":false,"attempt":1,"wall_ms":0,"load_duration":0,"prompt_eval_count":0,"prompt_eval_duration":0,"eval_count":5,"eval_duration":500000000,"thinking_chars":16,"thinking_detected":true,"outcome":"ok"}
{"event":"deep_research_model_call","step":"brief","think":false,"attempt":1,"wall_ms":0,"load_duration":0,"prompt_eval_count":0,"prompt_eval_duration":0,"eval_count":5,"eval_duration":500000000,"thinking_chars":16,"thinking_detected":true,"outcome":"ok"}
{"event":"deep_research_model_call","step":"plan","think":true,"attempt":1,"wall_ms":0,"load_duration":0,"prompt_eval_count":0,"prompt_eval_duration":0,"eval_count":5,"eval_duration":500000000,"thinking_chars":16,"thinking_detected":false,"outcome":"ok"}
{"event":"deep_research_model_call","step":"queries","think":false,"attempt":1,"wall_ms":0,"load_duration":0,"prompt_eval_count":0,"prompt_eval_duration":0,"eval_count":5,"eval_duration":500000000,"thinking_chars":16,"thinking_detected":true,"outcome":"ok"}
{"event":"deep_research_model_call","step":"pages","think":false,"attempt":1,"wall_ms":0,"load_duration":0,"prompt_eval_count":0,"prompt_eval_duration":0,"eval_count":5,"eval_duration":500000000,"thinking_chars":16,"thinking_detected":true,"outcome":"ok"}
{"event":"deep_research_model_call","step":"notes","think":false,"attempt":1,"wall_ms":0,"load_duration":0,"prompt_eval_count":0,"prompt_eval_duration":0,"eval_count":5,"eval_duration":500000000,"thinking_chars":16,"thinking_detected":true,"outcome":"ok"}
{"event":"deep_research_model_call","step":"queries","think":false,"attempt":1,"wall_ms":0,"load_duration":0,"prompt_eval_count":0,"prompt_eval_duration":0,"eval_count":5,"eval_duration":500000000,"thinking_chars":16,"thinking_detected":true,"outcome":"ok"}
{"event":"deep_research_model_call","step":"pages","think":false,"attempt":1,"wall_ms":0,"load_duration":0,"prompt_eval_count":0,"prompt_eval_duration":0,"eval_count":5,"eval_duration":500000000,"thinking_chars":16,"thinking_detected":true,"outcome":"ok"}
{"event":"deep_research_model_call","step":"notes","think":false,"attempt":1,"wall_ms":0,"load_duration":0,"prompt_eval_count":0,"prompt_eval_duration":0,"eval_count":5,"eval_duration":500000000,"thinking_chars":16,"thinking_detected":true,"outcome":"ok"}
{"event":"deep_research_model_call","step":"notes","think":false,"attempt":1,"wall_ms":0,"load_duration":0,"prompt_eval_count":0,"prompt_eval_duration":0,"eval_count":5,"eval_duration":500000000,"thinking_chars":16,"thinking_detected":true,"outcome":"ok"}
{"event":"deep_research_model_call","step":"write","think":true,"attempt":1,"wall_ms":0,"load_duration":0,"prompt_eval_count":0,"prompt_eval_duration":0,"eval_count":5,"eval_duration":500000000,"thinking_chars":17,"thinking_detected":false,"outcome":"ok"}
{"event":"deep_research_model_call","step":"brief","think":false,"attempt":1,"wall_ms":0,"load_duration":0,"prompt_eval_count":0,"prompt_eval_duration":0,"eval_count":5,"eval_duration":500000000,"thinking_chars":16,"thinking_detected":true,"outcome":"ok"}
{"event":"deep_research_model_call","step":"plan","think":true,"attempt":1,"wall_ms":0,"load_duration":0,"prompt_eval_count":0,"prompt_eval_duration":0,"eval_count":5,"eval_duration":500000000,"thinking_chars":16,"thinking_detected":false,"outcome":"ok"}
{"event":"deep_research_model_call","step":"queries","think":false,"attempt":1,"wall_ms":0,"load_duration":0,"prompt_eval_count":0,"prompt_eval_duration":0,"eval_count":5,"eval_duration":500000000,"thinking_chars":16,"thinking_detected":true,"outcome":"ok"}
{"event":"deep_research_model_call","step":"pages","think":false,"attempt":1,"wall_ms":0,"load_duration":0,"prompt_eval_count":0,"prompt_eval_duration":0,"eval_count":5,"eval_duration":500000000,"thinking_chars":16,"thinking_detected":true,"outcome":"ok"}
{"event":"deep_research_model_call","step":"notes","think":false,"attempt":1,"wall_ms":0,"load_duration":0,"prompt_eval_count":0,"prompt_eval_duration":0,"eval_count":5,"eval_duration":500000000,"thinking_chars":16,"thinking_detected":true,"outcome":"ok"}
{"event":"deep_research_model_call","step":"queries","think":false,"attempt":1,"wall_ms":0,"load_duration":0,"prompt_eval_count":0,"prompt_eval_duration":0,"eval_count":5,"eval_duration":500000000,"thinking_chars":16,"thinking_detected":true,"outcome":"ok"}
{"event":"deep_research_model_call","step":"pages","think":false,"attempt":1,"wall_ms":0,"load_duration":0,"prompt_eval_count":0,"prompt_eval_duration":0,"eval_count":5,"eval_duration":500000000,"thinking_chars":16,"thinking_detected":true,"outcome":"ok"}
{"event":"deep_research_model_call","step":"notes","think":false,"attempt":1,"wall_ms":0,"load_duration":0,"prompt_eval_count":0,"prompt_eval_duration":0,"eval_count":5,"eval_duration":500000000,"thinking_chars":16,"thinking_detected":true,"outcome":"ok"}
{"event":"deep_research_model_call","step":"write","think":true,"attempt":1,"wall_ms":0,"load_duration":0,"prompt_eval_count":0,"prompt_eval_duration":0,"eval_count":5,"eval_duration":500000000,"thinking_chars":16,"thinking_detected":false,"outcome":"ok"}
{"event":"deep_research_model_call","step":"brief","think":false,"attempt":1,"wall_ms":0,"load_duration":0,"prompt_eval_count":0,"prompt_eval_duration":0,"eval_count":5,"eval_duration":500000000,"thinking_chars":16,"thinking_detected":true,"outcome":"ok"}
{"event":"deep_research_model_call","step":"plan","think":true,"attempt":1,"wall_ms":0,"load_duration":0,"prompt_eval_count":0,"prompt_eval_duration":0,"eval_count":5,"eval_duration":500000000,"thinking_chars":16,"thinking_detected":false,"outcome":"ok"}
{"event":"deep_research_model_call","step":"queries","think":false,"attempt":1,"wall_ms":0,"load_duration":0,"prompt_eval_count":0,"prompt_eval_duration":0,"eval_count":5,"eval_duration":500000000,"thinking_chars":16,"thinking_detected":true,"outcome":"ok"}
{"event":"deep_research_model_call","step":"pages","think":false,"attempt":1,"wall_ms":0,"load_duration":0,"prompt_eval_count":0,"prompt_eval_duration":0,"eval_count":5,"eval_duration":500000000,"thinking_chars":16,"thinking_detected":true,"outcome":"ok"}
{"event":"deep_research_model_call","step":"notes","think":false,"attempt":1,"wall_ms":0,"load_duration":0,"prompt_eval_count":0,"prompt_eval_duration":0,"eval_count":5,"eval_duration":500000000,"thinking_chars":16,"thinking_detected":true,"outcome":"ok"}
{"event":"deep_research_model_call","step":"notes","think":false,"attempt":1,"wall_ms":0,"load_duration":0,"prompt_eval_count":0,"prompt_eval_duration":0,"eval_count":5,"eval_duration":500000000,"thinking_chars":16,"thinking_detected":true,"outcome":"ok"}
{"event":"deep_research_model_call","step":"write","think":true,"attempt":1,"wall_ms":0,"load_duration":0,"prompt_eval_count":0,"prompt_eval_duration":0,"eval_count":5,"eval_duration":500000000,"thinking_chars":16,"thinking_detected":false,"outcome":"ok"}
{"event":"deep_research_model_call","step":"brief","think":false,"attempt":1,"wall_ms":0,"load_duration":0,"prompt_eval_count":0,"prompt_eval_duration":0,"eval_count":5,"eval_duration":500000000,"thinking_chars":16,"thinking_detected":true,"outcome":"ok"}
{"event":"deep_research_model_call","step":"plan","think":true,"attempt":1,"wall_ms":0,"load_duration":0,"prompt_eval_count":0,"prompt_eval_duration":0,"eval_count":5,"eval_duration":500000000,"thinking_chars":16,"thinking_detected":false,"outcome":"ok"}
{"event":"deep_research_model_call","step":"queries","think":false,"attempt":1,"wall_ms":0,"load_duration":0,"prompt_eval_count":0,"prompt_eval_duration":0,"eval_count":5,"eval_duration":500000000,"thinking_chars":16,"thinking_detected":true,"outcome":"ok"}
{"event":"deep_research_model_call","step":"pages","think":false,"attempt":1,"wall_ms":0,"load_duration":0,"prompt_eval_count":0,"prompt_eval_duration":0,"eval_count":5,"eval_duration":500000000,"thinking_chars":16,"thinking_detected":true,"outcome":"ok"}
{"event":"deep_research_model_call","step":"notes","think":false,"attempt":1,"wall_ms":0,"load_duration":0,"prompt_eval_count":0,"prompt_eval_duration":0,"eval_count":5,"eval_duration":500000000,"thinking_chars":16,"thinking_detected":true,"outcome":"ok"}
{"event":"deep_research_model_call","step":"notes","think":false,"attempt":1,"wall_ms":0,"load_duration":0,"prompt_eval_count":0,"prompt_eval_duration":0,"eval_count":5,"eval_duration":500000000,"thinking_chars":16,"thinking_detected":true,"outcome":"ok"}
{"event":"deep_research_model_call","step":"write","think":true,"attempt":1,"wall_ms":0,"load_duration":0,"prompt_eval_count":0,"prompt_eval_duration":0,"eval_count":5,"eval_duration":500000000,"thinking_chars":16,"thinking_detected":false,"outcome":"ok"}
{"event":"deep_research_model_call","step":"brief","think":false,"attempt":1,"wall_ms":0,"load_duration":0,"prompt_eval_count":0,"prompt_eval_duration":0,"eval_count":5,"eval_duration":500000000,"thinking_chars":16,"thinking_detected":true,"outcome":"ok"}
{"event":"deep_research_model_call","step":"plan","think":true,"attempt":1,"wall_ms":0,"load_duration":0,"prompt_eval_count":0,"prompt_eval_duration":0,"eval_count":5,"eval_duration":500000000,"thinking_chars":16,"thinking_detected":false,"outcome":"ok"}
{"event":"deep_research_model_call","step":"queries","think":false,"attempt":1,"wall_ms":0,"load_duration":0,"prompt_eval_count":0,"prompt_eval_duration":0,"eval_count":5,"eval_duration":500000000,"thinking_chars":16,"thinking_detected":true,"outcome":"ok"}
{"event":"deep_research_model_call","step":"pages","think":false,"attempt":1,"wall_ms":0,"load_duration":0,"prompt_eval_count":0,"prompt_eval_duration":0,"eval_count":5,"eval_duration":500000000,"thinking_chars":16,"thinking_detected":true,"outcome":"ok"}
{"event":"deep_research_model_call","step":"notes","think":false,"attempt":1,"wall_ms":0,"load_duration":0,"prompt_eval_count":0,"prompt_eval_duration":0,"eval_count":5,"eval_duration":500000000,"thinking_chars":16,"thinking_detected":true,"outcome":"ok"}
{"event":"deep_research_model_call","step":"notes","think":false,"attempt":1,"wall_ms":0,"load_duration":0,"prompt_eval_count":0,"prompt_eval_duration":0,"eval_count":5,"eval_duration":500000000,"thinking_chars":16,"thinking_detected":true,"outcome":"ok"}
{"event":"deep_research_model_call","step":"write","think":true,"attempt":1,"wall_ms":0,"load_duration":0,"prompt_eval_count":0,"prompt_eval_duration":0,"eval_count":5,"eval_duration":500000000,"thinking_chars":16,"thinking_detected":false,"outcome":"ok"}
{"event":"deep_research_model_call","step":"brief","think":false,"attempt":1,"wall_ms":0,"load_duration":0,"prompt_eval_count":0,"prompt_eval_duration":0,"eval_count":5,"eval_duration":500000000,"thinking_chars":16,"thinking_detected":true,"outcome":"ok"}
{"event":"deep_research_model_call","step":"plan","think":true,"attempt":1,"wall_ms":0,"load_duration":0,"prompt_eval_count":0,"prompt_eval_duration":0,"eval_count":5,"eval_duration":500000000,"thinking_chars":16,"thinking_detected":false,"outcome":"ok"}
{"event":"deep_research_model_call","step":"queries","think":false,"attempt":1,"wall_ms":0,"load_duration":0,"prompt_eval_count":0,"prompt_eval_duration":0,"eval_count":5,"eval_duration":500000000,"thinking_chars":16,"thinking_detected":true,"outcome":"ok"}
{"event":"deep_research_model_call","step":"pages","think":false,"attempt":1,"wall_ms":0,"load_duration":0,"prompt_eval_count":0,"prompt_eval_duration":0,"eval_count":5,"eval_duration":500000000,"thinking_chars":16,"thinking_detected":true,"outcome":"ok"}
{"event":"deep_research_model_call","step":"notes","think":false,"attempt":1,"wall_ms":0,"load_duration":0,"prompt_eval_count":0,"prompt_eval_duration":0,"eval_count":5,"eval_duration":500000000,"thinking_chars":16,"thinking_detected":true,"outcome":"ok"}
{"event":"deep_research_model_call","step":"notes","think":false,"attempt":1,"wall_ms":0,"load_duration":0,"prompt_eval_count":0,"prompt_eval_duration":0,"eval_count":5,"eval_duration":500000000,"thinking_chars":16,"thinking_detected":true,"outcome":"ok"}
{"event":"deep_research_model_call","step":"write","think":true,"attempt":1,"wall_ms":0,"load_duration":0,"prompt_eval_count":0,"prompt_eval_duration":0,"eval_count":5,"eval_duration":500000000,"thinking_chars":16,"thinking_detected":false,"outcome":"ok"}
{"event":"deep_research_model_call","step":"brief","think":false,"attempt":1,"wall_ms":0,"load_duration":0,"prompt_eval_count":0,"prompt_eval_duration":0,"eval_count":5,"eval_duration":500000000,"thinking_chars":16,"thinking_detected":true,"outcome":"ok"}
{"event":"deep_research_model_call","step":"plan","think":true,"attempt":1,"wall_ms":0,"load_duration":0,"prompt_eval_count":0,"prompt_eval_duration":0,"eval_count":5,"eval_duration":500000000,"thinking_chars":16,"thinking_detected":false,"outcome":"ok"}
{"event":"deep_research_model_call","step":"queries","think":false,"attempt":1,"wall_ms":0,"load_duration":0,"prompt_eval_count":0,"prompt_eval_duration":0,"eval_count":5,"eval_duration":500000000,"thinking_chars":16,"thinking_detected":true,"outcome":"ok"}
{"event":"deep_research_model_call","step":"pages","think":false,"attempt":1,"wall_ms":0,"load_duration":0,"prompt_eval_count":0,"prompt_eval_duration":0,"eval_count":5,"eval_duration":500000000,"thinking_chars":16,"thinking_detected":true,"outcome":"ok"}
{"event":"deep_research_model_call","step":"notes","think":false,"attempt":1,"wall_ms":0,"load_duration":0,"prompt_eval_count":0,"prompt_eval_duration":0,"eval_count":5,"eval_duration":500000000,"thinking_chars":16,"thinking_detected":true,"outcome":"ok"}
{"event":"deep_research_model_call","step":"queries","think":false,"attempt":1,"wall_ms":0,"load_duration":0,"prompt_eval_count":0,"prompt_eval_duration":0,"eval_count":5,"eval_duration":500000000,"thinking_chars":16,"thinking_detected":true,"outcome":"ok"}
{"event":"deep_research_model_call","step":"pages","think":false,"attempt":1,"wall_ms":0,"load_duration":0,"prompt_eval_count":0,"prompt_eval_duration":0,"eval_count":5,"eval_duration":500000000,"thinking_chars":16,"thinking_detected":true,"outcome":"ok"}
{"event":"deep_research_model_call","step":"notes","think":false,"attempt":1,"wall_ms":0,"load_duration":0,"prompt_eval_count":0,"prompt_eval_duration":0,"eval_count":5,"eval_duration":500000000,"thinking_chars":16,"thinking_detected":true,"outcome":"ok"}
{"event":"deep_research_model_call","step":"notes","think":false,"attempt":1,"wall_ms":0,"load_duration":0,"prompt_eval_count":0,"prompt_eval_duration":0,"eval_count":5,"eval_duration":500000000,"thinking_chars":16,"thinking_detected":true,"outcome":"ok"}
{"event":"deep_research_model_call","step":"notes","think":false,"attempt":1,"wall_ms":0,"load_duration":0,"prompt_eval_count":0,"prompt_eval_duration":0,"eval_count":5,"eval_duration":500000000,"thinking_chars":17,"thinking_detected":true,"outcome":"ok"}
{"event":"deep_research_model_call","step":"write","think":true,"attempt":1,"wall_ms":0,"load_duration":0,"prompt_eval_count":0,"prompt_eval_duration":0,"eval_count":5,"eval_duration":500000000,"thinking_chars":17,"thinking_detected":false,"outcome":"ok"}
{"event":"deep_research_model_call","step":"brief","think":false,"attempt":1,"wall_ms":0,"load_duration":0,"prompt_eval_count":0,"prompt_eval_duration":0,"eval_count":5,"eval_duration":500000000,"thinking_chars":16,"thinking_detected":true,"outcome":"ok"}
{"event":"deep_research_model_call","step":"plan","think":true,"attempt":1,"wall_ms":0,"load_duration":0,"prompt_eval_count":0,"prompt_eval_duration":0,"eval_count":5,"eval_duration":500000000,"thinking_chars":16,"thinking_detected":false,"outcome":"ok"}
{"event":"deep_research_model_call","step":"queries","think":false,"attempt":1,"wall_ms":0,"load_duration":0,"prompt_eval_count":0,"prompt_eval_duration":0,"eval_count":5,"eval_duration":500000000,"thinking_chars":16,"thinking_detected":true,"outcome":"ok"}
{"event":"deep_research_model_call","step":"pages","think":false,"attempt":1,"wall_ms":0,"load_duration":0,"prompt_eval_count":0,"prompt_eval_duration":0,"eval_count":5,"eval_duration":500000000,"thinking_chars":16,"thinking_detected":true,"outcome":"ok"}
{"event":"deep_research_model_call","step":"notes","think":false,"attempt":1,"wall_ms":0,"load_duration":0,"prompt_eval_count":0,"prompt_eval_duration":0,"eval_count":5,"eval_duration":500000000,"thinking_chars":16,"thinking_detected":true,"outcome":"ok"}
{"event":"deep_research_model_call","step":"queries","think":false,"attempt":1,"wall_ms":0,"load_duration":0,"prompt_eval_count":0,"prompt_eval_duration":0,"eval_count":5,"eval_duration":500000000,"thinking_chars":16,"thinking_detected":true,"outcome":"ok"}
{"event":"deep_research_model_call","step":"write","think":true,"attempt":1,"wall_ms":0,"load_duration":0,"prompt_eval_count":0,"prompt_eval_duration":0,"eval_count":5,"eval_duration":500000000,"thinking_chars":16,"thinking_detected":false,"outcome":"ok"}
{"event":"deep_research_model_call","step":"brief","think":false,"attempt":1,"wall_ms":0,"load_duration":0,"prompt_eval_count":0,"prompt_eval_duration":0,"eval_count":5,"eval_duration":500000000,"thinking_chars":16,"thinking_detected":true,"outcome":"ok"}
{"event":"deep_research_model_call","step":"plan","think":true,"attempt":1,"wall_ms":0,"load_duration":0,"prompt_eval_count":0,"prompt_eval_duration":0,"eval_count":5,"eval_duration":500000000,"thinking_chars":16,"thinking_detected":false,"outcome":"ok"}
{"event":"deep_research_model_call","step":"queries","think":false,"attempt":1,"wall_ms":0,"load_duration":0,"prompt_eval_count":0,"prompt_eval_duration":0,"eval_count":5,"eval_duration":500000000,"thinking_chars":16,"thinking_detected":true,"outcome":"ok"}
{"event":"deep_research_model_call","step":"queries","think":false,"attempt":1,"wall_ms":0,"load_duration":0,"prompt_eval_count":0,"prompt_eval_duration":0,"eval_count":5,"eval_duration":500000000,"thinking_chars":16,"thinking_detected":true,"outcome":"ok"}
{"event":"deep_research_model_call","step":"brief","think":false,"attempt":1,"wall_ms":0,"load_duration":0,"prompt_eval_count":0,"prompt_eval_duration":0,"eval_count":5,"eval_duration":500000000,"thinking_chars":16,"thinking_detected":true,"outcome":"ok"}
{"event":"deep_research_model_call","step":"plan","think":true,"attempt":1,"wall_ms":0,"load_duration":0,"prompt_eval_count":0,"prompt_eval_duration":0,"eval_count":5,"eval_duration":500000000,"thinking_chars":16,"thinking_detected":false,"outcome":"ok"}
{"event":"deep_research_model_call","step":"queries","think":false,"attempt":1,"wall_ms":0,"load_duration":0,"prompt_eval_count":0,"prompt_eval_duration":0,"eval_count":5,"eval_duration":500000000,"thinking_chars":16,"thinking_detected":true,"outcome":"ok"}
{"event":"deep_research_model_call","step":"queries","think":false,"attempt":1,"wall_ms":0,"load_duration":0,"prompt_eval_count":0,"prompt_eval_duration":0,"eval_count":5,"eval_duration":500000000,"thinking_chars":16,"thinking_detected":true,"outcome":"ok"}
{"event":"deep_research_model_call","step":"brief","think":false,"attempt":1,"wall_ms":0,"load_duration":0,"prompt_eval_count":0,"prompt_eval_duration":0,"eval_count":5,"eval_duration":500000000,"thinking_chars":16,"thinking_detected":true,"outcome":"ok"}
{"event":"deep_research_model_call","step":"plan","think":true,"attempt":1,"wall_ms":0,"load_duration":0,"prompt_eval_count":0,"prompt_eval_duration":0,"eval_count":5,"eval_duration":500000000,"thinking_chars":16,"thinking_detected":false,"outcome":"ok"}
{"event":"deep_research_model_call","step":"queries","think":false,"attempt":1,"wall_ms":0,"load_duration":0,"prompt_eval_count":0,"prompt_eval_duration":0,"eval_count":5,"eval_duration":500000000,"thinking_chars":16,"thinking_detected":true,"outcome":"ok"}
{"event":"deep_research_model_call","step":"brief","think":false,"attempt":1,"wall_ms":0,"load_duration":0,"prompt_eval_count":0,"prompt_eval_duration":0,"eval_count":5,"eval_duration":500000000,"thinking_chars":16,"thinking_detected":true,"outcome":"ok"}
{"event":"deep_research_model_call","step":"plan","think":true,"attempt":1,"wall_ms":0,"load_duration":0,"prompt_eval_count":0,"prompt_eval_duration":0,"eval_count":5,"eval_duration":500000000,"thinking_chars":16,"thinking_detected":false,"outcome":"ok"}
{"event":"deep_research_model_call","step":"queries","think":false,"attempt":1,"wall_ms":0,"load_duration":0,"prompt_eval_count":0,"prompt_eval_duration":0,"eval_count":5,"eval_duration":500000000,"thinking_chars":16,"thinking_detected":true,"outcome":"ok"}
{"event":"deep_research_model_call","step":"brief","think":false,"attempt":1,"wall_ms":1,"load_duration":0,"prompt_eval_count":0,"prompt_eval_duration":0,"eval_count":5,"eval_duration":500000000,"thinking_chars":16,"thinking_detected":true,"outcome":"ok"}
{"event":"deep_research_model_call","step":"plan","think":true,"attempt":1,"wall_ms":0,"load_duration":0,"prompt_eval_count":0,"prompt_eval_duration":0,"eval_count":5,"eval_duration":500000000,"thinking_chars":16,"thinking_detected":false,"outcome":"ok"}
{"event":"deep_research_model_call","step":"queries","think":false,"attempt":1,"wall_ms":0,"load_duration":0,"prompt_eval_count":0,"prompt_eval_duration":0,"eval_count":5,"eval_duration":500000000,"thinking_chars":16,"thinking_detected":true,"outcome":"ok"}
{"event":"deep_research_model_call","step":"pages","think":false,"attempt":1,"wall_ms":0,"load_duration":0,"prompt_eval_count":0,"prompt_eval_duration":0,"eval_count":5,"eval_duration":500000000,"thinking_chars":16,"thinking_detected":true,"outcome":"ok"}
{"event":"deep_research_model_call","step":"notes","think":false,"attempt":1,"wall_ms":0,"load_duration":0,"prompt_eval_count":0,"prompt_eval_duration":0,"eval_count":5,"eval_duration":500000000,"thinking_chars":16,"thinking_detected":true,"outcome":"ok"}
{"event":"deep_research_model_call","step":"queries","think":false,"attempt":1,"wall_ms":0,"load_duration":0,"prompt_eval_count":0,"prompt_eval_duration":0,"eval_count":5,"eval_duration":500000000,"thinking_chars":16,"thinking_detected":true,"outcome":"ok"}
{"event":"deep_research_model_call","step":"pages","think":false,"attempt":1,"wall_ms":0,"load_duration":0,"prompt_eval_count":0,"prompt_eval_duration":0,"eval_count":5,"eval_duration":500000000,"thinking_chars":16,"thinking_detected":true,"outcome":"ok"}
{"event":"deep_research_model_call","step":"write","think":true,"attempt":1,"wall_ms":0,"load_duration":0,"prompt_eval_count":0,"prompt_eval_duration":0,"eval_count":5,"eval_duration":500000000,"thinking_chars":16,"thinking_detected":false,"outcome":"ok"}
{"event":"deep_research_model_call","step":"brief","think":false,"attempt":1,"wall_ms":0,"load_duration":0,"prompt_eval_count":0,"prompt_eval_duration":0,"eval_count":5,"eval_duration":500000000,"thinking_chars":16,"thinking_detected":true,"outcome":"ok"}
{"event":"deep_research_model_call","step":"plan","think":true,"attempt":1,"wall_ms":1,"load_duration":0,"prompt_eval_count":0,"prompt_eval_duration":0,"eval_count":5,"eval_duration":500000000,"thinking_chars":16,"thinking_detected":false,"outcome":"ok"}
{"event":"deep_research_model_call","step":"queries","think":false,"attempt":1,"wall_ms":601,"load_duration":null,"prompt_eval_count":null,"prompt_eval_duration":null,"eval_count":null,"eval_duration":null,"thinking_chars":0,"thinking_detected":false,"outcome":"aborted"}
{"event":"deep_research_model_call","step":"write","think":true,"attempt":1,"wall_ms":0,"load_duration":0,"prompt_eval_count":0,"prompt_eval_duration":0,"eval_count":5,"eval_duration":500000000,"thinking_chars":16,"thinking_detected":false,"outcome":"ok"}
{"event":"deep_research_model_call","step":"brief","think":false,"attempt":1,"wall_ms":0,"load_duration":0,"prompt_eval_count":0,"prompt_eval_duration":0,"eval_count":5,"eval_duration":500000000,"thinking_chars":16,"thinking_detected":true,"outcome":"ok"}
{"event":"deep_research_model_call","step":"plan","think":true,"attempt":1,"wall_ms":0,"load_duration":0,"prompt_eval_count":0,"prompt_eval_duration":0,"eval_count":5,"eval_duration":500000000,"thinking_chars":16,"thinking_detected":false,"outcome":"ok"}
{"event":"deep_research_model_call","step":"queries","think":false,"attempt":1,"wall_ms":0,"load_duration":0,"prompt_eval_count":0,"prompt_eval_duration":0,"eval_count":5,"eval_duration":500000000,"thinking_chars":16,"thinking_detected":true,"outcome":"ok"}
{"event":"deep_research_model_call","step":"pages","think":false,"attempt":1,"wall_ms":0,"load_duration":0,"prompt_eval_count":0,"prompt_eval_duration":0,"eval_count":5,"eval_duration":500000000,"thinking_chars":16,"thinking_detected":true,"outcome":"ok"}
{"event":"deep_research_model_call","step":"notes","think":false,"attempt":1,"wall_ms":1,"load_duration":0,"prompt_eval_count":0,"prompt_eval_duration":0,"eval_count":5,"eval_duration":500000000,"thinking_chars":16,"thinking_detected":true,"outcome":"ok"}
{"event":"deep_research_model_call","step":"queries","think":false,"attempt":1,"wall_ms":0,"load_duration":0,"prompt_eval_count":0,"prompt_eval_duration":0,"eval_count":5,"eval_duration":500000000,"thinking_chars":16,"thinking_detected":true,"outcome":"ok"}
{"event":"deep_research_model_call","step":"pages","think":false,"attempt":1,"wall_ms":0,"load_duration":0,"prompt_eval_count":0,"prompt_eval_duration":0,"eval_count":5,"eval_duration":500000000,"thinking_chars":16,"thinking_detected":true,"outcome":"ok"}
{"event":"deep_research_model_call","step":"notes","think":false,"attempt":1,"wall_ms":0,"load_duration":0,"prompt_eval_count":0,"prompt_eval_duration":0,"eval_count":5,"eval_duration":500000000,"thinking_chars":16,"thinking_detected":true,"outcome":"ok"}
{"event":"deep_research_model_call","step":"notes","think":false,"attempt":1,"wall_ms":0,"load_duration":0,"prompt_eval_count":0,"prompt_eval_duration":0,"eval_count":5,"eval_duration":500000000,"thinking_chars":16,"thinking_detected":true,"outcome":"ok"}
{"event":"deep_research_model_call","step":"notes","think":false,"attempt":1,"wall_ms":0,"load_duration":0,"prompt_eval_count":0,"prompt_eval_duration":0,"eval_count":5,"eval_duration":500000000,"thinking_chars":17,"thinking_detected":true,"outcome":"ok"}
{"event":"deep_research_model_call","step":"write","think":true,"attempt":1,"wall_ms":701,"load_duration":null,"prompt_eval_count":null,"prompt_eval_duration":null,"eval_count":null,"eval_duration":null,"thinking_chars":0,"thinking_detected":false,"outcome":"aborted"}
{"event":"deep_research_model_call","step":"brief","think":false,"attempt":1,"wall_ms":0,"load_duration":0,"prompt_eval_count":0,"prompt_eval_duration":0,"eval_count":5,"eval_duration":500000000,"thinking_chars":16,"thinking_detected":true,"outcome":"ok"}
{"event":"deep_research_model_call","step":"plan","think":true,"attempt":1,"wall_ms":0,"load_duration":0,"prompt_eval_count":0,"prompt_eval_duration":0,"eval_count":5,"eval_duration":500000000,"thinking_chars":16,"thinking_detected":false,"outcome":"ok"}
{"event":"deep_research_model_call","step":"queries","think":false,"attempt":1,"wall_ms":0,"load_duration":0,"prompt_eval_count":0,"prompt_eval_duration":0,"eval_count":5,"eval_duration":500000000,"thinking_chars":16,"thinking_detected":true,"outcome":"ok"}
{"event":"deep_research_model_call","step":"pages","think":false,"attempt":1,"wall_ms":1,"load_duration":0,"prompt_eval_count":0,"prompt_eval_duration":0,"eval_count":5,"eval_duration":500000000,"thinking_chars":16,"thinking_detected":true,"outcome":"ok"}
{"event":"deep_research_model_call","step":"queries","think":false,"attempt":1,"wall_ms":0,"load_duration":0,"prompt_eval_count":0,"prompt_eval_duration":0,"eval_count":5,"eval_duration":500000000,"thinking_chars":16,"thinking_detected":true,"outcome":"ok"}
{"event":"deep_research_model_call","step":"pages","think":false,"attempt":1,"wall_ms":0,"load_duration":0,"prompt_eval_count":0,"prompt_eval_duration":0,"eval_count":5,"eval_duration":500000000,"thinking_chars":16,"thinking_detected":true,"outcome":"ok"}
{"event":"deep_research_model_call","step":"brief","think":false,"attempt":1,"wall_ms":0,"load_duration":0,"prompt_eval_count":0,"prompt_eval_duration":0,"eval_count":5,"eval_duration":500000000,"thinking_chars":16,"thinking_detected":true,"outcome":"ok"}
{"event":"deep_research_model_call","step":"plan","think":true,"attempt":1,"wall_ms":0,"load_duration":0,"prompt_eval_count":0,"prompt_eval_duration":0,"eval_count":5,"eval_duration":500000000,"thinking_chars":16,"thinking_detected":false,"outcome":"ok"}
{"event":"deep_research_model_call","step":"queries","think":false,"attempt":1,"wall_ms":0,"load_duration":0,"prompt_eval_count":0,"prompt_eval_duration":0,"eval_count":5,"eval_duration":500000000,"thinking_chars":16,"thinking_detected":true,"outcome":"ok"}
{"event":"deep_research_model_call","step":"pages","think":false,"attempt":1,"wall_ms":0,"load_duration":0,"prompt_eval_count":0,"prompt_eval_duration":0,"eval_count":5,"eval_duration":500000000,"thinking_chars":16,"thinking_detected":true,"outcome":"ok"}
{"event":"deep_research_model_call","step":"notes","think":false,"attempt":1,"wall_ms":0,"load_duration":0,"prompt_eval_count":0,"prompt_eval_duration":0,"eval_count":5,"eval_duration":500000000,"thinking_chars":16,"thinking_detected":true,"outcome":"ok"}
{"event":"deep_research_model_call","step":"queries","think":false,"attempt":1,"wall_ms":0,"load_duration":0,"prompt_eval_count":0,"prompt_eval_duration":0,"eval_count":5,"eval_duration":500000000,"thinking_chars":16,"thinking_detected":true,"outcome":"ok"}
{"event":"deep_research_model_call","step":"pages","think":false,"attempt":1,"wall_ms":1,"load_duration":0,"prompt_eval_count":0,"prompt_eval_duration":0,"eval_count":5,"eval_duration":500000000,"thinking_chars":16,"thinking_detected":true,"outcome":"ok"}
{"event":"deep_research_model_call","step":"notes","think":false,"attempt":1,"wall_ms":0,"load_duration":0,"prompt_eval_count":0,"prompt_eval_duration":0,"eval_count":5,"eval_duration":500000000,"thinking_chars":16,"thinking_detected":true,"outcome":"ok"}
{"event":"deep_research_model_call","step":"notes","think":false,"attempt":1,"wall_ms":0,"load_duration":0,"prompt_eval_count":0,"prompt_eval_duration":0,"eval_count":5,"eval_duration":500000000,"thinking_chars":16,"thinking_detected":true,"outcome":"ok"}
{"event":"deep_research_model_call","step":"notes","think":false,"attempt":1,"wall_ms":0,"load_duration":0,"prompt_eval_count":0,"prompt_eval_duration":0,"eval_count":5,"eval_duration":500000000,"thinking_chars":17,"thinking_detected":true,"outcome":"ok"}
{"event":"deep_research_model_call","step":"brief","think":false,"attempt":1,"wall_ms":0,"load_duration":0,"prompt_eval_count":0,"prompt_eval_duration":0,"eval_count":5,"eval_duration":500000000,"thinking_chars":16,"thinking_detected":true,"outcome":"ok"}
{"event":"deep_research_model_call","step":"plan","think":true,"attempt":1,"wall_ms":0,"load_duration":0,"prompt_eval_count":0,"prompt_eval_duration":0,"eval_count":5,"eval_duration":500000000,"thinking_chars":16,"thinking_detected":false,"outcome":"ok"}
{"event":"deep_research_model_call","step":"queries","think":false,"attempt":1,"wall_ms":0,"load_duration":0,"prompt_eval_count":0,"prompt_eval_duration":0,"eval_count":5,"eval_duration":500000000,"thinking_chars":16,"thinking_detected":true,"outcome":"ok"}
{"event":"deep_research_model_call","step":"brief","think":false,"attempt":1,"wall_ms":0,"load_duration":0,"prompt_eval_count":0,"prompt_eval_duration":0,"eval_count":5,"eval_duration":500000000,"thinking_chars":16,"thinking_detected":true,"outcome":"ok"}
{"event":"deep_research_model_call","step":"plan","think":true,"attempt":1,"wall_ms":1,"load_duration":0,"prompt_eval_count":0,"prompt_eval_duration":0,"eval_count":5,"eval_duration":500000000,"thinking_chars":16,"thinking_detected":false,"outcome":"ok"}
{"event":"deep_research_model_call","step":"queries","think":false,"attempt":1,"wall_ms":0,"load_duration":0,"prompt_eval_count":0,"prompt_eval_duration":0,"eval_count":5,"eval_duration":500000000,"thinking_chars":16,"thinking_detected":true,"outcome":"ok"}
{"event":"deep_research_model_call","step":"pages","think":false,"attempt":1,"wall_ms":0,"load_duration":0,"prompt_eval_count":0,"prompt_eval_duration":0,"eval_count":5,"eval_duration":500000000,"thinking_chars":16,"thinking_detected":true,"outcome":"ok"}
{"event":"deep_research_model_call","step":"notes","think":false,"attempt":1,"wall_ms":0,"load_duration":0,"prompt_eval_count":0,"prompt_eval_duration":0,"eval_count":5,"eval_duration":500000000,"thinking_chars":16,"thinking_detected":true,"outcome":"ok"}
{"event":"deep_research_model_call","step":"queries","think":false,"attempt":1,"wall_ms":1,"load_duration":0,"prompt_eval_count":0,"prompt_eval_duration":0,"eval_count":5,"eval_duration":500000000,"thinking_chars":16,"thinking_detected":true,"outcome":"ok"}
{"event":"deep_research_model_call","step":"write","think":true,"attempt":1,"wall_ms":0,"load_duration":0,"prompt_eval_count":0,"prompt_eval_duration":0,"eval_count":5,"eval_duration":500000000,"thinking_chars":16,"thinking_detected":false,"outcome":"ok"}
{"event":"deep_research_model_call","step":"brief","think":false,"attempt":1,"wall_ms":0,"load_duration":0,"prompt_eval_count":0,"prompt_eval_duration":0,"eval_count":5,"eval_duration":500000000,"thinking_chars":16,"thinking_detected":true,"outcome":"ok"}
{"event":"deep_research_model_call","step":"plan","think":true,"attempt":1,"wall_ms":0,"load_duration":0,"prompt_eval_count":0,"prompt_eval_duration":0,"eval_count":5,"eval_duration":500000000,"thinking_chars":16,"thinking_detected":false,"outcome":"ok"}
{"event":"deep_research_model_call","step":"queries","think":false,"attempt":1,"wall_ms":0,"load_duration":0,"prompt_eval_count":0,"prompt_eval_duration":0,"eval_count":5,"eval_duration":500000000,"thinking_chars":16,"thinking_detected":true,"outcome":"ok"}
{"event":"deep_research_model_call","step":"pages","think":false,"attempt":1,"wall_ms":0,"load_duration":0,"prompt_eval_count":0,"prompt_eval_duration":0,"eval_count":5,"eval_duration":500000000,"thinking_chars":16,"thinking_detected":true,"outcome":"ok"}
{"event":"deep_research_model_call","step":"notes","think":false,"attempt":1,"wall_ms":0,"load_duration":0,"prompt_eval_count":0,"prompt_eval_duration":0,"eval_count":5,"eval_duration":500000000,"thinking_chars":16,"thinking_detected":true,"outcome":"ok"}
{"event":"deep_research_model_call","step":"queries","think":false,"attempt":1,"wall_ms":0,"load_duration":0,"prompt_eval_count":0,"prompt_eval_duration":0,"eval_count":5,"eval_duration":500000000,"thinking_chars":16,"thinking_detected":true,"outcome":"ok"}
{"event":"deep_research_model_call","step":"write","think":true,"attempt":1,"wall_ms":0,"load_duration":0,"prompt_eval_count":0,"prompt_eval_duration":0,"eval_count":5,"eval_duration":500000000,"thinking_chars":16,"thinking_detected":false,"outcome":"ok"}
{"event":"deep_research_model_call","step":"brief","think":false,"attempt":1,"wall_ms":0,"load_duration":0,"prompt_eval_count":0,"prompt_eval_duration":0,"eval_count":5,"eval_duration":500000000,"thinking_chars":16,"thinking_detected":true,"outcome":"ok"}
{"event":"deep_research_model_call","step":"plan","think":true,"attempt":1,"wall_ms":0,"load_duration":0,"prompt_eval_count":0,"prompt_eval_duration":0,"eval_count":5,"eval_duration":500000000,"thinking_chars":16,"thinking_detected":false,"outcome":"ok"}
{"event":"deep_research_model_call","step":"queries","think":false,"attempt":1,"wall_ms":0,"load_duration":0,"prompt_eval_count":0,"prompt_eval_duration":0,"eval_count":5,"eval_duration":500000000,"thinking_chars":16,"thinking_detected":true,"outcome":"ok"}
{"event":"deep_research_model_call","step":"pages","think":false,"attempt":1,"wall_ms":0,"load_duration":0,"prompt_eval_count":0,"prompt_eval_duration":0,"eval_count":5,"eval_duration":500000000,"thinking_chars":16,"thinking_detected":true,"outcome":"ok"}
{"event":"deep_research_model_call","step":"notes","think":false,"attempt":1,"wall_ms":0,"load_duration":0,"prompt_eval_count":0,"prompt_eval_duration":0,"eval_count":5,"eval_duration":500000000,"thinking_chars":16,"thinking_detected":true,"outcome":"ok"}
{"event":"deep_research_model_call","step":"queries","think":false,"attempt":1,"wall_ms":1,"load_duration":0,"prompt_eval_count":0,"prompt_eval_duration":0,"eval_count":5,"eval_duration":500000000,"thinking_chars":16,"thinking_detected":true,"outcome":"ok"}
{"event":"deep_research_model_call","step":"pages","think":false,"attempt":1,"wall_ms":0,"load_duration":0,"prompt_eval_count":0,"prompt_eval_duration":0,"eval_count":5,"eval_duration":500000000,"thinking_chars":16,"thinking_detected":true,"outcome":"ok"}
{"event":"deep_research_model_call","step":"notes","think":false,"attempt":1,"wall_ms":0,"load_duration":0,"prompt_eval_count":0,"prompt_eval_duration":0,"eval_count":5,"eval_duration":500000000,"thinking_chars":16,"thinking_detected":true,"outcome":"ok"}
{"event":"deep_research_model_call","step":"write","think":true,"attempt":1,"wall_ms":0,"load_duration":0,"prompt_eval_count":0,"prompt_eval_duration":0,"eval_count":5,"eval_duration":500000000,"thinking_chars":16,"thinking_detected":false,"outcome":"ok"}
{"event":"deep_research_model_call","step":"brief","think":false,"attempt":1,"wall_ms":0,"load_duration":0,"prompt_eval_count":0,"prompt_eval_duration":0,"eval_count":5,"eval_duration":500000000,"thinking_chars":16,"thinking_detected":true,"outcome":"ok"}
{"event":"deep_research_model_call","step":"plan","think":true,"attempt":1,"wall_ms":0,"load_duration":0,"prompt_eval_count":0,"prompt_eval_duration":0,"eval_count":5,"eval_duration":500000000,"thinking_chars":16,"thinking_detected":false,"outcome":"ok"}
{"event":"deep_research_model_call","step":"queries","think":false,"attempt":1,"wall_ms":0,"load_duration":0,"prompt_eval_count":0,"prompt_eval_duration":0,"eval_count":5,"eval_duration":500000000,"thinking_chars":16,"thinking_detected":true,"outcome":"ok"}
{"event":"deep_research_model_call","step":"pages","think":false,"attempt":1,"wall_ms":0,"load_duration":0,"prompt_eval_count":0,"prompt_eval_duration":0,"eval_count":5,"eval_duration":500000000,"thinking_chars":16,"thinking_detected":true,"outcome":"ok"}
{"event":"deep_research_model_call","step":"notes","think":false,"attempt":1,"wall_ms":0,"load_duration":0,"prompt_eval_count":0,"prompt_eval_duration":0,"eval_count":5,"eval_duration":500000000,"thinking_chars":16,"thinking_detected":true,"outcome":"ok"}
{"event":"deep_research_model_call","step":"queries","think":false,"attempt":1,"wall_ms":0,"load_duration":0,"prompt_eval_count":0,"prompt_eval_duration":0,"eval_count":5,"eval_duration":500000000,"thinking_chars":16,"thinking_detected":true,"outcome":"ok"}
{"event":"deep_research_model_call","step":"write","think":true,"attempt":1,"wall_ms":200,"load_duration":null,"prompt_eval_count":null,"prompt_eval_duration":null,"eval_count":null,"eval_duration":null,"thinking_chars":0,"thinking_detected":false,"outcome":"aborted"}
{"event":"deep_research_model_call","step":"brief","think":false,"attempt":1,"wall_ms":0,"load_duration":0,"prompt_eval_count":0,"prompt_eval_duration":0,"eval_count":5,"eval_duration":500000000,"thinking_chars":16,"thinking_detected":true,"outcome":"ok"}
{"event":"deep_research_model_call","step":"plan","think":true,"attempt":1,"wall_ms":0,"load_duration":0,"prompt_eval_count":0,"prompt_eval_duration":0,"eval_count":5,"eval_duration":500000000,"thinking_chars":16,"thinking_detected":false,"outcome":"ok"}
{"event":"deep_research_model_call","step":"queries","think":false,"attempt":1,"wall_ms":0,"load_duration":0,"prompt_eval_count":0,"prompt_eval_duration":0,"eval_count":5,"eval_duration":500000000,"thinking_chars":16,"thinking_detected":true,"outcome":"ok"}
{"event":"deep_research_model_call","step":"pages","think":false,"attempt":1,"wall_ms":0,"load_duration":0,"prompt_eval_count":0,"prompt_eval_duration":0,"eval_count":5,"eval_duration":500000000,"thinking_chars":16,"thinking_detected":true,"outcome":"ok"}
{"event":"deep_research_model_call","step":"notes","think":false,"attempt":1,"wall_ms":0,"load_duration":0,"prompt_eval_count":0,"prompt_eval_duration":0,"eval_count":5,"eval_duration":500000000,"thinking_chars":16,"thinking_detected":true,"outcome":"ok"}
{"event":"deep_research_model_call","step":"queries","think":false,"attempt":1,"wall_ms":0,"load_duration":0,"prompt_eval_count":0,"prompt_eval_duration":0,"eval_count":5,"eval_duration":500000000,"thinking_chars":16,"thinking_detected":true,"outcome":"ok"}
{"event":"deep_research_model_call","step":"pages","think":false,"attempt":1,"wall_ms":0,"load_duration":0,"prompt_eval_count":0,"prompt_eval_duration":0,"eval_count":5,"eval_duration":500000000,"thinking_chars":16,"thinking_detected":true,"outcome":"ok"}
{"event":"deep_research_model_call","step":"notes","think":false,"attempt":1,"wall_ms":0,"load_duration":0,"prompt_eval_count":0,"prompt_eval_duration":0,"eval_count":5,"eval_duration":500000000,"thinking_chars":16,"thinking_detected":true,"outcome":"ok"}
{"event":"deep_research_model_call","step":"notes","think":false,"attempt":1,"wall_ms":0,"load_duration":0,"prompt_eval_count":0,"prompt_eval_duration":0,"eval_count":5,"eval_duration":500000000,"thinking_chars":16,"thinking_detected":true,"outcome":"ok"}
{"event":"deep_research_model_call","step":"notes","think":false,"attempt":1,"wall_ms":0,"load_duration":0,"prompt_eval_count":0,"prompt_eval_duration":0,"eval_count":5,"eval_duration":500000000,"thinking_chars":17,"thinking_detected":true,"outcome":"ok"}
{"event":"deep_research_model_call","step":"write","think":true,"attempt":1,"wall_ms":201,"load_duration":null,"prompt_eval_count":null,"prompt_eval_duration":null,"eval_count":null,"eval_duration":null,"thinking_chars":0,"thinking_detected":false,"outcome":"aborted"}
{"event":"deep_research_model_call","step":"brief","think":false,"attempt":1,"wall_ms":0,"load_duration":0,"prompt_eval_count":0,"prompt_eval_duration":0,"eval_count":5,"eval_duration":500000000,"thinking_chars":16,"thinking_detected":true,"outcome":"ok"}
{"event":"deep_research_model_call","step":"plan","think":true,"attempt":1,"wall_ms":0,"load_duration":0,"prompt_eval_count":0,"prompt_eval_duration":0,"eval_count":5,"eval_duration":500000000,"thinking_chars":16,"thinking_detected":false,"outcome":"ok"}
{"event":"deep_research_model_call","step":"queries","think":false,"attempt":1,"wall_ms":0,"load_duration":0,"prompt_eval_count":0,"prompt_eval_duration":0,"eval_count":5,"eval_duration":500000000,"thinking_chars":16,"thinking_detected":true,"outcome":"ok"}
{"event":"deep_research_model_call","step":"pages","think":false,"attempt":1,"wall_ms":0,"load_duration":0,"prompt_eval_count":0,"prompt_eval_duration":0,"eval_count":5,"eval_duration":500000000,"thinking_chars":16,"thinking_detected":true,"outcome":"ok"}
{"event":"deep_research_model_call","step":"notes","think":false,"attempt":1,"wall_ms":0,"load_duration":0,"prompt_eval_count":0,"prompt_eval_duration":0,"eval_count":5,"eval_duration":500000000,"thinking_chars":16,"thinking_detected":true,"outcome":"ok"}
{"event":"deep_research_model_call","step":"queries","think":false,"attempt":1,"wall_ms":0,"load_duration":0,"prompt_eval_count":0,"prompt_eval_duration":0,"eval_count":5,"eval_duration":500000000,"thinking_chars":16,"thinking_detected":true,"outcome":"ok"}
{"event":"deep_research_model_call","step":"write","think":true,"attempt":1,"wall_ms":21,"load_duration":null,"prompt_eval_count":null,"prompt_eval_duration":null,"eval_count":null,"eval_duration":null,"thinking_chars":0,"thinking_detected":false,"outcome":"aborted"}
{"event":"deep_research_model_call","step":"brief","think":false,"attempt":1,"wall_ms":0,"load_duration":0,"prompt_eval_count":0,"prompt_eval_duration":0,"eval_count":5,"eval_duration":500000000,"thinking_chars":16,"thinking_detected":true,"outcome":"ok"}
{"event":"deep_research_model_call","step":"plan","think":true,"attempt":1,"wall_ms":0,"load_duration":0,"prompt_eval_count":0,"prompt_eval_duration":0,"eval_count":5,"eval_duration":500000000,"thinking_chars":16,"thinking_detected":false,"outcome":"ok"}
{"event":"deep_research_model_call","step":"queries","think":false,"attempt":1,"wall_ms":0,"load_duration":0,"prompt_eval_count":0,"prompt_eval_duration":0,"eval_count":5,"eval_duration":500000000,"thinking_chars":16,"thinking_detected":true,"outcome":"ok"}

 336 pass
 0 fail
 2211 expect() calls
Ran 336 tests across 21 files. [14.88s]
exit=0
== bunx tsc --noEmit ==
exit=0
