bun test v1.4.0 (1381054db)

src/http/deepResearchPassages.test.ts:
{"event":"deep_research_model_call","step":"brief","think":false,"attempt":1,"wall_ms":0,"load_duration":0,"prompt_eval_count":0,"prompt_eval_duration":0,"eval_count":0,"eval_duration":0,"thinking_chars":0,"thinking_detected":false,"outcome":"ok"}
{"event":"deep_research_model_call","step":"plan","think":true,"attempt":1,"wall_ms":0,"load_duration":0,"prompt_eval_count":0,"prompt_eval_duration":0,"eval_count":0,"eval_duration":0,"thinking_chars":0,"thinking_detected":false,"outcome":"ok"}
{"event":"deep_research_model_call","step":"queries","think":false,"attempt":1,"wall_ms":0,"load_duration":0,"prompt_eval_count":0,"prompt_eval_duration":0,"eval_count":0,"eval_duration":0,"thinking_chars":0,"thinking_detected":false,"outcome":"ok"}
{"event":"deep_research_model_call","step":"pages","think":false,"attempt":1,"wall_ms":0,"load_duration":0,"prompt_eval_count":0,"prompt_eval_duration":0,"eval_count":0,"eval_duration":0,"thinking_chars":0,"thinking_detected":false,"outcome":"ok"}
{"event":"deep_research_model_call","step":"notes","think":false,"attempt":1,"wall_ms":0,"load_duration":0,"prompt_eval_count":0,"prompt_eval_duration":0,"eval_count":0,"eval_duration":0,"thinking_chars":0,"thinking_detected":false,"outcome":"ok"}
{"event":"deep_research_model_call","step":"brief","think":false,"attempt":1,"wall_ms":0,"load_duration":0,"prompt_eval_count":0,"prompt_eval_duration":0,"eval_count":0,"eval_duration":0,"thinking_chars":0,"thinking_detected":false,"outcome":"ok"}
{"event":"deep_research_model_call","step":"plan","think":true,"attempt":1,"wall_ms":0,"load_duration":0,"prompt_eval_count":0,"prompt_eval_duration":0,"eval_count":0,"eval_duration":0,"thinking_chars":0,"thinking_detected":false,"outcome":"ok"}
{"event":"deep_research_model_call","step":"queries","think":false,"attempt":1,"wall_ms":0,"load_duration":0,"prompt_eval_count":0,"prompt_eval_duration":0,"eval_count":0,"eval_duration":0,"thinking_chars":0,"thinking_detected":false,"outcome":"ok"}
{"event":"deep_research_model_call","step":"pages","think":false,"attempt":1,"wall_ms":0,"load_duration":0,"prompt_eval_count":0,"prompt_eval_duration":0,"eval_count":0,"eval_duration":0,"thinking_chars":0,"thinking_detected":false,"outcome":"ok"}
{"event":"deep_research_model_call","step":"notes","think":false,"attempt":1,"wall_ms":0,"load_duration":0,"prompt_eval_count":0,"prompt_eval_duration":0,"eval_count":0,"eval_duration":0,"thinking_chars":0,"thinking_detected":false,"outcome":"ok"}
{"event":"deep_research_model_call","step":"brief","think":false,"attempt":1,"wall_ms":0,"load_duration":0,"prompt_eval_count":0,"prompt_eval_duration":0,"eval_count":0,"eval_duration":0,"thinking_chars":0,"thinking_detected":false,"outcome":"ok"}
{"event":"deep_research_model_call","step":"plan","think":true,"attempt":1,"wall_ms":0,"load_duration":0,"prompt_eval_count":0,"prompt_eval_duration":0,"eval_count":0,"eval_duration":0,"thinking_chars":0,"thinking_detected":false,"outcome":"ok"}
{"event":"deep_research_model_call","step":"queries","think":false,"attempt":1,"wall_ms":1,"load_duration":0,"prompt_eval_count":0,"prompt_eval_duration":0,"eval_count":0,"eval_duration":0,"thinking_chars":0,"thinking_detected":false,"outcome":"ok"}
{"event":"deep_research_model_call","step":"pages","think":false,"attempt":1,"wall_ms":0,"load_duration":0,"prompt_eval_count":0,"prompt_eval_duration":0,"eval_count":0,"eval_duration":0,"thinking_chars":0,"thinking_detected":false,"outcome":"ok"}
{"event":"deep_research_model_call","step":"notes","think":false,"attempt":1,"wall_ms":0,"load_duration":0,"prompt_eval_count":0,"prompt_eval_duration":0,"eval_count":0,"eval_duration":0,"thinking_chars":0,"thinking_detected":false,"outcome":"ok"}
{"event":"deep_research_model_call","step":"write","think":true,"attempt":1,"wall_ms":0,"load_duration":0,"prompt_eval_count":0,"prompt_eval_duration":0,"eval_count":0,"eval_duration":0,"thinking_chars":0,"thinking_detected":false,"outcome":"ok"}
{"event":"deep_research_model_call","step":"brief","think":false,"attempt":1,"wall_ms":0,"load_duration":0,"prompt_eval_count":0,"prompt_eval_duration":0,"eval_count":0,"eval_duration":0,"thinking_chars":0,"thinking_detected":false,"outcome":"ok"}
{"event":"deep_research_model_call","step":"plan","think":true,"attempt":1,"wall_ms":0,"load_duration":0,"prompt_eval_count":0,"prompt_eval_duration":0,"eval_count":0,"eval_duration":0,"thinking_chars":0,"thinking_detected":false,"outcome":"ok"}
{"event":"deep_research_model_call","step":"queries","think":false,"attempt":1,"wall_ms":1,"load_duration":0,"prompt_eval_count":0,"prompt_eval_duration":0,"eval_count":0,"eval_duration":0,"thinking_chars":0,"thinking_detected":false,"outcome":"ok"}
{"event":"deep_research_model_call","step":"pages","think":false,"attempt":1,"wall_ms":0,"load_duration":0,"prompt_eval_count":0,"prompt_eval_duration":0,"eval_count":0,"eval_duration":0,"thinking_chars":0,"thinking_detected":false,"outcome":"ok"}
{"event":"deep_research_page_skipped","n":1,"url":"https://alpha.example/1","reason":"empty","detail":"Page has only 7 words (minimum 40)"}
{"event":"deep_research_page_skipped","n":2,"url":"https://alpha.example/2","reason":"blocked","detail":"Page appears to be a bot challenge or access verification"}
{"event":"deep_research_model_call","step":"notes","think":false,"attempt":1,"wall_ms":0,"load_duration":0,"prompt_eval_count":0,"prompt_eval_duration":0,"eval_count":0,"eval_duration":0,"thinking_chars":0,"thinking_detected":false,"outcome":"ok"}
{"event":"deep_research_page_skipped","n":4,"url":"https://beta.example/1","reason":"empty","detail":"No passage matches the search terms"}
{"event":"deep_research_model_call","step":"write","think":true,"attempt":1,"wall_ms":0,"load_duration":0,"prompt_eval_count":0,"prompt_eval_duration":0,"eval_count":0,"eval_duration":0,"thinking_chars":0,"thinking_detected":false,"outcome":"ok"}

src/http/deepResearchStop.test.ts:
{"event":"deep_research_model_call","step":"brief","think":false,"attempt":1,"wall_ms":1,"load_duration":0,"prompt_eval_count":0,"prompt_eval_duration":0,"eval_count":3,"eval_duration":0,"thinking_chars":0,"thinking_detected":false,"outcome":"ok"}
{"event":"deep_research_model_call","step":"plan","think":true,"attempt":1,"wall_ms":1,"load_duration":0,"prompt_eval_count":0,"prompt_eval_duration":0,"eval_count":3,"eval_duration":0,"thinking_chars":0,"thinking_detected":false,"outcome":"ok"}
{"event":"deep_research_model_call","step":"queries","think":false,"attempt":1,"wall_ms":0,"load_duration":0,"prompt_eval_count":0,"prompt_eval_duration":0,"eval_count":3,"eval_duration":0,"thinking_chars":0,"thinking_detected":false,"outcome":"ok"}
{"event":"deep_research_model_call","step":"pages","think":false,"attempt":1,"wall_ms":0,"load_duration":0,"prompt_eval_count":0,"prompt_eval_duration":0,"eval_count":3,"eval_duration":0,"thinking_chars":0,"thinking_detected":false,"outcome":"ok"}
{"event":"deep_research_model_call","step":"notes","think":false,"attempt":1,"wall_ms":0,"load_duration":0,"prompt_eval_count":0,"prompt_eval_duration":0,"eval_count":3,"eval_duration":0,"thinking_chars":0,"thinking_detected":false,"outcome":"ok"}
{"event":"deep_research_model_call","step":"queries","think":false,"attempt":1,"wall_ms":0,"load_duration":0,"prompt_eval_count":0,"prompt_eval_duration":0,"eval_count":3,"eval_duration":0,"thinking_chars":0,"thinking_detected":false,"outcome":"ok"}
{"event":"deep_research_model_call","step":"write","think":true,"attempt":1,"wall_ms":0,"load_duration":0,"prompt_eval_count":0,"prompt_eval_duration":0,"eval_count":3,"eval_duration":0,"thinking_chars":0,"thinking_detected":false,"outcome":"ok"}
{"event":"deep_research_model_call","step":"brief","think":false,"attempt":1,"wall_ms":0,"load_duration":0,"prompt_eval_count":0,"prompt_eval_duration":0,"eval_count":3,"eval_duration":0,"thinking_chars":0,"thinking_detected":false,"outcome":"ok"}
{"event":"deep_research_model_call","step":"plan","think":true,"attempt":1,"wall_ms":0,"load_duration":0,"prompt_eval_count":0,"prompt_eval_duration":0,"eval_count":3,"eval_duration":0,"thinking_chars":0,"thinking_detected":false,"outcome":"ok"}
{"event":"deep_research_model_call","step":"queries","think":false,"attempt":1,"wall_ms":0,"load_duration":0,"prompt_eval_count":0,"prompt_eval_duration":0,"eval_count":3,"eval_duration":0,"thinking_chars":0,"thinking_detected":false,"outcome":"ok"}
{"event":"deep_research_model_call","step":"pages","think":false,"attempt":1,"wall_ms":1,"load_duration":0,"prompt_eval_count":0,"prompt_eval_duration":0,"eval_count":3,"eval_duration":0,"thinking_chars":0,"thinking_detected":false,"outcome":"ok"}
{"event":"deep_research_model_call","step":"notes","think":false,"attempt":1,"wall_ms":0,"load_duration":0,"prompt_eval_count":0,"prompt_eval_duration":0,"eval_count":3,"eval_duration":0,"thinking_chars":0,"thinking_detected":false,"outcome":"ok"}
{"event":"deep_research_model_call","step":"queries","think":false,"attempt":1,"wall_ms":0,"load_duration":0,"prompt_eval_count":0,"prompt_eval_duration":0,"eval_count":3,"eval_duration":0,"thinking_chars":0,"thinking_detected":false,"outcome":"ok"}
{"event":"deep_research_model_call","step":"write","think":true,"attempt":1,"wall_ms":0,"load_duration":null,"prompt_eval_count":null,"prompt_eval_duration":null,"eval_count":null,"eval_duration":null,"thinking_chars":0,"thinking_detected":false,"outcome":"aborted"}

src/http/deepResearchBreadthFirst.test.ts:
{"event":"deep_research_model_call","step":"brief","think":false,"attempt":1,"wall_ms":0,"load_duration":0,"prompt_eval_count":0,"prompt_eval_duration":0,"eval_count":3,"eval_duration":0,"thinking_chars":0,"thinking_detected":false,"outcome":"ok"}
{"event":"deep_research_model_call","step":"plan","think":true,"attempt":1,"wall_ms":0,"load_duration":0,"prompt_eval_count":0,"prompt_eval_duration":0,"eval_count":3,"eval_duration":0,"thinking_chars":0,"thinking_detected":false,"outcome":"ok"}
{"event":"deep_research_model_call","step":"queries","think":false,"attempt":1,"wall_ms":0,"load_duration":0,"prompt_eval_count":0,"prompt_eval_duration":0,"eval_count":3,"eval_duration":0,"thinking_chars":0,"thinking_detected":false,"outcome":"ok"}
{"event":"deep_research_model_call","step":"pages","think":false,"attempt":1,"wall_ms":0,"load_duration":0,"prompt_eval_count":0,"prompt_eval_duration":0,"eval_count":3,"eval_duration":0,"thinking_chars":0,"thinking_detected":false,"outcome":"ok"}
{"event":"deep_research_model_call","step":"notes","think":false,"attempt":1,"wall_ms":0,"load_duration":0,"prompt_eval_count":0,"prompt_eval_duration":0,"eval_count":3,"eval_duration":0,"thinking_chars":0,"thinking_detected":false,"outcome":"ok"}
{"event":"deep_research_model_call","step":"queries","think":false,"attempt":1,"wall_ms":0,"load_duration":0,"prompt_eval_count":0,"prompt_eval_duration":0,"eval_count":3,"eval_duration":0,"thinking_chars":0,"thinking_detected":false,"outcome":"ok"}
{"event":"deep_research_model_call","step":"pages","think":false,"attempt":1,"wall_ms":0,"load_duration":0,"prompt_eval_count":0,"prompt_eval_duration":0,"eval_count":3,"eval_duration":0,"thinking_chars":0,"thinking_detected":false,"outcome":"ok"}
{"event":"deep_research_model_call","step":"notes","think":false,"attempt":1,"wall_ms":0,"load_duration":0,"prompt_eval_count":0,"prompt_eval_duration":0,"eval_count":3,"eval_duration":0,"thinking_chars":0,"thinking_detected":false,"outcome":"ok"}
{"event":"deep_research_model_call","step":"queries","think":false,"attempt":1,"wall_ms":0,"load_duration":0,"prompt_eval_count":0,"prompt_eval_duration":0,"eval_count":3,"eval_duration":0,"thinking_chars":0,"thinking_detected":false,"outcome":"ok"}
{"event":"deep_research_model_call","step":"pages","think":false,"attempt":1,"wall_ms":0,"load_duration":0,"prompt_eval_count":0,"prompt_eval_duration":0,"eval_count":3,"eval_duration":0,"thinking_chars":0,"thinking_detected":false,"outcome":"ok"}
{"event":"deep_research_model_call","step":"notes","think":false,"attempt":1,"wall_ms":0,"load_duration":0,"prompt_eval_count":0,"prompt_eval_duration":0,"eval_count":3,"eval_duration":0,"thinking_chars":0,"thinking_detected":false,"outcome":"ok"}
{"event":"deep_research_model_call","step":"notes","think":false,"attempt":1,"wall_ms":0,"load_duration":0,"prompt_eval_count":0,"prompt_eval_duration":0,"eval_count":3,"eval_duration":0,"thinking_chars":0,"thinking_detected":false,"outcome":"ok"}
{"event":"deep_research_model_call","step":"notes","think":false,"attempt":1,"wall_ms":0,"load_duration":0,"prompt_eval_count":0,"prompt_eval_duration":0,"eval_count":3,"eval_duration":0,"thinking_chars":0,"thinking_detected":false,"outcome":"ok"}
{"event":"deep_research_model_call","step":"notes","think":false,"attempt":1,"wall_ms":0,"load_duration":0,"prompt_eval_count":0,"prompt_eval_duration":0,"eval_count":3,"eval_duration":0,"thinking_chars":0,"thinking_detected":false,"outcome":"ok"}
{"event":"deep_research_model_call","step":"write","think":true,"attempt":1,"wall_ms":0,"load_duration":0,"prompt_eval_count":0,"prompt_eval_duration":0,"eval_count":3,"eval_duration":0,"thinking_chars":0,"thinking_detected":false,"outcome":"ok"}
{"event":"deep_research_model_call","step":"brief","think":false,"attempt":1,"wall_ms":0,"load_duration":0,"prompt_eval_count":0,"prompt_eval_duration":0,"eval_count":3,"eval_duration":0,"thinking_chars":0,"thinking_detected":false,"outcome":"ok"}
{"event":"deep_research_model_call","step":"plan","think":true,"attempt":1,"wall_ms":0,"load_duration":0,"prompt_eval_count":0,"prompt_eval_duration":0,"eval_count":3,"eval_duration":0,"thinking_chars":0,"thinking_detected":false,"outcome":"ok"}
{"event":"deep_research_model_call","step":"queries","think":false,"attempt":1,"wall_ms":0,"load_duration":0,"prompt_eval_count":0,"prompt_eval_duration":0,"eval_count":3,"eval_duration":0,"thinking_chars":0,"thinking_detected":false,"outcome":"ok"}
{"event":"deep_research_model_call","step":"pages","think":false,"attempt":1,"wall_ms":0,"load_duration":0,"prompt_eval_count":0,"prompt_eval_duration":0,"eval_count":3,"eval_duration":0,"thinking_chars":0,"thinking_detected":false,"outcome":"ok"}
{"event":"deep_research_model_call","step":"notes","think":false,"attempt":1,"wall_ms":0,"load_duration":0,"prompt_eval_count":0,"prompt_eval_duration":0,"eval_count":3,"eval_duration":0,"thinking_chars":0,"thinking_detected":false,"outcome":"ok"}
{"event":"deep_research_model_call","step":"queries","think":false,"attempt":1,"wall_ms":0,"load_duration":0,"prompt_eval_count":0,"prompt_eval_duration":0,"eval_count":3,"eval_duration":0,"thinking_chars":0,"thinking_detected":false,"outcome":"ok"}
{"event":"deep_research_model_call","step":"pages","think":false,"attempt":1,"wall_ms":0,"load_duration":0,"prompt_eval_count":0,"prompt_eval_duration":0,"eval_count":3,"eval_duration":0,"thinking_chars":0,"thinking_detected":false,"outcome":"ok"}
{"event":"deep_research_model_call","step":"notes","think":false,"attempt":1,"wall_ms":0,"load_duration":0,"prompt_eval_count":0,"prompt_eval_duration":0,"eval_count":3,"eval_duration":0,"thinking_chars":0,"thinking_detected":false,"outcome":"ok"}
{"event":"deep_research_model_call","step":"queries","think":false,"attempt":1,"wall_ms":0,"load_duration":0,"prompt_eval_count":0,"prompt_eval_duration":0,"eval_count":3,"eval_duration":0,"thinking_chars":0,"thinking_detected":false,"outcome":"ok"}
{"event":"deep_research_model_call","step":"pages","think":false,"attempt":1,"wall_ms":0,"load_duration":0,"prompt_eval_count":0,"prompt_eval_duration":0,"eval_count":3,"eval_duration":0,"thinking_chars":0,"thinking_detected":false,"outcome":"ok"}
{"event":"deep_research_model_call","step":"notes","think":false,"attempt":1,"wall_ms":0,"load_duration":0,"prompt_eval_count":0,"prompt_eval_duration":0,"eval_count":3,"eval_duration":0,"thinking_chars":0,"thinking_detected":false,"outcome":"ok"}
{"event":"deep_research_model_call","step":"notes","think":false,"attempt":1,"wall_ms":0,"load_duration":0,"prompt_eval_count":0,"prompt_eval_duration":0,"eval_count":3,"eval_duration":0,"thinking_chars":0,"thinking_detected":false,"outcome":"ok"}
{"event":"deep_research_model_call","step":"notes","think":false,"attempt":1,"wall_ms":0,"load_duration":0,"prompt_eval_count":0,"prompt_eval_duration":0,"eval_count":3,"eval_duration":0,"thinking_chars":0,"thinking_detected":false,"outcome":"ok"}
{"event":"deep_research_model_call","step":"write","think":true,"attempt":1,"wall_ms":0,"load_duration":0,"prompt_eval_count":0,"prompt_eval_duration":0,"eval_count":3,"eval_duration":0,"thinking_chars":0,"thinking_detected":false,"outcome":"ok"}
{"event":"deep_research_model_call","step":"brief","think":false,"attempt":1,"wall_ms":0,"load_duration":0,"prompt_eval_count":0,"prompt_eval_duration":0,"eval_count":3,"eval_duration":0,"thinking_chars":0,"thinking_detected":false,"outcome":"ok"}
{"event":"deep_research_model_call","step":"plan","think":true,"attempt":1,"wall_ms":0,"load_duration":0,"prompt_eval_count":0,"prompt_eval_duration":0,"eval_count":3,"eval_duration":0,"thinking_chars":0,"thinking_detected":false,"outcome":"ok"}
{"event":"deep_research_model_call","step":"queries","think":false,"attempt":1,"wall_ms":0,"load_duration":0,"prompt_eval_count":0,"prompt_eval_duration":0,"eval_count":3,"eval_duration":0,"thinking_chars":0,"thinking_detected":false,"outcome":"ok"}
{"event":"deep_research_model_call","step":"pages","think":false,"attempt":1,"wall_ms":0,"load_duration":0,"prompt_eval_count":0,"prompt_eval_duration":0,"eval_count":3,"eval_duration":0,"thinking_chars":0,"thinking_detected":false,"outcome":"ok"}
{"event":"deep_research_model_call","step":"notes","think":false,"attempt":1,"wall_ms":0,"load_duration":0,"prompt_eval_count":0,"prompt_eval_duration":0,"eval_count":3,"eval_duration":0,"thinking_chars":0,"thinking_detected":false,"outcome":"ok"}
{"event":"deep_research_model_call","step":"queries","think":false,"attempt":1,"wall_ms":0,"load_duration":0,"prompt_eval_count":0,"prompt_eval_duration":0,"eval_count":3,"eval_duration":0,"thinking_chars":0,"thinking_detected":false,"outcome":"ok"}
{"event":"deep_research_model_call","step":"pages","think":false,"attempt":1,"wall_ms":0,"load_duration":0,"prompt_eval_count":0,"prompt_eval_duration":0,"eval_count":3,"eval_duration":0,"thinking_chars":0,"thinking_detected":false,"outcome":"ok"}
{"event":"deep_research_model_call","step":"notes","think":false,"attempt":1,"wall_ms":0,"load_duration":0,"prompt_eval_count":0,"prompt_eval_duration":0,"eval_count":3,"eval_duration":0,"thinking_chars":0,"thinking_detected":false,"outcome":"ok"}
{"event":"deep_research_model_call","step":"queries","think":false,"attempt":1,"wall_ms":0,"load_duration":0,"prompt_eval_count":0,"prompt_eval_duration":0,"eval_count":3,"eval_duration":0,"thinking_chars":0,"thinking_detected":false,"outcome":"ok"}
{"event":"deep_research_model_call","step":"pages","think":false,"attempt":1,"wall_ms":0,"load_duration":0,"prompt_eval_count":0,"prompt_eval_duration":0,"eval_count":3,"eval_duration":0,"thinking_chars":0,"thinking_detected":false,"outcome":"ok"}
{"event":"deep_research_model_call","step":"notes","think":false,"attempt":1,"wall_ms":0,"load_duration":0,"prompt_eval_count":0,"prompt_eval_duration":0,"eval_count":3,"eval_duration":0,"thinking_chars":0,"thinking_detected":false,"outcome":"ok"}
{"event":"deep_research_model_call","step":"notes","think":false,"attempt":1,"wall_ms":0,"load_duration":0,"prompt_eval_count":0,"prompt_eval_duration":0,"eval_count":3,"eval_duration":0,"thinking_chars":0,"thinking_detected":false,"outcome":"ok"}
{"event":"deep_research_model_call","step":"notes","think":false,"attempt":1,"wall_ms":0,"load_duration":0,"prompt_eval_count":0,"prompt_eval_duration":0,"eval_count":3,"eval_duration":0,"thinking_chars":0,"thinking_detected":false,"outcome":"ok"}
{"event":"deep_research_model_call","step":"notes","think":false,"attempt":1,"wall_ms":0,"load_duration":0,"prompt_eval_count":0,"prompt_eval_duration":0,"eval_count":3,"eval_duration":0,"thinking_chars":0,"thinking_detected":false,"outcome":"ok"}
{"event":"deep_research_model_call","step":"gap","think":false,"attempt":1,"wall_ms":0,"load_duration":0,"prompt_eval_count":0,"prompt_eval_duration":0,"eval_count":3,"eval_duration":0,"thinking_chars":0,"thinking_detected":false,"outcome":"ok"}
{"event":"deep_research_model_call","step":"pages","think":false,"attempt":1,"wall_ms":0,"load_duration":0,"prompt_eval_count":0,"prompt_eval_duration":0,"eval_count":3,"eval_duration":0,"thinking_chars":0,"thinking_detected":false,"outcome":"ok"}
{"event":"deep_research_model_call","step":"notes","think":false,"attempt":1,"wall_ms":0,"load_duration":0,"prompt_eval_count":0,"prompt_eval_duration":0,"eval_count":3,"eval_duration":0,"thinking_chars":0,"thinking_detected":false,"outcome":"ok"}
{"event":"deep_research_model_call","step":"gap","think":false,"attempt":1,"wall_ms":0,"load_duration":0,"prompt_eval_count":0,"prompt_eval_duration":0,"eval_count":3,"eval_duration":0,"thinking_chars":0,"thinking_detected":false,"outcome":"ok"}
{"event":"deep_research_model_call","step":"pages","think":false,"attempt":1,"wall_ms":0,"load_duration":0,"prompt_eval_count":0,"prompt_eval_duration":0,"eval_count":3,"eval_duration":0,"thinking_chars":0,"thinking_detected":false,"outcome":"ok"}
{"event":"deep_research_model_call","step":"notes","think":false,"attempt":1,"wall_ms":0,"load_duration":0,"prompt_eval_count":0,"prompt_eval_duration":0,"eval_count":3,"eval_duration":0,"thinking_chars":0,"thinking_detected":false,"outcome":"ok"}
{"event":"deep_research_model_call","step":"notes","think":false,"attempt":1,"wall_ms":0,"load_duration":0,"prompt_eval_count":0,"prompt_eval_duration":0,"eval_count":3,"eval_duration":0,"thinking_chars":0,"thinking_detected":false,"outcome":"ok"}
{"event":"deep_research_model_call","step":"notes","think":false,"attempt":1,"wall_ms":0,"load_duration":0,"prompt_eval_count":0,"prompt_eval_duration":0,"eval_count":3,"eval_duration":0,"thinking_chars":0,"thinking_detected":false,"outcome":"ok"}
{"event":"deep_research_model_call","step":"write","think":true,"attempt":1,"wall_ms":0,"load_duration":0,"prompt_eval_count":0,"prompt_eval_duration":0,"eval_count":3,"eval_duration":0,"thinking_chars":0,"thinking_detected":false,"outcome":"ok"}
{"event":"deep_research_model_call","step":"brief","think":false,"attempt":1,"wall_ms":0,"load_duration":0,"prompt_eval_count":0,"prompt_eval_duration":0,"eval_count":3,"eval_duration":0,"thinking_chars":0,"thinking_detected":false,"outcome":"ok"}
{"event":"deep_research_model_call","step":"plan","think":true,"attempt":1,"wall_ms":0,"load_duration":0,"prompt_eval_count":0,"prompt_eval_duration":0,"eval_count":3,"eval_duration":0,"thinking_chars":0,"thinking_detected":false,"outcome":"ok"}
{"event":"deep_research_model_call","step":"queries","think":false,"attempt":1,"wall_ms":0,"load_duration":0,"prompt_eval_count":0,"prompt_eval_duration":0,"eval_count":3,"eval_duration":0,"thinking_chars":0,"thinking_detected":false,"outcome":"ok"}
{"event":"deep_research_model_call","step":"pages","think":false,"attempt":1,"wall_ms":0,"load_duration":0,"prompt_eval_count":0,"prompt_eval_duration":0,"eval_count":3,"eval_duration":0,"thinking_chars":0,"thinking_detected":false,"outcome":"ok"}
{"event":"deep_research_model_call","step":"notes","think":false,"attempt":1,"wall_ms":0,"load_duration":0,"prompt_eval_count":0,"prompt_eval_duration":0,"eval_count":3,"eval_duration":0,"thinking_chars":0,"thinking_detected":false,"outcome":"ok"}
{"event":"deep_research_model_call","step":"queries","think":false,"attempt":1,"wall_ms":0,"load_duration":0,"prompt_eval_count":0,"prompt_eval_duration":0,"eval_count":3,"eval_duration":0,"thinking_chars":0,"thinking_detected":false,"outcome":"ok"}
{"event":"deep_research_model_call","step":"pages","think":false,"attempt":1,"wall_ms":0,"load_duration":0,"prompt_eval_count":0,"prompt_eval_duration":0,"eval_count":3,"eval_duration":0,"thinking_chars":0,"thinking_detected":false,"outcome":"ok"}
{"event":"deep_research_model_call","step":"notes","think":false,"attempt":1,"wall_ms":1,"load_duration":0,"prompt_eval_count":0,"prompt_eval_duration":0,"eval_count":3,"eval_duration":0,"thinking_chars":0,"thinking_detected":false,"outcome":"ok"}
{"event":"deep_research_model_call","step":"gap","think":false,"attempt":1,"wall_ms":0,"load_duration":0,"prompt_eval_count":0,"prompt_eval_duration":0,"eval_count":3,"eval_duration":0,"thinking_chars":0,"thinking_detected":false,"outcome":"ok"}
{"event":"deep_research_model_call","step":"gap","think":false,"attempt":1,"wall_ms":0,"load_duration":0,"prompt_eval_count":0,"prompt_eval_duration":0,"eval_count":3,"eval_duration":0,"thinking_chars":0,"thinking_detected":false,"outcome":"ok"}
{"event":"deep_research_model_call","step":"pages","think":false,"attempt":1,"wall_ms":0,"load_duration":0,"prompt_eval_count":0,"prompt_eval_duration":0,"eval_count":3,"eval_duration":0,"thinking_chars":0,"thinking_detected":false,"outcome":"ok"}
{"event":"deep_research_model_call","step":"notes","think":false,"attempt":1,"wall_ms":0,"load_duration":0,"prompt_eval_count":0,"prompt_eval_duration":0,"eval_count":3,"eval_duration":0,"thinking_chars":0,"thinking_detected":false,"outcome":"ok"}
{"event":"deep_research_model_call","step":"gap","think":false,"attempt":1,"wall_ms":0,"load_duration":0,"prompt_eval_count":0,"prompt_eval_duration":0,"eval_count":3,"eval_duration":0,"thinking_chars":0,"thinking_detected":false,"outcome":"ok"}
{"event":"deep_research_model_call","step":"pages","think":false,"attempt":1,"wall_ms":0,"load_duration":0,"prompt_eval_count":0,"prompt_eval_duration":0,"eval_count":3,"eval_duration":0,"thinking_chars":0,"thinking_detected":false,"outcome":"ok"}
{"event":"deep_research_model_call","step":"notes","think":false,"attempt":1,"wall_ms":0,"load_duration":0,"prompt_eval_count":0,"prompt_eval_duration":0,"eval_count":3,"eval_duration":0,"thinking_chars":0,"thinking_detected":false,"outcome":"ok"}
{"event":"deep_research_model_call","step":"write","think":true,"attempt":1,"wall_ms":0,"load_duration":0,"prompt_eval_count":0,"prompt_eval_duration":0,"eval_count":3,"eval_duration":0,"thinking_chars":0,"thinking_detected":false,"outcome":"ok"}
{"event":"deep_research_model_call","step":"brief","think":false,"attempt":1,"wall_ms":0,"load_duration":0,"prompt_eval_count":0,"prompt_eval_duration":0,"eval_count":3,"eval_duration":0,"thinking_chars":0,"thinking_detected":false,"outcome":"ok"}
{"event":"deep_research_model_call","step":"plan","think":true,"attempt":1,"wall_ms":0,"load_duration":0,"prompt_eval_count":0,"prompt_eval_duration":0,"eval_count":3,"eval_duration":0,"thinking_chars":0,"thinking_detected":false,"outcome":"ok"}
{"event":"deep_research_model_call","step":"queries","think":false,"attempt":1,"wall_ms":0,"load_duration":0,"prompt_eval_count":0,"prompt_eval_duration":0,"eval_count":3,"eval_duration":0,"thinking_chars":0,"thinking_detected":false,"outcome":"ok"}
{"event":"deep_research_model_call","step":"pages","think":false,"attempt":1,"wall_ms":0,"load_duration":0,"prompt_eval_count":0,"prompt_eval_duration":0,"eval_count":3,"eval_duration":0,"thinking_chars":0,"thinking_detected":false,"outcome":"ok"}
{"event":"deep_research_model_call","step":"notes","think":false,"attempt":1,"wall_ms":0,"load_duration":0,"prompt_eval_count":0,"prompt_eval_duration":0,"eval_count":3,"eval_duration":0,"thinking_chars":0,"thinking_detected":false,"outcome":"ok"}
{"event":"deep_research_model_call","step":"queries","think":false,"attempt":1,"wall_ms":0,"load_duration":0,"prompt_eval_count":0,"prompt_eval_duration":0,"eval_count":3,"eval_duration":0,"thinking_chars":0,"thinking_detected":false,"outcome":"ok"}
{"event":"deep_research_model_call","step":"pages","think":false,"attempt":1,"wall_ms":0,"load_duration":0,"prompt_eval_count":0,"prompt_eval_duration":0,"eval_count":3,"eval_duration":0,"thinking_chars":0,"thinking_detected":false,"outcome":"ok"}
{"event":"deep_research_model_call","step":"notes","think":false,"attempt":1,"wall_ms":0,"load_duration":0,"prompt_eval_count":0,"prompt_eval_duration":0,"eval_count":3,"eval_duration":0,"thinking_chars":0,"thinking_detected":false,"outcome":"ok"}
{"event":"deep_research_model_call","step":"queries","think":false,"attempt":1,"wall_ms":0,"load_duration":0,"prompt_eval_count":0,"prompt_eval_duration":0,"eval_count":3,"eval_duration":0,"thinking_chars":0,"thinking_detected":false,"outcome":"ok"}
{"event":"deep_research_model_call","step":"pages","think":false,"attempt":1,"wall_ms":0,"load_duration":0,"prompt_eval_count":0,"prompt_eval_duration":0,"eval_count":3,"eval_duration":0,"thinking_chars":0,"thinking_detected":false,"outcome":"ok"}
{"event":"deep_research_model_call","step":"notes","think":false,"attempt":1,"wall_ms":0,"load_duration":0,"prompt_eval_count":0,"prompt_eval_duration":0,"eval_count":3,"eval_duration":0,"thinking_chars":0,"thinking_detected":false,"outcome":"ok"}
{"event":"deep_research_model_call","step":"notes","think":false,"attempt":1,"wall_ms":0,"load_duration":0,"prompt_eval_count":0,"prompt_eval_duration":0,"eval_count":3,"eval_duration":0,"thinking_chars":0,"thinking_detected":false,"outcome":"ok"}
{"event":"deep_research_model_call","step":"notes","think":false,"attempt":1,"wall_ms":0,"load_duration":0,"prompt_eval_count":0,"prompt_eval_duration":0,"eval_count":3,"eval_duration":0,"thinking_chars":0,"thinking_detected":false,"outcome":"ok"}
{"event":"deep_research_model_call","step":"notes","think":false,"attempt":1,"wall_ms":1,"load_duration":0,"prompt_eval_count":0,"prompt_eval_duration":0,"eval_count":3,"eval_duration":0,"thinking_chars":0,"thinking_detected":false,"outcome":"ok"}
{"event":"deep_research_model_call","step":"write","think":true,"attempt":1,"wall_ms":0,"load_duration":0,"prompt_eval_count":0,"prompt_eval_duration":0,"eval_count":3,"eval_duration":0,"thinking_chars":0,"thinking_detected":false,"outcome":"ok"}
{"event":"deep_research_model_call","step":"brief","think":false,"attempt":1,"wall_ms":0,"load_duration":0,"prompt_eval_count":0,"prompt_eval_duration":0,"eval_count":3,"eval_duration":0,"thinking_chars":0,"thinking_detected":false,"outcome":"ok"}
{"event":"deep_research_model_call","step":"plan","think":true,"attempt":1,"wall_ms":0,"load_duration":0,"prompt_eval_count":0,"prompt_eval_duration":0,"eval_count":3,"eval_duration":0,"thinking_chars":0,"thinking_detected":false,"outcome":"ok"}
{"event":"deep_research_model_call","step":"queries","think":false,"attempt":1,"wall_ms":0,"load_duration":0,"prompt_eval_count":0,"prompt_eval_duration":0,"eval_count":3,"eval_duration":0,"thinking_chars":0,"thinking_detected":false,"outcome":"ok"}
{"event":"deep_research_model_call","step":"pages","think":false,"attempt":1,"wall_ms":0,"load_duration":0,"prompt_eval_count":0,"prompt_eval_duration":0,"eval_count":3,"eval_duration":0,"thinking_chars":0,"thinking_detected":false,"outcome":"ok"}
{"event":"deep_research_model_call","step":"notes","think":false,"attempt":1,"wall_ms":0,"load_duration":0,"prompt_eval_count":0,"prompt_eval_duration":0,"eval_count":3,"eval_duration":0,"thinking_chars":0,"thinking_detected":false,"outcome":"ok"}
{"event":"deep_research_model_call","step":"queries","think":false,"attempt":1,"wall_ms":0,"load_duration":0,"prompt_eval_count":0,"prompt_eval_duration":0,"eval_count":3,"eval_duration":0,"thinking_chars":0,"thinking_detected":false,"outcome":"ok"}
{"event":"deep_research_model_call","step":"pages","think":false,"attempt":1,"wall_ms":0,"load_duration":0,"prompt_eval_count":0,"prompt_eval_duration":0,"eval_count":3,"eval_duration":0,"thinking_chars":0,"thinking_detected":false,"outcome":"ok"}
{"event":"deep_research_model_call","step":"notes","think":false,"attempt":1,"wall_ms":0,"load_duration":0,"prompt_eval_count":0,"prompt_eval_duration":0,"eval_count":3,"eval_duration":0,"thinking_chars":0,"thinking_detected":false,"outcome":"ok"}
{"event":"deep_research_model_call","step":"queries","think":false,"attempt":1,"wall_ms":0,"load_duration":0,"prompt_eval_count":0,"prompt_eval_duration":0,"eval_count":3,"eval_duration":0,"thinking_chars":0,"thinking_detected":false,"outcome":"ok"}
{"event":"deep_research_model_call","step":"pages","think":false,"attempt":1,"wall_ms":0,"load_duration":0,"prompt_eval_count":0,"prompt_eval_duration":0,"eval_count":3,"eval_duration":0,"thinking_chars":0,"thinking_detected":false,"outcome":"ok"}
{"event":"deep_research_model_call","step":"notes","think":false,"attempt":1,"wall_ms":0,"load_duration":0,"prompt_eval_count":0,"prompt_eval_duration":0,"eval_count":3,"eval_duration":0,"thinking_chars":0,"thinking_detected":false,"outcome":"ok"}
{"event":"deep_research_model_call","step":"notes","think":false,"attempt":1,"wall_ms":0,"load_duration":0,"prompt_eval_count":0,"prompt_eval_duration":0,"eval_count":3,"eval_duration":0,"thinking_chars":0,"thinking_detected":false,"outcome":"ok"}
{"event":"deep_research_model_call","step":"notes","think":false,"attempt":1,"wall_ms":0,"load_duration":0,"prompt_eval_count":0,"prompt_eval_duration":0,"eval_count":3,"eval_duration":0,"thinking_chars":0,"thinking_detected":false,"outcome":"ok"}
{"event":"deep_research_model_call","step":"notes","think":false,"attempt":1,"wall_ms":0,"load_duration":0,"prompt_eval_count":0,"prompt_eval_duration":0,"eval_count":3,"eval_duration":0,"thinking_chars":0,"thinking_detected":false,"outcome":"ok"}
{"event":"deep_research_model_call","step":"write","think":true,"attempt":1,"wall_ms":0,"load_duration":0,"prompt_eval_count":0,"prompt_eval_duration":0,"eval_count":3,"eval_duration":0,"thinking_chars":0,"thinking_detected":false,"outcome":"ok"}
{"event":"deep_research_model_call","step":"brief","think":false,"attempt":1,"wall_ms":0,"load_duration":0,"prompt_eval_count":0,"prompt_eval_duration":0,"eval_count":3,"eval_duration":0,"thinking_chars":0,"thinking_detected":false,"outcome":"ok"}
{"event":"deep_research_model_call","step":"plan","think":true,"attempt":1,"wall_ms":0,"load_duration":0,"prompt_eval_count":0,"prompt_eval_duration":0,"eval_count":3,"eval_duration":0,"thinking_chars":0,"thinking_detected":false,"outcome":"ok"}
{"event":"deep_research_model_call","step":"queries","think":false,"attempt":1,"wall_ms":0,"load_duration":0,"prompt_eval_count":0,"prompt_eval_duration":0,"eval_count":3,"eval_duration":0,"thinking_chars":0,"thinking_detected":false,"outcome":"ok"}
{"event":"deep_research_model_call","step":"pages","think":false,"attempt":1,"wall_ms":0,"load_duration":0,"prompt_eval_count":0,"prompt_eval_duration":0,"eval_count":3,"eval_duration":0,"thinking_chars":0,"thinking_detected":false,"outcome":"ok"}
{"event":"deep_research_model_call","step":"notes","think":false,"attempt":1,"wall_ms":0,"load_duration":0,"prompt_eval_count":0,"prompt_eval_duration":0,"eval_count":3,"eval_duration":0,"thinking_chars":0,"thinking_detected":false,"outcome":"ok"}
{"event":"deep_research_model_call","step":"queries","think":false,"attempt":1,"wall_ms":0,"load_duration":0,"prompt_eval_count":0,"prompt_eval_duration":0,"eval_count":3,"eval_duration":0,"thinking_chars":0,"thinking_detected":false,"outcome":"ok"}
{"event":"deep_research_model_call","step":"pages","think":false,"attempt":1,"wall_ms":0,"load_duration":0,"prompt_eval_count":0,"prompt_eval_duration":0,"eval_count":3,"eval_duration":0,"thinking_chars":0,"thinking_detected":false,"outcome":"ok"}
{"event":"deep_research_model_call","step":"notes","think":false,"attempt":1,"wall_ms":0,"load_duration":0,"prompt_eval_count":0,"prompt_eval_duration":0,"eval_count":3,"eval_duration":0,"thinking_chars":0,"thinking_detected":false,"outcome":"ok"}
{"event":"deep_research_model_call","step":"gap","think":false,"attempt":1,"wall_ms":0,"load_duration":0,"prompt_eval_count":0,"prompt_eval_duration":0,"eval_count":3,"eval_duration":0,"thinking_chars":0,"thinking_detected":false,"outcome":"ok"}
{"event":"deep_research_model_call","step":"gap","think":false,"attempt":1,"wall_ms":0,"load_duration":0,"prompt_eval_count":0,"prompt_eval_duration":0,"eval_count":3,"eval_duration":0,"thinking_chars":0,"thinking_detected":false,"outcome":"ok"}
{"event":"deep_research_model_call","step":"pages","think":false,"attempt":1,"wall_ms":0,"load_duration":0,"prompt_eval_count":0,"prompt_eval_duration":0,"eval_count":3,"eval_duration":0,"thinking_chars":0,"thinking_detected":false,"outcome":"ok"}
{"event":"deep_research_model_call","step":"notes","think":false,"attempt":1,"wall_ms":0,"load_duration":0,"prompt_eval_count":0,"prompt_eval_duration":0,"eval_count":3,"eval_duration":0,"thinking_chars":0,"thinking_detected":false,"outcome":"ok"}
{"event":"deep_research_model_call","step":"gap","think":false,"attempt":1,"wall_ms":0,"load_duration":0,"prompt_eval_count":0,"prompt_eval_duration":0,"eval_count":3,"eval_duration":0,"thinking_chars":0,"thinking_detected":false,"outcome":"ok"}
{"event":"deep_research_model_call","step":"pages","think":false,"attempt":1,"wall_ms":0,"load_duration":0,"prompt_eval_count":0,"prompt_eval_duration":0,"eval_count":3,"eval_duration":0,"thinking_chars":0,"thinking_detected":false,"outcome":"ok"}
{"event":"deep_research_model_call","step":"notes","think":false,"attempt":1,"wall_ms":0,"load_duration":0,"prompt_eval_count":0,"prompt_eval_duration":0,"eval_count":3,"eval_duration":0,"thinking_chars":0,"thinking_detected":false,"outcome":"ok"}
{"event":"deep_research_model_call","step":"gap","think":false,"attempt":1,"wall_ms":0,"load_duration":0,"prompt_eval_count":0,"prompt_eval_duration":0,"eval_count":3,"eval_duration":0,"thinking_chars":0,"thinking_detected":false,"outcome":"ok"}
{"event":"deep_research_model_call","step":"pages","think":false,"attempt":1,"wall_ms":0,"load_duration":0,"prompt_eval_count":0,"prompt_eval_duration":0,"eval_count":3,"eval_duration":0,"thinking_chars":0,"thinking_detected":false,"outcome":"ok"}
{"event":"deep_research_model_call","step":"notes","think":false,"attempt":1,"wall_ms":0,"load_duration":0,"prompt_eval_count":0,"prompt_eval_duration":0,"eval_count":3,"eval_duration":0,"thinking_chars":0,"thinking_detected":false,"outcome":"ok"}
{"event":"deep_research_model_call","step":"write","think":true,"attempt":1,"wall_ms":0,"load_duration":0,"prompt_eval_count":0,"prompt_eval_duration":0,"eval_count":3,"eval_duration":0,"thinking_chars":0,"thinking_detected":false,"outcome":"ok"}
{"event":"deep_research_model_call","step":"brief","think":false,"attempt":1,"wall_ms":4,"load_duration":0,"prompt_eval_count":0,"prompt_eval_duration":0,"eval_count":3,"eval_duration":0,"thinking_chars":0,"thinking_detected":false,"outcome":"ok"}
{"event":"deep_research_model_call","step":"plan","think":true,"attempt":1,"wall_ms":3,"load_duration":0,"prompt_eval_count":0,"prompt_eval_duration":0,"eval_count":3,"eval_duration":0,"thinking_chars":0,"thinking_detected":false,"outcome":"ok"}
{"event":"deep_research_model_call","step":"queries","think":false,"attempt":1,"wall_ms":4,"load_duration":0,"prompt_eval_count":0,"prompt_eval_duration":0,"eval_count":3,"eval_duration":0,"thinking_chars":0,"thinking_detected":false,"outcome":"ok"}
{"event":"deep_research_model_call","step":"pages","think":false,"attempt":1,"wall_ms":3,"load_duration":0,"prompt_eval_count":0,"prompt_eval_duration":0,"eval_count":3,"eval_duration":0,"thinking_chars":0,"thinking_detected":false,"outcome":"ok"}
{"event":"deep_research_model_call","step":"notes","think":false,"attempt":1,"wall_ms":3,"load_duration":0,"prompt_eval_count":0,"prompt_eval_duration":0,"eval_count":3,"eval_duration":0,"thinking_chars":0,"thinking_detected":false,"outcome":"ok"}
{"event":"deep_research_model_call","step":"queries","think":false,"attempt":1,"wall_ms":3,"load_duration":0,"prompt_eval_count":0,"prompt_eval_duration":0,"eval_count":3,"eval_duration":0,"thinking_chars":0,"thinking_detected":false,"outcome":"ok"}
{"event":"deep_research_model_call","step":"pages","think":false,"attempt":1,"wall_ms":4,"load_duration":0,"prompt_eval_count":0,"prompt_eval_duration":0,"eval_count":3,"eval_duration":0,"thinking_chars":0,"thinking_detected":false,"outcome":"ok"}
{"event":"deep_research_model_call","step":"notes","think":false,"attempt":1,"wall_ms":3,"load_duration":0,"prompt_eval_count":0,"prompt_eval_duration":0,"eval_count":3,"eval_duration":0,"thinking_chars":0,"thinking_detected":false,"outcome":"ok"}
{"event":"deep_research_model_call","step":"queries","think":false,"attempt":1,"wall_ms":4,"load_duration":0,"prompt_eval_count":0,"prompt_eval_duration":0,"eval_count":3,"eval_duration":0,"thinking_chars":0,"thinking_detected":false,"outcome":"ok"}
{"event":"deep_research_model_call","step":"pages","think":false,"attempt":1,"wall_ms":3,"load_duration":0,"prompt_eval_count":0,"prompt_eval_duration":0,"eval_count":3,"eval_duration":0,"thinking_chars":0,"thinking_detected":false,"outcome":"ok"}
{"event":"deep_research_model_call","step":"notes","think":false,"attempt":1,"wall_ms":4,"load_duration":0,"prompt_eval_count":0,"prompt_eval_duration":0,"eval_count":3,"eval_duration":0,"thinking_chars":0,"thinking_detected":false,"outcome":"ok"}
{"event":"deep_research_model_call","step":"notes","think":false,"attempt":1,"wall_ms":3,"load_duration":0,"prompt_eval_count":0,"prompt_eval_duration":0,"eval_count":3,"eval_duration":0,"thinking_chars":0,"thinking_detected":false,"outcome":"ok"}
{"event":"deep_research_model_call","step":"notes","think":false,"attempt":1,"wall_ms":3,"load_duration":0,"prompt_eval_count":0,"prompt_eval_duration":0,"eval_count":3,"eval_duration":0,"thinking_chars":0,"thinking_detected":false,"outcome":"ok"}
{"event":"deep_research_model_call","step":"notes","think":false,"attempt":1,"wall_ms":3,"load_duration":0,"prompt_eval_count":0,"prompt_eval_duration":0,"eval_count":3,"eval_duration":0,"thinking_chars":0,"thinking_detected":false,"outcome":"ok"}
{"event":"deep_research_model_call","step":"write","think":true,"attempt":1,"wall_ms":3,"load_duration":0,"prompt_eval_count":0,"prompt_eval_duration":0,"eval_count":3,"eval_duration":0,"thinking_chars":0,"thinking_detected":false,"outcome":"ok"}
{"event":"deep_research_model_call","step":"brief","think":false,"attempt":1,"wall_ms":0,"load_duration":0,"prompt_eval_count":0,"prompt_eval_duration":0,"eval_count":3,"eval_duration":0,"thinking_chars":0,"thinking_detected":false,"outcome":"ok"}
{"event":"deep_research_model_call","step":"plan","think":true,"attempt":1,"wall_ms":0,"load_duration":0,"prompt_eval_count":0,"prompt_eval_duration":0,"eval_count":3,"eval_duration":0,"thinking_chars":0,"thinking_detected":false,"outcome":"ok"}
{"event":"deep_research_model_call","step":"queries","think":false,"attempt":1,"wall_ms":0,"load_duration":0,"prompt_eval_count":0,"prompt_eval_duration":0,"eval_count":3,"eval_duration":0,"thinking_chars":0,"thinking_detected":false,"outcome":"ok"}
{"event":"deep_research_model_call","step":"pages","think":false,"attempt":1,"wall_ms":0,"load_duration":0,"prompt_eval_count":0,"prompt_eval_duration":0,"eval_count":3,"eval_duration":0,"thinking_chars":0,"thinking_detected":false,"outcome":"ok"}
{"event":"deep_research_model_call","step":"notes","think":false,"attempt":1,"wall_ms":0,"load_duration":0,"prompt_eval_count":0,"prompt_eval_duration":0,"eval_count":3,"eval_duration":0,"thinking_chars":0,"thinking_detected":false,"outcome":"ok"}
{"event":"deep_research_model_call","step":"queries","think":false,"attempt":1,"wall_ms":0,"load_duration":0,"prompt_eval_count":0,"prompt_eval_duration":0,"eval_count":3,"eval_duration":0,"thinking_chars":0,"thinking_detected":false,"outcome":"ok"}
{"event":"deep_research_model_call","step":"pages","think":false,"attempt":1,"wall_ms":0,"load_duration":0,"prompt_eval_count":0,"prompt_eval_duration":0,"eval_count":3,"eval_duration":0,"thinking_chars":0,"thinking_detected":false,"outcome":"ok"}
{"event":"deep_research_model_call","step":"write","think":true,"attempt":1,"wall_ms":1,"load_duration":0,"prompt_eval_count":0,"prompt_eval_duration":0,"eval_count":3,"eval_duration":0,"thinking_chars":0,"thinking_detected":false,"outcome":"ok"}
{"event":"deep_research_model_call","step":"brief","think":false,"attempt":1,"wall_ms":0,"load_duration":0,"prompt_eval_count":0,"prompt_eval_duration":0,"eval_count":3,"eval_duration":0,"thinking_chars":0,"thinking_detected":false,"outcome":"ok"}
{"event":"deep_research_model_call","step":"plan","think":true,"attempt":1,"wall_ms":0,"load_duration":0,"prompt_eval_count":0,"prompt_eval_duration":0,"eval_count":3,"eval_duration":0,"thinking_chars":0,"thinking_detected":false,"outcome":"ok"}
{"event":"deep_research_model_call","step":"queries","think":false,"attempt":1,"wall_ms":0,"load_duration":0,"prompt_eval_count":0,"prompt_eval_duration":0,"eval_count":3,"eval_duration":0,"thinking_chars":0,"thinking_detected":false,"outcome":"ok"}
{"event":"deep_research_model_call","step":"pages","think":false,"attempt":1,"wall_ms":0,"load_duration":0,"prompt_eval_count":0,"prompt_eval_duration":0,"eval_count":3,"eval_duration":0,"thinking_chars":0,"thinking_detected":false,"outcome":"ok"}
{"event":"deep_research_model_call","step":"notes","think":false,"attempt":1,"wall_ms":0,"load_duration":0,"prompt_eval_count":0,"prompt_eval_duration":0,"eval_count":3,"eval_duration":0,"thinking_chars":0,"thinking_detected":false,"outcome":"ok"}
{"event":"deep_research_model_call","step":"queries","think":false,"attempt":1,"wall_ms":0,"load_duration":0,"prompt_eval_count":0,"prompt_eval_duration":0,"eval_count":3,"eval_duration":0,"thinking_chars":0,"thinking_detected":false,"outcome":"ok"}
{"event":"deep_research_model_call","step":"pages","think":false,"attempt":1,"wall_ms":0,"load_duration":0,"prompt_eval_count":0,"prompt_eval_duration":0,"eval_count":3,"eval_duration":0,"thinking_chars":0,"thinking_detected":false,"outcome":"ok"}
{"event":"deep_research_model_call","step":"write","think":true,"attempt":1,"wall_ms":0,"load_duration":0,"prompt_eval_count":0,"prompt_eval_duration":0,"eval_count":3,"eval_duration":0,"thinking_chars":0,"thinking_detected":false,"outcome":"ok"}

src/http/deepResearchResume.test.ts:
{"event":"deep_research_model_call","step":"brief","think":false,"attempt":1,"wall_ms":0,"load_duration":0,"prompt_eval_count":0,"prompt_eval_duration":0,"eval_count":3,"eval_duration":0,"thinking_chars":0,"thinking_detected":false,"outcome":"ok"}
{"event":"deep_research_model_call","step":"plan","think":true,"attempt":1,"wall_ms":1,"load_duration":0,"prompt_eval_count":0,"prompt_eval_duration":0,"eval_count":3,"eval_duration":0,"thinking_chars":0,"thinking_detected":false,"outcome":"ok"}
{"event":"deep_research_model_call","step":"queries","think":false,"attempt":1,"wall_ms":0,"load_duration":0,"prompt_eval_count":0,"prompt_eval_duration":0,"eval_count":3,"eval_duration":0,"thinking_chars":0,"thinking_detected":false,"outcome":"ok"}
{"event":"deep_research_model_call","step":"pages","think":false,"attempt":1,"wall_ms":0,"load_duration":0,"prompt_eval_count":0,"prompt_eval_duration":0,"eval_count":3,"eval_duration":0,"thinking_chars":0,"thinking_detected":false,"outcome":"ok"}
{"event":"deep_research_model_call","step":"notes","think":false,"attempt":1,"wall_ms":1,"load_duration":0,"prompt_eval_count":0,"prompt_eval_duration":0,"eval_count":3,"eval_duration":0,"thinking_chars":0,"thinking_detected":false,"outcome":"ok"}
{"event":"deep_research_model_call","step":"queries","think":false,"attempt":1,"wall_ms":0,"load_duration":0,"prompt_eval_count":0,"prompt_eval_duration":0,"eval_count":3,"eval_duration":0,"thinking_chars":0,"thinking_detected":false,"outcome":"ok"}
{"event":"deep_research_model_call","step":"queries","think":false,"attempt":1,"wall_ms":0,"load_duration":0,"prompt_eval_count":0,"prompt_eval_duration":0,"eval_count":3,"eval_duration":0,"thinking_chars":0,"thinking_detected":false,"outcome":"ok"}
{"event":"deep_research_model_call","step":"queries","think":false,"attempt":1,"wall_ms":0,"load_duration":0,"prompt_eval_count":0,"prompt_eval_duration":0,"eval_count":3,"eval_duration":0,"thinking_chars":0,"thinking_detected":false,"outcome":"ok"}
{"event":"deep_research_model_call","step":"pages","think":false,"attempt":1,"wall_ms":0,"load_duration":0,"prompt_eval_count":0,"prompt_eval_duration":0,"eval_count":3,"eval_duration":0,"thinking_chars":0,"thinking_detected":false,"outcome":"ok"}
{"event":"deep_research_model_call","step":"notes","think":false,"attempt":1,"wall_ms":0,"load_duration":0,"prompt_eval_count":0,"prompt_eval_duration":0,"eval_count":3,"eval_duration":0,"thinking_chars":0,"thinking_detected":false,"outcome":"ok"}
{"event":"deep_research_model_call","step":"notes","think":false,"attempt":1,"wall_ms":0,"load_duration":0,"prompt_eval_count":0,"prompt_eval_duration":0,"eval_count":3,"eval_duration":0,"thinking_chars":0,"thinking_detected":false,"outcome":"ok"}
{"event":"deep_research_model_call","step":"notes","think":false,"attempt":1,"wall_ms":0,"load_duration":0,"prompt_eval_count":0,"prompt_eval_duration":0,"eval_count":3,"eval_duration":0,"thinking_chars":0,"thinking_detected":false,"outcome":"ok"}
{"event":"deep_research_model_call","step":"write","think":true,"attempt":1,"wall_ms":0,"load_duration":0,"prompt_eval_count":0,"prompt_eval_duration":0,"eval_count":3,"eval_duration":0,"thinking_chars":0,"thinking_detected":false,"outcome":"ok"}
{"event":"deep_research_model_call","step":"brief","think":false,"attempt":1,"wall_ms":0,"load_duration":0,"prompt_eval_count":0,"prompt_eval_duration":0,"eval_count":3,"eval_duration":0,"thinking_chars":0,"thinking_detected":false,"outcome":"ok"}
{"event":"deep_research_model_call","step":"plan","think":true,"attempt":1,"wall_ms":0,"load_duration":0,"prompt_eval_count":0,"prompt_eval_duration":0,"eval_count":3,"eval_duration":0,"thinking_chars":0,"thinking_detected":false,"outcome":"ok"}
{"event":"deep_research_model_call","step":"queries","think":false,"attempt":1,"wall_ms":0,"load_duration":0,"prompt_eval_count":0,"prompt_eval_duration":0,"eval_count":3,"eval_duration":0,"thinking_chars":0,"thinking_detected":false,"outcome":"ok"}
{"event":"deep_research_model_call","step":"pages","think":false,"attempt":1,"wall_ms":0,"load_duration":0,"prompt_eval_count":0,"prompt_eval_duration":0,"eval_count":3,"eval_duration":0,"thinking_chars":0,"thinking_detected":false,"outcome":"ok"}
{"event":"deep_research_model_call","step":"notes","think":false,"attempt":1,"wall_ms":0,"load_duration":0,"prompt_eval_count":0,"prompt_eval_duration":0,"eval_count":3,"eval_duration":0,"thinking_chars":0,"thinking_detected":false,"outcome":"ok"}
{"event":"deep_research_model_call","step":"queries","think":false,"attempt":1,"wall_ms":0,"load_duration":0,"prompt_eval_count":0,"prompt_eval_duration":0,"eval_count":3,"eval_duration":0,"thinking_chars":0,"thinking_detected":false,"outcome":"ok"}
{"event":"deep_research_model_call","step":"queries","think":false,"attempt":1,"wall_ms":0,"load_duration":0,"prompt_eval_count":0,"prompt_eval_duration":0,"eval_count":3,"eval_duration":0,"thinking_chars":0,"thinking_detected":false,"outcome":"ok"}
{"event":"deep_research_model_call","step":"queries","think":false,"attempt":1,"wall_ms":0,"load_duration":0,"prompt_eval_count":0,"prompt_eval_duration":0,"eval_count":3,"eval_duration":0,"thinking_chars":0,"thinking_detected":false,"outcome":"ok"}
{"event":"deep_research_model_call","step":"pages","think":false,"attempt":1,"wall_ms":1,"load_duration":0,"prompt_eval_count":0,"prompt_eval_duration":0,"eval_count":3,"eval_duration":0,"thinking_chars":0,"thinking_detected":false,"outcome":"ok"}
{"event":"deep_research_model_call","step":"notes","think":false,"attempt":1,"wall_ms":0,"load_duration":0,"prompt_eval_count":0,"prompt_eval_duration":0,"eval_count":3,"eval_duration":0,"thinking_chars":0,"thinking_detected":false,"outcome":"ok"}
{"event":"deep_research_model_call","step":"notes","think":false,"attempt":1,"wall_ms":0,"load_duration":0,"prompt_eval_count":0,"prompt_eval_duration":0,"eval_count":3,"eval_duration":0,"thinking_chars":0,"thinking_detected":false,"outcome":"ok"}
{"event":"deep_research_model_call","step":"notes","think":false,"attempt":1,"wall_ms":1,"load_duration":0,"prompt_eval_count":0,"prompt_eval_duration":0,"eval_count":3,"eval_duration":0,"thinking_chars":0,"thinking_detected":false,"outcome":"ok"}
{"event":"deep_research_model_call","step":"write","think":true,"attempt":1,"wall_ms":0,"load_duration":0,"prompt_eval_count":0,"prompt_eval_duration":0,"eval_count":3,"eval_duration":0,"thinking_chars":0,"thinking_detected":false,"outcome":"ok"}
{"event":"deep_research_model_call","step":"brief","think":false,"attempt":1,"wall_ms":0,"load_duration":0,"prompt_eval_count":0,"prompt_eval_duration":0,"eval_count":3,"eval_duration":0,"thinking_chars":0,"thinking_detected":false,"outcome":"ok"}
{"event":"deep_research_model_call","step":"plan","think":true,"attempt":1,"wall_ms":0,"load_duration":0,"prompt_eval_count":0,"prompt_eval_duration":0,"eval_count":3,"eval_duration":0,"thinking_chars":0,"thinking_detected":false,"outcome":"ok"}
{"event":"deep_research_model_call","step":"queries","think":false,"attempt":1,"wall_ms":0,"load_duration":0,"prompt_eval_count":0,"prompt_eval_duration":0,"eval_count":3,"eval_duration":0,"thinking_chars":0,"thinking_detected":false,"outcome":"ok"}
{"event":"deep_research_model_call","step":"pages","think":false,"attempt":1,"wall_ms":0,"load_duration":0,"prompt_eval_count":0,"prompt_eval_duration":0,"eval_count":3,"eval_duration":0,"thinking_chars":0,"thinking_detected":false,"outcome":"ok"}

src/http/deepResearch.test.ts:
{"event":"deep_research_model_call","step":"brief","think":false,"attempt":1,"wall_ms":1,"load_duration":0,"prompt_eval_count":0,"prompt_eval_duration":0,"eval_count":3,"eval_duration":0,"thinking_chars":0,"thinking_detected":false,"outcome":"ok"}
{"event":"deep_research_model_call","step":"plan","think":true,"attempt":1,"wall_ms":0,"load_duration":0,"prompt_eval_count":0,"prompt_eval_duration":0,"eval_count":3,"eval_duration":0,"thinking_chars":0,"thinking_detected":false,"outcome":"ok"}
{"event":"deep_research_model_call","step":"queries","think":false,"attempt":1,"wall_ms":0,"load_duration":0,"prompt_eval_count":0,"prompt_eval_duration":0,"eval_count":3,"eval_duration":0,"thinking_chars":0,"thinking_detected":false,"outcome":"ok"}
{"event":"deep_research_model_call","step":"pages","think":false,"attempt":1,"wall_ms":0,"load_duration":0,"prompt_eval_count":0,"prompt_eval_duration":0,"eval_count":3,"eval_duration":0,"thinking_chars":0,"thinking_detected":false,"outcome":"ok"}
{"event":"deep_research_model_call","step":"notes","think":false,"attempt":1,"wall_ms":0,"load_duration":0,"prompt_eval_count":0,"prompt_eval_duration":0,"eval_count":3,"eval_duration":0,"thinking_chars":0,"thinking_detected":false,"outcome":"ok"}
{"event":"deep_research_model_call","step":"queries","think":false,"attempt":1,"wall_ms":0,"load_duration":0,"prompt_eval_count":0,"prompt_eval_duration":0,"eval_count":3,"eval_duration":0,"thinking_chars":0,"thinking_detected":false,"outcome":"ok"}
{"event":"deep_research_model_call","step":"queries","think":false,"attempt":1,"wall_ms":0,"load_duration":0,"prompt_eval_count":0,"prompt_eval_duration":0,"eval_count":3,"eval_duration":0,"thinking_chars":0,"thinking_detected":false,"outcome":"ok"}
{"event":"deep_research_model_call","step":"queries","think":false,"attempt":1,"wall_ms":0,"load_duration":0,"prompt_eval_count":0,"prompt_eval_duration":0,"eval_count":3,"eval_duration":0,"thinking_chars":0,"thinking_detected":false,"outcome":"ok"}
{"event":"deep_research_model_call","step":"pages","think":false,"attempt":1,"wall_ms":0,"load_duration":0,"prompt_eval_count":0,"prompt_eval_duration":0,"eval_count":3,"eval_duration":0,"thinking_chars":0,"thinking_detected":false,"outcome":"ok"}
{"event":"deep_research_model_call","step":"notes","think":false,"attempt":1,"wall_ms":0,"load_duration":0,"prompt_eval_count":0,"prompt_eval_duration":0,"eval_count":3,"eval_duration":0,"thinking_chars":0,"thinking_detected":false,"outcome":"ok"}
{"event":"deep_research_model_call","step":"notes","think":false,"attempt":1,"wall_ms":0,"load_duration":0,"prompt_eval_count":0,"prompt_eval_duration":0,"eval_count":3,"eval_duration":0,"thinking_chars":0,"thinking_detected":false,"outcome":"ok"}
{"event":"deep_research_model_call","step":"notes","think":false,"attempt":1,"wall_ms":0,"load_duration":0,"prompt_eval_count":0,"prompt_eval_duration":0,"eval_count":3,"eval_duration":0,"thinking_chars":0,"thinking_detected":false,"outcome":"ok"}
{"event":"deep_research_model_call","step":"write","think":true,"attempt":1,"wall_ms":0,"load_duration":0,"prompt_eval_count":0,"prompt_eval_duration":0,"eval_count":3,"eval_duration":0,"thinking_chars":0,"thinking_detected":false,"outcome":"ok"}
{"event":"deep_research_model_call","step":"brief","think":false,"attempt":1,"wall_ms":1,"load_duration":0,"prompt_eval_count":0,"prompt_eval_duration":0,"eval_count":3,"eval_duration":0,"thinking_chars":0,"thinking_detected":false,"outcome":"ok"}
{"event":"deep_research_model_call","step":"plan","think":true,"attempt":1,"wall_ms":0,"load_duration":0,"prompt_eval_count":0,"prompt_eval_duration":0,"eval_count":3,"eval_duration":0,"thinking_chars":0,"thinking_detected":false,"outcome":"ok"}
{"event":"deep_research_model_call","step":"queries","think":false,"attempt":1,"wall_ms":0,"load_duration":0,"prompt_eval_count":0,"prompt_eval_duration":0,"eval_count":3,"eval_duration":0,"thinking_chars":0,"thinking_detected":false,"outcome":"ok"}
{"event":"deep_research_model_call","step":"pages","think":false,"attempt":1,"wall_ms":0,"load_duration":0,"prompt_eval_count":0,"prompt_eval_duration":0,"eval_count":3,"eval_duration":0,"thinking_chars":0,"thinking_detected":false,"outcome":"ok"}
{"event":"deep_research_model_call","step":"notes","think":false,"attempt":1,"wall_ms":0,"load_duration":0,"prompt_eval_count":0,"prompt_eval_duration":0,"eval_count":3,"eval_duration":0,"thinking_chars":0,"thinking_detected":false,"outcome":"ok"}
{"event":"deep_research_model_call","step":"queries","think":false,"attempt":1,"wall_ms":1,"load_duration":0,"prompt_eval_count":0,"prompt_eval_duration":0,"eval_count":3,"eval_duration":0,"thinking_chars":0,"thinking_detected":false,"outcome":"ok"}
{"event":"deep_research_model_call","step":"queries","think":false,"attempt":1,"wall_ms":1,"load_duration":0,"prompt_eval_count":0,"prompt_eval_duration":0,"eval_count":3,"eval_duration":0,"thinking_chars":0,"thinking_detected":false,"outcome":"ok"}
{"event":"deep_research_model_call","step":"queries","think":false,"attempt":1,"wall_ms":0,"load_duration":0,"prompt_eval_count":0,"prompt_eval_duration":0,"eval_count":3,"eval_duration":0,"thinking_chars":0,"thinking_detected":false,"outcome":"ok"}
{"event":"deep_research_model_call","step":"write","think":true,"attempt":1,"wall_ms":0,"load_duration":0,"prompt_eval_count":0,"prompt_eval_duration":0,"eval_count":3,"eval_duration":0,"thinking_chars":0,"thinking_detected":false,"outcome":"ok"}
{"event":"deep_research_model_call","step":"brief","think":false,"attempt":1,"wall_ms":0,"load_duration":0,"prompt_eval_count":0,"prompt_eval_duration":0,"eval_count":3,"eval_duration":0,"thinking_chars":0,"thinking_detected":false,"outcome":"ok"}
{"event":"deep_research_model_call","step":"plan","think":true,"attempt":1,"wall_ms":0,"load_duration":0,"prompt_eval_count":0,"prompt_eval_duration":0,"eval_count":3,"eval_duration":0,"thinking_chars":0,"thinking_detected":false,"outcome":"ok"}
{"event":"deep_research_model_call","step":"queries","think":false,"attempt":1,"wall_ms":0,"load_duration":0,"prompt_eval_count":0,"prompt_eval_duration":0,"eval_count":3,"eval_duration":0,"thinking_chars":0,"thinking_detected":false,"outcome":"ok"}
{"event":"deep_research_model_call","step":"queries","think":false,"attempt":1,"wall_ms":0,"load_duration":0,"prompt_eval_count":0,"prompt_eval_duration":0,"eval_count":3,"eval_duration":0,"thinking_chars":0,"thinking_detected":false,"outcome":"ok"}
{"event":"deep_research_model_call","step":"queries","think":false,"attempt":1,"wall_ms":0,"load_duration":0,"prompt_eval_count":0,"prompt_eval_duration":0,"eval_count":3,"eval_duration":0,"thinking_chars":0,"thinking_detected":false,"outcome":"ok"}
{"event":"deep_research_model_call","step":"queries","think":false,"attempt":1,"wall_ms":0,"load_duration":0,"prompt_eval_count":0,"prompt_eval_duration":0,"eval_count":3,"eval_duration":0,"thinking_chars":0,"thinking_detected":false,"outcome":"ok"}
{"event":"deep_research_model_call","step":"gap","think":false,"attempt":1,"wall_ms":0,"load_duration":0,"prompt_eval_count":0,"prompt_eval_duration":0,"eval_count":3,"eval_duration":0,"thinking_chars":0,"thinking_detected":false,"outcome":"ok"}
{"event":"deep_research_model_call","step":"gap","think":false,"attempt":1,"wall_ms":1,"load_duration":0,"prompt_eval_count":0,"prompt_eval_duration":0,"eval_count":3,"eval_duration":0,"thinking_chars":0,"thinking_detected":false,"outcome":"ok"}
{"event":"deep_research_model_call","step":"brief","think":false,"attempt":1,"wall_ms":0,"load_duration":0,"prompt_eval_count":0,"prompt_eval_duration":0,"eval_count":3,"eval_duration":0,"thinking_chars":0,"thinking_detected":false,"outcome":"ok"}
{"event":"deep_research_model_call","step":"plan","think":true,"attempt":1,"wall_ms":0,"load_duration":0,"prompt_eval_count":0,"prompt_eval_duration":0,"eval_count":3,"eval_duration":0,"thinking_chars":0,"thinking_detected":false,"outcome":"ok"}
{"event":"deep_research_model_call","step":"queries","think":false,"attempt":1,"wall_ms":0,"load_duration":0,"prompt_eval_count":0,"prompt_eval_duration":0,"eval_count":3,"eval_duration":0,"thinking_chars":0,"thinking_detected":false,"outcome":"ok"}
{"event":"deep_research_model_call","step":"brief","think":false,"attempt":1,"wall_ms":1,"load_duration":0,"prompt_eval_count":0,"prompt_eval_duration":0,"eval_count":3,"eval_duration":0,"thinking_chars":0,"thinking_detected":false,"outcome":"ok"}
{"event":"deep_research_model_call","step":"plan","think":true,"attempt":1,"wall_ms":0,"load_duration":0,"prompt_eval_count":0,"prompt_eval_duration":0,"eval_count":3,"eval_duration":0,"thinking_chars":0,"thinking_detected":false,"outcome":"ok"}
{"event":"deep_research_model_call","step":"queries","think":false,"attempt":1,"wall_ms":0,"load_duration":0,"prompt_eval_count":0,"prompt_eval_duration":0,"eval_count":3,"eval_duration":0,"thinking_chars":0,"thinking_detected":false,"outcome":"ok"}
{"event":"deep_research_model_call","step":"pages","think":false,"attempt":1,"wall_ms":0,"load_duration":0,"prompt_eval_count":0,"prompt_eval_duration":0,"eval_count":3,"eval_duration":0,"thinking_chars":0,"thinking_detected":false,"outcome":"ok"}
{"event":"deep_research_model_call","step":"notes","think":false,"attempt":1,"wall_ms":0,"load_duration":0,"prompt_eval_count":0,"prompt_eval_duration":0,"eval_count":3,"eval_duration":0,"thinking_chars":0,"thinking_detected":false,"outcome":"ok"}
{"event":"deep_research_model_call","step":"queries","think":false,"attempt":1,"wall_ms":0,"load_duration":0,"prompt_eval_count":0,"prompt_eval_duration":0,"eval_count":3,"eval_duration":0,"thinking_chars":0,"thinking_detected":false,"outcome":"ok"}
{"event":"deep_research_model_call","step":"queries","think":false,"attempt":1,"wall_ms":0,"load_duration":0,"prompt_eval_count":0,"prompt_eval_duration":0,"eval_count":3,"eval_duration":0,"thinking_chars":0,"thinking_detected":false,"outcome":"ok"}
{"event":"deep_research_model_call","step":"queries","think":false,"attempt":1,"wall_ms":0,"load_duration":0,"prompt_eval_count":0,"prompt_eval_duration":0,"eval_count":3,"eval_duration":0,"thinking_chars":0,"thinking_detected":false,"outcome":"ok"}
{"event":"deep_research_model_call","step":"pages","think":false,"attempt":1,"wall_ms":0,"load_duration":0,"prompt_eval_count":0,"prompt_eval_duration":0,"eval_count":3,"eval_duration":0,"thinking_chars":0,"thinking_detected":false,"outcome":"ok"}
{"event":"deep_research_model_call","step":"write","think":true,"attempt":1,"wall_ms":1,"load_duration":0,"prompt_eval_count":0,"prompt_eval_duration":0,"eval_count":3,"eval_duration":0,"thinking_chars":0,"thinking_detected":false,"outcome":"ok"}
{"event":"deep_research_model_call","step":"brief","think":false,"attempt":1,"wall_ms":601,"load_duration":null,"prompt_eval_count":null,"prompt_eval_duration":null,"eval_count":null,"eval_duration":null,"thinking_chars":0,"thinking_detected":false,"outcome":"aborted"}
{"event":"deep_research_model_call","step":"write","think":true,"attempt":1,"wall_ms":1,"load_duration":0,"prompt_eval_count":0,"prompt_eval_duration":0,"eval_count":3,"eval_duration":0,"thinking_chars":0,"thinking_detected":false,"outcome":"ok"}
{"event":"deep_research_model_call","step":"brief","think":false,"attempt":1,"wall_ms":1,"load_duration":0,"prompt_eval_count":0,"prompt_eval_duration":0,"eval_count":3,"eval_duration":0,"thinking_chars":0,"thinking_detected":false,"outcome":"ok"}
{"event":"deep_research_model_call","step":"plan","think":true,"attempt":1,"wall_ms":0,"load_duration":0,"prompt_eval_count":0,"prompt_eval_duration":0,"eval_count":3,"eval_duration":0,"thinking_chars":0,"thinking_detected":false,"outcome":"ok"}
{"event":"deep_research_model_call","step":"queries","think":false,"attempt":1,"wall_ms":0,"load_duration":0,"prompt_eval_count":0,"prompt_eval_duration":0,"eval_count":3,"eval_duration":0,"thinking_chars":0,"thinking_detected":false,"outcome":"ok"}
{"event":"deep_research_model_call","step":"pages","think":false,"attempt":1,"wall_ms":0,"load_duration":0,"prompt_eval_count":0,"prompt_eval_duration":0,"eval_count":3,"eval_duration":0,"thinking_chars":0,"thinking_detected":false,"outcome":"ok"}
{"event":"deep_research_model_call","step":"notes","think":false,"attempt":1,"wall_ms":0,"load_duration":0,"prompt_eval_count":0,"prompt_eval_duration":0,"eval_count":3,"eval_duration":0,"thinking_chars":0,"thinking_detected":false,"outcome":"ok"}
{"event":"deep_research_model_call","step":"queries","think":false,"attempt":1,"wall_ms":0,"load_duration":0,"prompt_eval_count":0,"prompt_eval_duration":0,"eval_count":3,"eval_duration":0,"thinking_chars":0,"thinking_detected":false,"outcome":"ok"}
{"event":"deep_research_model_call","step":"queries","think":false,"attempt":1,"wall_ms":0,"load_duration":0,"prompt_eval_count":0,"prompt_eval_duration":0,"eval_count":3,"eval_duration":0,"thinking_chars":0,"thinking_detected":false,"outcome":"ok"}
{"event":"deep_research_model_call","step":"queries","think":false,"attempt":1,"wall_ms":0,"load_duration":0,"prompt_eval_count":0,"prompt_eval_duration":0,"eval_count":3,"eval_duration":0,"thinking_chars":0,"thinking_detected":false,"outcome":"ok"}
{"event":"deep_research_model_call","step":"pages","think":false,"attempt":1,"wall_ms":0,"load_duration":0,"prompt_eval_count":0,"prompt_eval_duration":0,"eval_count":3,"eval_duration":0,"thinking_chars":0,"thinking_detected":false,"outcome":"ok"}
{"event":"deep_research_model_call","step":"notes","think":false,"attempt":1,"wall_ms":0,"load_duration":0,"prompt_eval_count":0,"prompt_eval_duration":0,"eval_count":3,"eval_duration":0,"thinking_chars":0,"thinking_detected":false,"outcome":"ok"}
{"event":"deep_research_model_call","step":"notes","think":false,"attempt":1,"wall_ms":0,"load_duration":0,"prompt_eval_count":0,"prompt_eval_duration":0,"eval_count":3,"eval_duration":0,"thinking_chars":0,"thinking_detected":false,"outcome":"ok"}
{"event":"deep_research_model_call","step":"notes","think":false,"attempt":1,"wall_ms":0,"load_duration":0,"prompt_eval_count":0,"prompt_eval_duration":0,"eval_count":3,"eval_duration":0,"thinking_chars":0,"thinking_detected":false,"outcome":"ok"}
{"event":"deep_research_model_call","step":"write","think":true,"attempt":1,"wall_ms":799,"load_duration":null,"prompt_eval_count":null,"prompt_eval_duration":null,"eval_count":null,"eval_duration":null,"thinking_chars":0,"thinking_detected":false,"outcome":"aborted"}
{"event":"deep_research_model_call","step":"brief","think":false,"attempt":1,"wall_ms":0,"load_duration":0,"prompt_eval_count":0,"prompt_eval_duration":0,"eval_count":3,"eval_duration":0,"thinking_chars":0,"thinking_detected":false,"outcome":"ok"}
{"event":"deep_research_model_call","step":"plan","think":true,"attempt":1,"wall_ms":0,"load_duration":0,"prompt_eval_count":0,"prompt_eval_duration":0,"eval_count":3,"eval_duration":0,"thinking_chars":0,"thinking_detected":false,"outcome":"ok"}
{"event":"deep_research_model_call","step":"queries","think":false,"attempt":1,"wall_ms":1,"load_duration":0,"prompt_eval_count":0,"prompt_eval_duration":0,"eval_count":3,"eval_duration":0,"thinking_chars":0,"thinking_detected":false,"outcome":"ok"}

src/http/deepResearchPartialNotes.test.ts:
{"event":"deep_research_model_call","step":"brief","think":false,"attempt":1,"wall_ms":0,"load_duration":0,"prompt_eval_count":0,"prompt_eval_duration":0,"eval_count":3,"eval_duration":0,"thinking_chars":0,"thinking_detected":false,"outcome":"ok"}
{"event":"deep_research_model_call","step":"plan","think":true,"attempt":1,"wall_ms":0,"load_duration":0,"prompt_eval_count":0,"prompt_eval_duration":0,"eval_count":3,"eval_duration":0,"thinking_chars":0,"thinking_detected":false,"outcome":"ok"}
{"event":"deep_research_model_call","step":"queries","think":false,"attempt":1,"wall_ms":0,"load_duration":0,"prompt_eval_count":0,"prompt_eval_duration":0,"eval_count":3,"eval_duration":0,"thinking_chars":0,"thinking_detected":false,"outcome":"ok"}
{"event":"deep_research_model_call","step":"pages","think":false,"attempt":1,"wall_ms":0,"load_duration":0,"prompt_eval_count":0,"prompt_eval_duration":0,"eval_count":3,"eval_duration":0,"thinking_chars":0,"thinking_detected":false,"outcome":"ok"}
{"event":"deep_research_model_call","step":"notes","think":false,"attempt":1,"wall_ms":599,"load_duration":null,"prompt_eval_count":null,"prompt_eval_duration":null,"eval_count":null,"eval_duration":null,"thinking_chars":0,"thinking_detected":false,"outcome":"aborted"}
{"event":"deep_research_model_call","step":"write","think":true,"attempt":1,"wall_ms":0,"load_duration":0,"prompt_eval_count":0,"prompt_eval_duration":0,"eval_count":3,"eval_duration":0,"thinking_chars":0,"thinking_detected":false,"outcome":"ok"}
{"event":"deep_research_model_call","step":"brief","think":false,"attempt":1,"wall_ms":0,"load_duration":0,"prompt_eval_count":0,"prompt_eval_duration":0,"eval_count":3,"eval_duration":0,"thinking_chars":0,"thinking_detected":false,"outcome":"ok"}
{"event":"deep_research_model_call","step":"plan","think":true,"attempt":1,"wall_ms":0,"load_duration":0,"prompt_eval_count":0,"prompt_eval_duration":0,"eval_count":3,"eval_duration":0,"thinking_chars":0,"thinking_detected":false,"outcome":"ok"}
{"event":"deep_research_model_call","step":"queries","think":false,"attempt":1,"wall_ms":0,"load_duration":0,"prompt_eval_count":0,"prompt_eval_duration":0,"eval_count":3,"eval_duration":0,"thinking_chars":0,"thinking_detected":false,"outcome":"ok"}
{"event":"deep_research_model_call","step":"pages","think":false,"attempt":1,"wall_ms":0,"load_duration":0,"prompt_eval_count":0,"prompt_eval_duration":0,"eval_count":3,"eval_duration":0,"thinking_chars":0,"thinking_detected":false,"outcome":"ok"}
{"event":"deep_research_model_call","step":"notes","think":false,"attempt":1,"wall_ms":600,"load_duration":null,"prompt_eval_count":null,"prompt_eval_duration":null,"eval_count":null,"eval_duration":null,"thinking_chars":0,"thinking_detected":false,"outcome":"aborted"}
{"event":"deep_research_model_call","step":"brief","think":false,"attempt":1,"wall_ms":0,"load_duration":0,"prompt_eval_count":0,"prompt_eval_duration":0,"eval_count":3,"eval_duration":0,"thinking_chars":0,"thinking_detected":false,"outcome":"ok"}
{"event":"deep_research_model_call","step":"plan","think":true,"attempt":1,"wall_ms":1,"load_duration":0,"prompt_eval_count":0,"prompt_eval_duration":0,"eval_count":3,"eval_duration":0,"thinking_chars":0,"thinking_detected":false,"outcome":"ok"}
{"event":"deep_research_model_call","step":"queries","think":false,"attempt":1,"wall_ms":0,"load_duration":0,"prompt_eval_count":0,"prompt_eval_duration":0,"eval_count":3,"eval_duration":0,"thinking_chars":0,"thinking_detected":false,"outcome":"ok"}
{"event":"deep_research_model_call","step":"pages","think":false,"attempt":1,"wall_ms":0,"load_duration":0,"prompt_eval_count":0,"prompt_eval_duration":0,"eval_count":3,"eval_duration":0,"thinking_chars":0,"thinking_detected":false,"outcome":"ok"}
{"event":"deep_research_model_call","step":"notes","think":false,"attempt":1,"wall_ms":1,"load_duration":0,"prompt_eval_count":0,"prompt_eval_duration":0,"eval_count":3,"eval_duration":0,"thinking_chars":0,"thinking_detected":false,"outcome":"ok"}
{"event":"deep_research_model_call","step":"gap","think":false,"attempt":1,"wall_ms":0,"load_duration":0,"prompt_eval_count":0,"prompt_eval_duration":0,"eval_count":3,"eval_duration":0,"thinking_chars":0,"thinking_detected":false,"outcome":"ok"}
{"event":"deep_research_model_call","step":"brief","think":false,"attempt":1,"wall_ms":0,"load_duration":0,"prompt_eval_count":0,"prompt_eval_duration":0,"eval_count":3,"eval_duration":0,"thinking_chars":0,"thinking_detected":false,"outcome":"ok"}
{"event":"deep_research_model_call","step":"plan","think":true,"attempt":1,"wall_ms":0,"load_duration":0,"prompt_eval_count":0,"prompt_eval_duration":0,"eval_count":3,"eval_duration":0,"thinking_chars":0,"thinking_detected":false,"outcome":"ok"}
{"event":"deep_research_model_call","step":"queries","think":false,"attempt":1,"wall_ms":1,"load_duration":0,"prompt_eval_count":0,"prompt_eval_duration":0,"eval_count":3,"eval_duration":0,"thinking_chars":0,"thinking_detected":false,"outcome":"ok"}
{"event":"deep_research_model_call","step":"gap","think":false,"attempt":1,"wall_ms":0,"load_duration":0,"prompt_eval_count":0,"prompt_eval_duration":0,"eval_count":3,"eval_duration":0,"thinking_chars":0,"thinking_detected":false,"outcome":"ok"}

src/http/streamKeepAlive.test.ts:
{"event":"deep_research_model_call","step":"brief","think":false,"attempt":1,"wall_ms":0,"load_duration":0,"prompt_eval_count":0,"prompt_eval_duration":0,"eval_count":3,"eval_duration":0,"thinking_chars":0,"thinking_detected":false,"outcome":"ok"}
{"event":"deep_research_model_call","step":"plan","think":true,"attempt":1,"wall_ms":0,"load_duration":0,"prompt_eval_count":0,"prompt_eval_duration":0,"eval_count":3,"eval_duration":0,"thinking_chars":0,"thinking_detected":false,"outcome":"ok"}
{"event":"deep_research_model_call","step":"queries","think":false,"attempt":1,"wall_ms":0,"load_duration":0,"prompt_eval_count":0,"prompt_eval_duration":0,"eval_count":3,"eval_duration":0,"thinking_chars":0,"thinking_detected":false,"outcome":"ok"}
{"event":"deep_research_model_call","step":"queries","think":false,"attempt":1,"wall_ms":0,"load_duration":0,"prompt_eval_count":0,"prompt_eval_duration":0,"eval_count":3,"eval_duration":0,"thinking_chars":0,"thinking_detected":false,"outcome":"ok"}
{"event":"deep_research_model_call","step":"queries","think":false,"attempt":1,"wall_ms":0,"load_duration":0,"prompt_eval_count":0,"prompt_eval_duration":0,"eval_count":3,"eval_duration":0,"thinking_chars":0,"thinking_detected":false,"outcome":"ok"}
{"event":"deep_research_model_call","step":"pages","think":false,"attempt":1,"wall_ms":0,"load_duration":0,"prompt_eval_count":0,"prompt_eval_duration":0,"eval_count":3,"eval_duration":0,"thinking_chars":0,"thinking_detected":false,"outcome":"ok"}
{"event":"deep_research_model_call","step":"notes","think":false,"attempt":1,"wall_ms":0,"load_duration":0,"prompt_eval_count":0,"prompt_eval_duration":0,"eval_count":3,"eval_duration":0,"thinking_chars":0,"thinking_detected":false,"outcome":"ok"}
{"event":"deep_research_model_call","step":"gap","think":false,"attempt":1,"wall_ms":0,"load_duration":0,"prompt_eval_count":0,"prompt_eval_duration":0,"eval_count":3,"eval_duration":0,"thinking_chars":0,"thinking_detected":false,"outcome":"ok"}
{"event":"deep_research_model_call","step":"write","think":true,"attempt":1,"wall_ms":0,"load_duration":0,"prompt_eval_count":0,"prompt_eval_duration":0,"eval_count":3,"eval_duration":0,"thinking_chars":0,"thinking_detected":false,"outcome":"ok"}

src/generations/manager.test.ts:
{"event":"deep_research_model_call","step":"brief","think":false,"attempt":1,"wall_ms":20,"load_duration":null,"prompt_eval_count":null,"prompt_eval_duration":null,"eval_count":null,"eval_duration":null,"thinking_chars":0,"thinking_detected":false,"outcome":"aborted"}
{"event":"deep_research_model_call","step":"brief","think":false,"attempt":1,"wall_ms":21,"load_duration":null,"prompt_eval_count":null,"prompt_eval_duration":null,"eval_count":null,"eval_duration":null,"thinking_chars":0,"thinking_detected":false,"outcome":"aborted"}

src/generations/research.test.ts:
{"event":"deep_research_model_call","step":"brief","think":false,"attempt":1,"wall_ms":0,"load_duration":0,"prompt_eval_count":0,"prompt_eval_duration":0,"eval_count":5,"eval_duration":500000000,"thinking_chars":16,"thinking_detected":true,"outcome":"ok"}
{"event":"deep_research_model_call","step":"plan","think":true,"attempt":1,"wall_ms":0,"load_duration":0,"prompt_eval_count":0,"prompt_eval_duration":0,"eval_count":5,"eval_duration":500000000,"thinking_chars":16,"thinking_detected":false,"outcome":"ok"}
{"event":"deep_research_model_call","step":"queries","think":false,"attempt":1,"wall_ms":0,"load_duration":0,"prompt_eval_count":0,"prompt_eval_duration":0,"eval_count":5,"eval_duration":500000000,"thinking_chars":16,"thinking_detected":true,"outcome":"ok"}
{"event":"deep_research_model_call","step":"pages","think":false,"attempt":1,"wall_ms":1,"load_duration":0,"prompt_eval_count":0,"prompt_eval_duration":0,"eval_count":5,"eval_duration":500000000,"thinking_chars":16,"thinking_detected":true,"outcome":"ok"}
{"event":"deep_research_model_call","step":"notes","think":false,"attempt":1,"wall_ms":0,"load_duration":0,"prompt_eval_count":0,"prompt_eval_duration":0,"eval_count":5,"eval_duration":500000000,"thinking_chars":16,"thinking_detected":true,"outcome":"ok"}
{"event":"deep_research_model_call","step":"queries","think":false,"attempt":1,"wall_ms":1,"load_duration":0,"prompt_eval_count":0,"prompt_eval_duration":0,"eval_count":5,"eval_duration":500000000,"thinking_chars":16,"thinking_detected":true,"outcome":"ok"}
{"event":"deep_research_model_call","step":"pages","think":false,"attempt":1,"wall_ms":0,"load_duration":0,"prompt_eval_count":0,"prompt_eval_duration":0,"eval_count":5,"eval_duration":500000000,"thinking_chars":16,"thinking_detected":true,"outcome":"ok"}
{"event":"deep_research_model_call","step":"notes","think":false,"attempt":1,"wall_ms":0,"load_duration":0,"prompt_eval_count":0,"prompt_eval_duration":0,"eval_count":5,"eval_duration":500000000,"thinking_chars":16,"thinking_detected":true,"outcome":"ok"}
{"event":"deep_research_model_call","step":"notes","think":false,"attempt":1,"wall_ms":1,"load_duration":0,"prompt_eval_count":0,"prompt_eval_duration":0,"eval_count":5,"eval_duration":500000000,"thinking_chars":16,"thinking_detected":true,"outcome":"ok"}
{"event":"deep_research_model_call","step":"notes","think":false,"attempt":1,"wall_ms":0,"load_duration":0,"prompt_eval_count":0,"prompt_eval_duration":0,"eval_count":5,"eval_duration":500000000,"thinking_chars":17,"thinking_detected":true,"outcome":"ok"}
{"event":"deep_research_model_call","step":"gap","think":false,"attempt":1,"wall_ms":0,"load_duration":0,"prompt_eval_count":0,"prompt_eval_duration":0,"eval_count":5,"eval_duration":500000000,"thinking_chars":17,"thinking_detected":true,"outcome":"ok"}
{"event":"deep_research_model_call","step":"gap","think":false,"attempt":1,"wall_ms":0,"load_duration":0,"prompt_eval_count":0,"prompt_eval_duration":0,"eval_count":5,"eval_duration":500000000,"thinking_chars":17,"thinking_detected":true,"outcome":"ok"}
{"event":"deep_research_model_call","step":"write","think":true,"attempt":1,"wall_ms":0,"load_duration":0,"prompt_eval_count":0,"prompt_eval_duration":0,"eval_count":5,"eval_duration":500000000,"thinking_chars":17,"thinking_detected":false,"outcome":"ok"}
{"event":"deep_research_model_call","step":"brief","think":false,"attempt":1,"wall_ms":0,"load_duration":0,"prompt_eval_count":0,"prompt_eval_duration":0,"eval_count":5,"eval_duration":500000000,"thinking_chars":16,"thinking_detected":true,"outcome":"ok"}
{"event":"deep_research_model_call","step":"plan","think":true,"attempt":1,"wall_ms":0,"load_duration":0,"prompt_eval_count":0,"prompt_eval_duration":0,"eval_count":5,"eval_duration":500000000,"thinking_chars":16,"thinking_detected":false,"outcome":"ok"}
{"event":"deep_research_model_call","step":"queries","think":false,"attempt":1,"wall_ms":0,"load_duration":0,"prompt_eval_count":0,"prompt_eval_duration":0,"eval_count":5,"eval_duration":500000000,"thinking_chars":16,"thinking_detected":true,"outcome":"ok"}
{"event":"deep_research_model_call","step":"pages","think":false,"attempt":1,"wall_ms":0,"load_duration":0,"prompt_eval_count":0,"prompt_eval_duration":0,"eval_count":5,"eval_duration":500000000,"thinking_chars":16,"thinking_detected":true,"outcome":"ok"}
{"event":"deep_research_model_call","step":"notes","think":false,"attempt":1,"wall_ms":0,"load_duration":0,"prompt_eval_count":0,"prompt_eval_duration":0,"eval_count":5,"eval_duration":500000000,"thinking_chars":16,"thinking_detected":true,"outcome":"ok"}
{"event":"deep_research_model_call","step":"queries","think":false,"attempt":1,"wall_ms":0,"load_duration":0,"prompt_eval_count":0,"prompt_eval_duration":0,"eval_count":5,"eval_duration":500000000,"thinking_chars":16,"thinking_detected":true,"outcome":"ok"}
{"event":"deep_research_model_call","step":"pages","think":false,"attempt":1,"wall_ms":0,"load_duration":0,"prompt_eval_count":0,"prompt_eval_duration":0,"eval_count":5,"eval_duration":500000000,"thinking_chars":16,"thinking_detected":true,"outcome":"ok"}
{"event":"deep_research_model_call","step":"notes","think":false,"attempt":1,"wall_ms":0,"load_duration":0,"prompt_eval_count":0,"prompt_eval_duration":0,"eval_count":5,"eval_duration":500000000,"thinking_chars":16,"thinking_detected":true,"outcome":"ok"}
{"event":"deep_research_model_call","step":"notes","think":false,"attempt":1,"wall_ms":0,"load_duration":0,"prompt_eval_count":0,"prompt_eval_duration":0,"eval_count":5,"eval_duration":500000000,"thinking_chars":16,"thinking_detected":true,"outcome":"ok"}
{"event":"deep_research_model_call","step":"notes","think":false,"attempt":1,"wall_ms":0,"load_duration":0,"prompt_eval_count":0,"prompt_eval_duration":0,"eval_count":5,"eval_duration":500000000,"thinking_chars":17,"thinking_detected":true,"outcome":"ok"}
{"event":"deep_research_model_call","step":"write","think":true,"attempt":1,"wall_ms":0,"load_duration":0,"prompt_eval_count":0,"prompt_eval_duration":0,"eval_count":5,"eval_duration":500000000,"thinking_chars":17,"thinking_detected":false,"outcome":"ok"}
{"event":"deep_research_model_call","step":"brief","think":false,"attempt":1,"wall_ms":0,"load_duration":0,"prompt_eval_count":0,"prompt_eval_duration":0,"eval_count":5,"eval_duration":500000000,"thinking_chars":16,"thinking_detected":true,"outcome":"ok"}
{"event":"deep_research_model_call","step":"plan","think":true,"attempt":1,"wall_ms":0,"load_duration":0,"prompt_eval_count":0,"prompt_eval_duration":0,"eval_count":5,"eval_duration":500000000,"thinking_chars":16,"thinking_detected":false,"outcome":"ok"}
{"event":"deep_research_model_call","step":"queries","think":false,"attempt":1,"wall_ms":0,"load_duration":0,"prompt_eval_count":0,"prompt_eval_duration":0,"eval_count":5,"eval_duration":500000000,"thinking_chars":16,"thinking_detected":true,"outcome":"ok"}
{"event":"deep_research_model_call","step":"pages","think":false,"attempt":1,"wall_ms":0,"load_duration":0,"prompt_eval_count":0,"prompt_eval_duration":0,"eval_count":5,"eval_duration":500000000,"thinking_chars":16,"thinking_detected":true,"outcome":"ok"}
{"event":"deep_research_model_call","step":"notes","think":false,"attempt":1,"wall_ms":1,"load_duration":0,"prompt_eval_count":0,"prompt_eval_duration":0,"eval_count":5,"eval_duration":500000000,"thinking_chars":16,"thinking_detected":true,"outcome":"ok"}
{"event":"deep_research_model_call","step":"queries","think":false,"attempt":1,"wall_ms":0,"load_duration":0,"prompt_eval_count":0,"prompt_eval_duration":0,"eval_count":5,"eval_duration":500000000,"thinking_chars":16,"thinking_detected":true,"outcome":"ok"}
{"event":"deep_research_model_call","step":"pages","think":false,"attempt":1,"wall_ms":0,"load_duration":0,"prompt_eval_count":0,"prompt_eval_duration":0,"eval_count":5,"eval_duration":500000000,"thinking_chars":16,"thinking_detected":true,"outcome":"ok"}
{"event":"deep_research_model_call","step":"notes","think":false,"attempt":1,"wall_ms":0,"load_duration":0,"prompt_eval_count":0,"prompt_eval_duration":0,"eval_count":5,"eval_duration":500000000,"thinking_chars":16,"thinking_detected":true,"outcome":"ok"}
{"event":"deep_research_model_call","step":"notes","think":false,"attempt":1,"wall_ms":0,"load_duration":0,"prompt_eval_count":0,"prompt_eval_duration":0,"eval_count":5,"eval_duration":500000000,"thinking_chars":16,"thinking_detected":true,"outcome":"ok"}
{"event":"deep_research_model_call","step":"notes","think":false,"attempt":1,"wall_ms":0,"load_duration":0,"prompt_eval_count":0,"prompt_eval_duration":0,"eval_count":5,"eval_duration":500000000,"thinking_chars":17,"thinking_detected":true,"outcome":"ok"}
{"event":"deep_research_model_call","step":"write","think":true,"attempt":1,"wall_ms":0,"load_duration":0,"prompt_eval_count":0,"prompt_eval_duration":0,"eval_count":5,"eval_duration":500000000,"thinking_chars":17,"thinking_detected":false,"outcome":"ok"}
{"event":"deep_research_model_call","step":"brief","think":false,"attempt":1,"wall_ms":0,"load_duration":0,"prompt_eval_count":0,"prompt_eval_duration":0,"eval_count":5,"eval_duration":500000000,"thinking_chars":16,"thinking_detected":true,"outcome":"ok"}
{"event":"deep_research_model_call","step":"plan","think":true,"attempt":1,"wall_ms":0,"load_duration":0,"prompt_eval_count":0,"prompt_eval_duration":0,"eval_count":5,"eval_duration":500000000,"thinking_chars":16,"thinking_detected":false,"outcome":"ok"}
{"event":"deep_research_model_call","step":"queries","think":false,"attempt":1,"wall_ms":0,"load_duration":0,"prompt_eval_count":0,"prompt_eval_duration":0,"eval_count":5,"eval_duration":500000000,"thinking_chars":16,"thinking_detected":true,"outcome":"ok"}
{"event":"deep_research_model_call","step":"queries","think":false,"attempt":1,"wall_ms":0,"load_duration":0,"prompt_eval_count":0,"prompt_eval_duration":0,"eval_count":5,"eval_duration":500000000,"thinking_chars":16,"thinking_detected":true,"outcome":"ok"}
{"event":"deep_research_model_call","step":"pages","think":false,"attempt":1,"wall_ms":0,"load_duration":0,"prompt_eval_count":0,"prompt_eval_duration":0,"eval_count":5,"eval_duration":500000000,"thinking_chars":16,"thinking_detected":true,"outcome":"ok"}
{"event":"deep_research_model_call","step":"notes","think":false,"attempt":1,"wall_ms":0,"load_duration":0,"prompt_eval_count":0,"prompt_eval_duration":0,"eval_count":5,"eval_duration":500000000,"thinking_chars":16,"thinking_detected":true,"outcome":"ok"}
{"event":"deep_research_model_call","step":"notes","think":false,"attempt":1,"wall_ms":0,"load_duration":0,"prompt_eval_count":0,"prompt_eval_duration":0,"eval_count":5,"eval_duration":500000000,"thinking_chars":16,"thinking_detected":true,"outcome":"ok"}
{"event":"deep_research_model_call","step":"write","think":true,"attempt":1,"wall_ms":0,"load_duration":0,"prompt_eval_count":0,"prompt_eval_duration":0,"eval_count":5,"eval_duration":500000000,"thinking_chars":16,"thinking_detected":false,"outcome":"ok"}
{"event":"deep_research_model_call","step":"brief","think":false,"attempt":1,"wall_ms":0,"load_duration":0,"prompt_eval_count":0,"prompt_eval_duration":0,"eval_count":5,"eval_duration":500000000,"thinking_chars":16,"thinking_detected":true,"outcome":"ok"}
{"event":"deep_research_model_call","step":"plan","think":true,"attempt":1,"wall_ms":0,"load_duration":0,"prompt_eval_count":0,"prompt_eval_duration":0,"eval_count":5,"eval_duration":500000000,"thinking_chars":16,"thinking_detected":false,"outcome":"ok"}
{"event":"deep_research_model_call","step":"queries","think":false,"attempt":1,"wall_ms":0,"load_duration":0,"prompt_eval_count":0,"prompt_eval_duration":0,"eval_count":5,"eval_duration":500000000,"thinking_chars":16,"thinking_detected":true,"outcome":"ok"}
{"event":"deep_research_model_call","step":"queries","think":false,"attempt":1,"wall_ms":0,"load_duration":0,"prompt_eval_count":0,"prompt_eval_duration":0,"eval_count":5,"eval_duration":500000000,"thinking_chars":16,"thinking_detected":true,"outcome":"ok"}
{"event":"deep_research_model_call","step":"pages","think":false,"attempt":1,"wall_ms":0,"load_duration":0,"prompt_eval_count":0,"prompt_eval_duration":0,"eval_count":5,"eval_duration":500000000,"thinking_chars":16,"thinking_detected":true,"outcome":"ok"}
{"event":"deep_research_model_call","step":"notes","think":false,"attempt":1,"wall_ms":0,"load_duration":0,"prompt_eval_count":0,"prompt_eval_duration":0,"eval_count":5,"eval_duration":500000000,"thinking_chars":16,"thinking_detected":true,"outcome":"ok"}
{"event":"deep_research_model_call","step":"gap","think":false,"attempt":1,"wall_ms":0,"load_duration":0,"prompt_eval_count":0,"prompt_eval_duration":0,"eval_count":5,"eval_duration":500000000,"thinking_chars":16,"thinking_detected":true,"outcome":"ok"}
{"event":"deep_research_model_call","step":"pages","think":false,"attempt":1,"wall_ms":0,"load_duration":0,"prompt_eval_count":0,"prompt_eval_duration":0,"eval_count":5,"eval_duration":500000000,"thinking_chars":16,"thinking_detected":true,"outcome":"ok"}
{"event":"deep_research_model_call","step":"gap","think":false,"attempt":1,"wall_ms":0,"load_duration":0,"prompt_eval_count":0,"prompt_eval_duration":0,"eval_count":5,"eval_duration":500000000,"thinking_chars":16,"thinking_detected":true,"outcome":"ok"}
{"event":"deep_research_model_call","step":"pages","think":false,"attempt":1,"wall_ms":0,"load_duration":0,"prompt_eval_count":0,"prompt_eval_duration":0,"eval_count":5,"eval_duration":500000000,"thinking_chars":17,"thinking_detected":true,"outcome":"ok"}
{"event":"deep_research_model_call","step":"write","think":true,"attempt":1,"wall_ms":0,"load_duration":0,"prompt_eval_count":0,"prompt_eval_duration":0,"eval_count":5,"eval_duration":500000000,"thinking_chars":17,"thinking_detected":false,"outcome":"ok"}
{"event":"deep_research_model_call","step":"brief","think":false,"attempt":1,"wall_ms":0,"load_duration":0,"prompt_eval_count":0,"prompt_eval_duration":0,"eval_count":5,"eval_duration":500000000,"thinking_chars":16,"thinking_detected":true,"outcome":"ok"}
{"event":"deep_research_model_call","step":"plan","think":true,"attempt":1,"wall_ms":0,"load_duration":0,"prompt_eval_count":0,"prompt_eval_duration":0,"eval_count":5,"eval_duration":500000000,"thinking_chars":16,"thinking_detected":false,"outcome":"ok"}
{"event":"deep_research_model_call","step":"queries","think":false,"attempt":1,"wall_ms":0,"load_duration":0,"prompt_eval_count":0,"prompt_eval_duration":0,"eval_count":5,"eval_duration":500000000,"thinking_chars":16,"thinking_detected":true,"outcome":"ok"}
{"event":"deep_research_model_call","step":"queries","think":false,"attempt":1,"wall_ms":0,"load_duration":0,"prompt_eval_count":0,"prompt_eval_duration":0,"eval_count":5,"eval_duration":500000000,"thinking_chars":16,"thinking_detected":true,"outcome":"ok"}
{"event":"deep_research_model_call","step":"queries","think":false,"attempt":1,"wall_ms":0,"load_duration":0,"prompt_eval_count":0,"prompt_eval_duration":0,"eval_count":5,"eval_duration":500000000,"thinking_chars":16,"thinking_detected":true,"outcome":"ok"}
{"event":"deep_research_model_call","step":"queries","think":false,"attempt":1,"wall_ms":0,"load_duration":0,"prompt_eval_count":0,"prompt_eval_duration":0,"eval_count":5,"eval_duration":500000000,"thinking_chars":16,"thinking_detected":true,"outcome":"ok"}
{"event":"deep_research_model_call","step":"pages","think":false,"attempt":1,"wall_ms":0,"load_duration":0,"prompt_eval_count":0,"prompt_eval_duration":0,"eval_count":5,"eval_duration":500000000,"thinking_chars":16,"thinking_detected":true,"outcome":"ok"}
{"event":"deep_research_model_call","step":"notes","think":false,"attempt":1,"wall_ms":0,"load_duration":0,"prompt_eval_count":0,"prompt_eval_duration":0,"eval_count":5,"eval_duration":500000000,"thinking_chars":16,"thinking_detected":true,"outcome":"ok"}
{"event":"deep_research_model_call","step":"notes","think":false,"attempt":1,"wall_ms":0,"load_duration":0,"prompt_eval_count":0,"prompt_eval_duration":0,"eval_count":5,"eval_duration":500000000,"thinking_chars":16,"thinking_detected":true,"outcome":"ok"}
{"event":"deep_research_model_call","step":"write","think":true,"attempt":1,"wall_ms":0,"load_duration":0,"prompt_eval_count":0,"prompt_eval_duration":0,"eval_count":5,"eval_duration":500000000,"thinking_chars":17,"thinking_detected":false,"outcome":"ok"}
{"event":"deep_research_model_call","step":"brief","think":false,"attempt":1,"wall_ms":0,"load_duration":0,"prompt_eval_count":0,"prompt_eval_duration":0,"eval_count":5,"eval_duration":500000000,"thinking_chars":16,"thinking_detected":true,"outcome":"invalid"}
{"event":"deep_research_model_call","step":"brief","think":false,"attempt":2,"wall_ms":0,"load_duration":0,"prompt_eval_count":0,"prompt_eval_duration":0,"eval_count":5,"eval_duration":500000000,"thinking_chars":16,"thinking_detected":true,"outcome":"ok"}
{"event":"deep_research_model_call","step":"plan","think":true,"attempt":1,"wall_ms":0,"load_duration":0,"prompt_eval_count":0,"prompt_eval_duration":0,"eval_count":5,"eval_duration":500000000,"thinking_chars":16,"thinking_detected":false,"outcome":"invalid"}
{"event":"deep_research_model_call","step":"plan","think":true,"attempt":2,"wall_ms":0,"load_duration":0,"prompt_eval_count":0,"prompt_eval_duration":0,"eval_count":5,"eval_duration":500000000,"thinking_chars":16,"thinking_detected":false,"outcome":"invalid"}
{"event":"deep_research_model_call","step":"plan","think":true,"attempt":3,"wall_ms":0,"load_duration":0,"prompt_eval_count":0,"prompt_eval_duration":0,"eval_count":5,"eval_duration":500000000,"thinking_chars":16,"thinking_detected":false,"outcome":"invalid"}
{"event":"deep_research_model_call","step":"queries","think":false,"attempt":1,"wall_ms":0,"load_duration":0,"prompt_eval_count":0,"prompt_eval_duration":0,"eval_count":5,"eval_duration":500000000,"thinking_chars":16,"thinking_detected":true,"outcome":"ok"}
{"event":"deep_research_model_call","step":"pages","think":false,"attempt":1,"wall_ms":0,"load_duration":0,"prompt_eval_count":0,"prompt_eval_duration":0,"eval_count":5,"eval_duration":500000000,"thinking_chars":16,"thinking_detected":true,"outcome":"ok"}
{"event":"deep_research_model_call","step":"notes","think":false,"attempt":1,"wall_ms":0,"load_duration":0,"prompt_eval_count":0,"prompt_eval_duration":0,"eval_count":5,"eval_duration":500000000,"thinking_chars":16,"thinking_detected":true,"outcome":"ok"}
{"event":"deep_research_model_call","step":"notes","think":false,"attempt":1,"wall_ms":0,"load_duration":0,"prompt_eval_count":0,"prompt_eval_duration":0,"eval_count":5,"eval_duration":500000000,"thinking_chars":16,"thinking_detected":true,"outcome":"ok"}
{"event":"deep_research_model_call","step":"write","think":true,"attempt":1,"wall_ms":0,"load_duration":0,"prompt_eval_count":0,"prompt_eval_duration":0,"eval_count":5,"eval_duration":500000000,"thinking_chars":17,"thinking_detected":false,"outcome":"invalid"}
{"event":"deep_research_model_call","step":"write","think":true,"attempt":2,"wall_ms":0,"load_duration":0,"prompt_eval_count":0,"prompt_eval_duration":0,"eval_count":5,"eval_duration":500000000,"thinking_chars":17,"thinking_detected":false,"outcome":"invalid"}
{"event":"deep_research_model_call","step":"write","think":true,"attempt":3,"wall_ms":0,"load_duration":0,"prompt_eval_count":0,"prompt_eval_duration":0,"eval_count":5,"eval_duration":500000000,"thinking_chars":17,"thinking_detected":false,"outcome":"invalid"}
{"event":"deep_research_model_call","step":"brief","think":false,"attempt":1,"wall_ms":0,"load_duration":null,"prompt_eval_count":null,"prompt_eval_duration":null,"eval_count":null,"eval_duration":null,"thinking_chars":0,"thinking_detected":false,"outcome":"error"}
{"event":"deep_research_model_call","step":"plan","think":true,"attempt":1,"wall_ms":0,"load_duration":null,"prompt_eval_count":null,"prompt_eval_duration":null,"eval_count":null,"eval_duration":null,"thinking_chars":0,"thinking_detected":false,"outcome":"error"}
{"event":"deep_research_model_call","step":"queries","think":false,"attempt":1,"wall_ms":0,"load_duration":null,"prompt_eval_count":null,"prompt_eval_duration":null,"eval_count":null,"eval_duration":null,"thinking_chars":0,"thinking_detected":false,"outcome":"error"}
{"event":"deep_research_model_call","step":"pages","think":false,"attempt":1,"wall_ms":0,"load_duration":null,"prompt_eval_count":null,"prompt_eval_duration":null,"eval_count":null,"eval_duration":null,"thinking_chars":0,"thinking_detected":false,"outcome":"error"}
{"event":"deep_research_model_call","step":"notes","think":false,"attempt":1,"wall_ms":0,"load_duration":null,"prompt_eval_count":null,"prompt_eval_duration":null,"eval_count":null,"eval_duration":null,"thinking_chars":0,"thinking_detected":false,"outcome":"error"}
{"event":"deep_research_model_call","step":"notes","think":false,"attempt":1,"wall_ms":0,"load_duration":null,"prompt_eval_count":null,"prompt_eval_duration":null,"eval_count":null,"eval_duration":null,"thinking_chars":0,"thinking_detected":false,"outcome":"error"}
{"event":"deep_research_model_call","step":"brief","think":false,"attempt":1,"wall_ms":0,"load_duration":null,"prompt_eval_count":null,"prompt_eval_duration":null,"eval_count":null,"eval_duration":null,"thinking_chars":0,"thinking_detected":false,"outcome":"error"}
{"event":"deep_research_model_call","step":"plan","think":true,"attempt":1,"wall_ms":0,"load_duration":null,"prompt_eval_count":null,"prompt_eval_duration":null,"eval_count":null,"eval_duration":null,"thinking_chars":0,"thinking_detected":false,"outcome":"error"}
{"event":"deep_research_model_call","step":"queries","think":false,"attempt":1,"wall_ms":0,"load_duration":null,"prompt_eval_count":null,"prompt_eval_duration":null,"eval_count":null,"eval_duration":null,"thinking_chars":0,"thinking_detected":false,"outcome":"error"}
{"event":"deep_research_model_call","step":"queries","think":false,"attempt":1,"wall_ms":0,"load_duration":null,"prompt_eval_count":null,"prompt_eval_duration":null,"eval_count":null,"eval_duration":null,"thinking_chars":0,"thinking_detected":false,"outcome":"error"}
{"event":"deep_research_model_call","step":"queries","think":false,"attempt":1,"wall_ms":0,"load_duration":null,"prompt_eval_count":null,"prompt_eval_duration":null,"eval_count":null,"eval_duration":null,"thinking_chars":0,"thinking_detected":false,"outcome":"error"}
{"event":"deep_research_model_call","step":"pages","think":false,"attempt":1,"wall_ms":0,"load_duration":null,"prompt_eval_count":null,"prompt_eval_duration":null,"eval_count":null,"eval_duration":null,"thinking_chars":0,"thinking_detected":false,"outcome":"error"}
{"event":"deep_research_model_call","step":"notes","think":false,"attempt":1,"wall_ms":0,"load_duration":null,"prompt_eval_count":null,"prompt_eval_duration":null,"eval_count":null,"eval_duration":null,"thinking_chars":0,"thinking_detected":false,"outcome":"error"}
{"event":"deep_research_model_call","step":"notes","think":false,"attempt":1,"wall_ms":0,"load_duration":null,"prompt_eval_count":null,"prompt_eval_duration":null,"eval_count":null,"eval_duration":null,"thinking_chars":0,"thinking_detected":false,"outcome":"error"}
{"event":"deep_research_model_call","step":"brief","think":false,"attempt":1,"wall_ms":0,"load_duration":0,"prompt_eval_count":0,"prompt_eval_duration":0,"eval_count":5,"eval_duration":500000000,"thinking_chars":16,"thinking_detected":true,"outcome":"ok"}
{"event":"deep_research_model_call","step":"plan","think":true,"attempt":1,"wall_ms":0,"load_duration":0,"prompt_eval_count":0,"prompt_eval_duration":0,"eval_count":5,"eval_duration":500000000,"thinking_chars":16,"thinking_detected":false,"outcome":"ok"}
{"event":"deep_research_model_call","step":"queries","think":false,"attempt":1,"wall_ms":0,"load_duration":0,"prompt_eval_count":0,"prompt_eval_duration":0,"eval_count":5,"eval_duration":500000000,"thinking_chars":16,"thinking_detected":true,"outcome":"ok"}
{"event":"deep_research_model_call","step":"pages","think":false,"attempt":1,"wall_ms":0,"load_duration":0,"prompt_eval_count":0,"prompt_eval_duration":0,"eval_count":5,"eval_duration":500000000,"thinking_chars":16,"thinking_detected":true,"outcome":"ok"}
{"event":"deep_research_model_call","step":"notes","think":false,"attempt":1,"wall_ms":0,"load_duration":0,"prompt_eval_count":0,"prompt_eval_duration":0,"eval_count":5,"eval_duration":500000000,"thinking_chars":16,"thinking_detected":true,"outcome":"ok"}
{"event":"deep_research_model_call","step":"queries","think":false,"attempt":1,"wall_ms":0,"load_duration":0,"prompt_eval_count":0,"prompt_eval_duration":0,"eval_count":5,"eval_duration":500000000,"thinking_chars":16,"thinking_detected":true,"outcome":"ok"}
{"event":"deep_research_model_call","step":"queries","think":false,"attempt":1,"wall_ms":0,"load_duration":0,"prompt_eval_count":0,"prompt_eval_duration":0,"eval_count":5,"eval_duration":500000000,"thinking_chars":16,"thinking_detected":true,"outcome":"ok"}
{"event":"deep_research_model_call","step":"queries","think":false,"attempt":1,"wall_ms":0,"load_duration":0,"prompt_eval_count":0,"prompt_eval_duration":0,"eval_count":5,"eval_duration":500000000,"thinking_chars":16,"thinking_detected":true,"outcome":"ok"}
{"event":"deep_research_model_call","step":"pages","think":false,"attempt":1,"wall_ms":0,"load_duration":0,"prompt_eval_count":0,"prompt_eval_duration":0,"eval_count":5,"eval_duration":500000000,"thinking_chars":16,"thinking_detected":true,"outcome":"ok"}
{"event":"deep_research_model_call","step":"notes","think":false,"attempt":1,"wall_ms":0,"load_duration":0,"prompt_eval_count":0,"prompt_eval_duration":0,"eval_count":5,"eval_duration":500000000,"thinking_chars":17,"thinking_detected":true,"outcome":"ok"}
{"event":"deep_research_model_call","step":"notes","think":false,"attempt":1,"wall_ms":0,"load_duration":0,"prompt_eval_count":0,"prompt_eval_duration":0,"eval_count":5,"eval_duration":500000000,"thinking_chars":17,"thinking_detected":true,"outcome":"ok"}
{"event":"deep_research_model_call","step":"notes","think":false,"attempt":1,"wall_ms":0,"load_duration":0,"prompt_eval_count":0,"prompt_eval_duration":0,"eval_count":5,"eval_duration":500000000,"thinking_chars":17,"thinking_detected":true,"outcome":"ok"}
{"event":"deep_research_model_call","step":"write","think":true,"attempt":1,"wall_ms":0,"load_duration":0,"prompt_eval_count":0,"prompt_eval_duration":0,"eval_count":5,"eval_duration":500000000,"thinking_chars":17,"thinking_detected":false,"outcome":"ok"}
{"event":"deep_research_model_call","step":"brief","think":false,"attempt":1,"wall_ms":0,"load_duration":0,"prompt_eval_count":0,"prompt_eval_duration":0,"eval_count":5,"eval_duration":500000000,"thinking_chars":16,"thinking_detected":true,"outcome":"ok"}
{"event":"deep_research_model_call","step":"plan","think":true,"attempt":1,"wall_ms":0,"load_duration":0,"prompt_eval_count":0,"prompt_eval_duration":0,"eval_count":5,"eval_duration":500000000,"thinking_chars":16,"thinking_detected":false,"outcome":"ok"}
{"event":"deep_research_model_call","step":"queries","think":false,"attempt":1,"wall_ms":0,"load_duration":0,"prompt_eval_count":0,"prompt_eval_duration":0,"eval_count":5,"eval_duration":500000000,"thinking_chars":16,"thinking_detected":true,"outcome":"ok"}
{"event":"deep_research_model_call","step":"pages","think":false,"attempt":1,"wall_ms":0,"load_duration":0,"prompt_eval_count":0,"prompt_eval_duration":0,"eval_count":5,"eval_duration":500000000,"thinking_chars":16,"thinking_detected":true,"outcome":"ok"}
{"event":"deep_research_model_call","step":"notes","think":false,"attempt":1,"wall_ms":0,"load_duration":0,"prompt_eval_count":0,"prompt_eval_duration":0,"eval_count":5,"eval_duration":500000000,"thinking_chars":16,"thinking_detected":true,"outcome":"ok"}
{"event":"deep_research_model_call","step":"gap","think":false,"attempt":1,"wall_ms":0,"load_duration":0,"prompt_eval_count":0,"prompt_eval_duration":0,"eval_count":5,"eval_duration":500000000,"thinking_chars":16,"thinking_detected":true,"outcome":"ok"}
{"event":"deep_research_model_call","step":"pages","think":false,"attempt":1,"wall_ms":0,"load_duration":0,"prompt_eval_count":0,"prompt_eval_duration":0,"eval_count":5,"eval_duration":500000000,"thinking_chars":16,"thinking_detected":true,"outcome":"ok"}
{"event":"deep_research_model_call","step":"notes","think":false,"attempt":1,"wall_ms":0,"load_duration":0,"prompt_eval_count":0,"prompt_eval_duration":0,"eval_count":5,"eval_duration":500000000,"thinking_chars":16,"thinking_detected":true,"outcome":"ok"}
{"event":"deep_research_model_call","step":"write","think":true,"attempt":1,"wall_ms":0,"load_duration":0,"prompt_eval_count":0,"prompt_eval_duration":0,"eval_count":5,"eval_duration":500000000,"thinking_chars":16,"thinking_detected":false,"outcome":"ok"}
{"event":"deep_research_model_call","step":"brief","think":false,"attempt":1,"wall_ms":0,"load_duration":0,"prompt_eval_count":0,"prompt_eval_duration":0,"eval_count":5,"eval_duration":500000000,"thinking_chars":16,"thinking_detected":true,"outcome":"ok"}
{"event":"deep_research_model_call","step":"plan","think":true,"attempt":1,"wall_ms":0,"load_duration":0,"prompt_eval_count":0,"prompt_eval_duration":0,"eval_count":5,"eval_duration":500000000,"thinking_chars":16,"thinking_detected":false,"outcome":"ok"}
{"event":"deep_research_model_call","step":"queries","think":false,"attempt":1,"wall_ms":0,"load_duration":0,"prompt_eval_count":0,"prompt_eval_duration":0,"eval_count":5,"eval_duration":500000000,"thinking_chars":16,"thinking_detected":true,"outcome":"ok"}
{"event":"deep_research_model_call","step":"pages","think":false,"attempt":1,"wall_ms":0,"load_duration":0,"prompt_eval_count":0,"prompt_eval_duration":0,"eval_count":5,"eval_duration":500000000,"thinking_chars":16,"thinking_detected":true,"outcome":"ok"}
{"event":"deep_research_model_call","step":"notes","think":false,"attempt":1,"wall_ms":0,"load_duration":0,"prompt_eval_count":0,"prompt_eval_duration":0,"eval_count":5,"eval_duration":500000000,"thinking_chars":16,"thinking_detected":true,"outcome":"ok"}
{"event":"deep_research_model_call","step":"notes","think":false,"attempt":1,"wall_ms":0,"load_duration":0,"prompt_eval_count":0,"prompt_eval_duration":0,"eval_count":5,"eval_duration":500000000,"thinking_chars":16,"thinking_detected":true,"outcome":"ok"}
{"event":"deep_research_model_call","step":"write","think":true,"attempt":1,"wall_ms":0,"load_duration":0,"prompt_eval_count":0,"prompt_eval_duration":0,"eval_count":5,"eval_duration":500000000,"thinking_chars":16,"thinking_detected":false,"outcome":"ok"}
{"event":"deep_research_model_call","step":"brief","think":false,"attempt":1,"wall_ms":0,"load_duration":0,"prompt_eval_count":0,"prompt_eval_duration":0,"eval_count":5,"eval_duration":500000000,"thinking_chars":16,"thinking_detected":true,"outcome":"ok"}
{"event":"deep_research_model_call","step":"plan","think":true,"attempt":1,"wall_ms":0,"load_duration":0,"prompt_eval_count":0,"prompt_eval_duration":0,"eval_count":5,"eval_duration":500000000,"thinking_chars":16,"thinking_detected":false,"outcome":"ok"}
{"event":"deep_research_model_call","step":"queries","think":false,"attempt":1,"wall_ms":0,"load_duration":0,"prompt_eval_count":0,"prompt_eval_duration":0,"eval_count":5,"eval_duration":500000000,"thinking_chars":16,"thinking_detected":true,"outcome":"ok"}
{"event":"deep_research_model_call","step":"pages","think":false,"attempt":1,"wall_ms":0,"load_duration":0,"prompt_eval_count":0,"prompt_eval_duration":0,"eval_count":5,"eval_duration":500000000,"thinking_chars":16,"thinking_detected":true,"outcome":"ok"}
{"event":"deep_research_model_call","step":"notes","think":false,"attempt":1,"wall_ms":0,"load_duration":0,"prompt_eval_count":0,"prompt_eval_duration":0,"eval_count":5,"eval_duration":500000000,"thinking_chars":16,"thinking_detected":true,"outcome":"ok"}
{"event":"deep_research_model_call","step":"queries","think":false,"attempt":1,"wall_ms":0,"load_duration":0,"prompt_eval_count":0,"prompt_eval_duration":0,"eval_count":5,"eval_duration":500000000,"thinking_chars":16,"thinking_detected":true,"outcome":"ok"}
{"event":"deep_research_model_call","step":"pages","think":false,"attempt":1,"wall_ms":0,"load_duration":0,"prompt_eval_count":0,"prompt_eval_duration":0,"eval_count":5,"eval_duration":500000000,"thinking_chars":16,"thinking_detected":true,"outcome":"ok"}
{"event":"deep_research_model_call","step":"notes","think":false,"attempt":1,"wall_ms":0,"load_duration":0,"prompt_eval_count":0,"prompt_eval_duration":0,"eval_count":5,"eval_duration":500000000,"thinking_chars":16,"thinking_detected":true,"outcome":"ok"}
{"event":"deep_research_model_call","step":"notes","think":false,"attempt":1,"wall_ms":0,"load_duration":0,"prompt_eval_count":0,"prompt_eval_duration":0,"eval_count":5,"eval_duration":500000000,"thinking_chars":16,"thinking_detected":true,"outcome":"ok"}
{"event":"deep_research_model_call","step":"notes","think":false,"attempt":1,"wall_ms":0,"load_duration":0,"prompt_eval_count":0,"prompt_eval_duration":0,"eval_count":5,"eval_duration":500000000,"thinking_chars":17,"thinking_detected":true,"outcome":"ok"}
{"event":"deep_research_model_call","step":"write","think":true,"attempt":1,"wall_ms":0,"load_duration":0,"prompt_eval_count":0,"prompt_eval_duration":0,"eval_count":5,"eval_duration":500000000,"thinking_chars":17,"thinking_detected":false,"outcome":"ok"}
{"event":"deep_research_model_call","step":"brief","think":false,"attempt":1,"wall_ms":0,"load_duration":0,"prompt_eval_count":0,"prompt_eval_duration":0,"eval_count":5,"eval_duration":500000000,"thinking_chars":16,"thinking_detected":true,"outcome":"ok"}
{"event":"deep_research_model_call","step":"plan","think":true,"attempt":1,"wall_ms":0,"load_duration":0,"prompt_eval_count":0,"prompt_eval_duration":0,"eval_count":5,"eval_duration":500000000,"thinking_chars":16,"thinking_detected":false,"outcome":"ok"}
{"event":"deep_research_model_call","step":"queries","think":false,"attempt":1,"wall_ms":0,"load_duration":0,"prompt_eval_count":0,"prompt_eval_duration":0,"eval_count":5,"eval_duration":500000000,"thinking_chars":16,"thinking_detected":true,"outcome":"ok"}
{"event":"deep_research_model_call","step":"brief","think":false,"attempt":1,"wall_ms":0,"load_duration":0,"prompt_eval_count":0,"prompt_eval_duration":0,"eval_count":5,"eval_duration":500000000,"thinking_chars":16,"thinking_detected":true,"outcome":"ok"}
{"event":"deep_research_model_call","step":"plan","think":true,"attempt":1,"wall_ms":0,"load_duration":0,"prompt_eval_count":0,"prompt_eval_duration":0,"eval_count":5,"eval_duration":500000000,"thinking_chars":16,"thinking_detected":false,"outcome":"ok"}
{"event":"deep_research_model_call","step":"queries","think":false,"attempt":1,"wall_ms":0,"load_duration":0,"prompt_eval_count":0,"prompt_eval_duration":0,"eval_count":5,"eval_duration":500000000,"thinking_chars":16,"thinking_detected":true,"outcome":"ok"}
{"event":"deep_research_model_call","step":"pages","think":false,"attempt":1,"wall_ms":0,"load_duration":0,"prompt_eval_count":0,"prompt_eval_duration":0,"eval_count":5,"eval_duration":500000000,"thinking_chars":16,"thinking_detected":true,"outcome":"ok"}
{"event":"deep_research_model_call","step":"notes","think":false,"attempt":1,"wall_ms":0,"load_duration":0,"prompt_eval_count":0,"prompt_eval_duration":0,"eval_count":5,"eval_duration":500000000,"thinking_chars":16,"thinking_detected":true,"outcome":"ok"}
{"event":"deep_research_model_call","step":"queries","think":false,"attempt":1,"wall_ms":0,"load_duration":0,"prompt_eval_count":0,"prompt_eval_duration":0,"eval_count":5,"eval_duration":500000000,"thinking_chars":16,"thinking_detected":true,"outcome":"ok"}
{"event":"deep_research_model_call","step":"pages","think":false,"attempt":1,"wall_ms":1,"load_duration":0,"prompt_eval_count":0,"prompt_eval_duration":0,"eval_count":5,"eval_duration":500000000,"thinking_chars":16,"thinking_detected":true,"outcome":"ok"}
{"event":"deep_research_model_call","step":"notes","think":false,"attempt":1,"wall_ms":0,"load_duration":0,"prompt_eval_count":0,"prompt_eval_duration":0,"eval_count":5,"eval_duration":500000000,"thinking_chars":16,"thinking_detected":true,"outcome":"ok"}
{"event":"deep_research_model_call","step":"notes","think":false,"attempt":1,"wall_ms":0,"load_duration":0,"prompt_eval_count":0,"prompt_eval_duration":0,"eval_count":5,"eval_duration":500000000,"thinking_chars":16,"thinking_detected":true,"outcome":"ok"}
{"event":"deep_research_model_call","step":"write","think":true,"attempt":1,"wall_ms":0,"load_duration":0,"prompt_eval_count":0,"prompt_eval_duration":0,"eval_count":5,"eval_duration":500000000,"thinking_chars":17,"thinking_detected":false,"outcome":"ok"}
{"event":"deep_research_model_call","step":"brief","think":false,"attempt":1,"wall_ms":0,"load_duration":0,"prompt_eval_count":0,"prompt_eval_duration":0,"eval_count":5,"eval_duration":500000000,"thinking_chars":16,"thinking_detected":true,"outcome":"ok"}
{"event":"deep_research_model_call","step":"plan","think":true,"attempt":1,"wall_ms":0,"load_duration":0,"prompt_eval_count":0,"prompt_eval_duration":0,"eval_count":5,"eval_duration":500000000,"thinking_chars":16,"thinking_detected":false,"outcome":"ok"}
{"event":"deep_research_model_call","step":"queries","think":false,"attempt":1,"wall_ms":0,"load_duration":0,"prompt_eval_count":0,"prompt_eval_duration":0,"eval_count":5,"eval_duration":500000000,"thinking_chars":16,"thinking_detected":true,"outcome":"ok"}
{"event":"deep_research_model_call","step":"pages","think":false,"attempt":1,"wall_ms":0,"load_duration":0,"prompt_eval_count":0,"prompt_eval_duration":0,"eval_count":5,"eval_duration":500000000,"thinking_chars":16,"thinking_detected":true,"outcome":"ok"}
{"event":"deep_research_model_call","step":"notes","think":false,"attempt":1,"wall_ms":0,"load_duration":0,"prompt_eval_count":0,"prompt_eval_duration":0,"eval_count":5,"eval_duration":500000000,"thinking_chars":16,"thinking_detected":true,"outcome":"ok"}
{"event":"deep_research_model_call","step":"queries","think":false,"attempt":1,"wall_ms":0,"load_duration":0,"prompt_eval_count":0,"prompt_eval_duration":0,"eval_count":5,"eval_duration":500000000,"thinking_chars":16,"thinking_detected":true,"outcome":"ok"}
{"event":"deep_research_model_call","step":"pages","think":false,"attempt":1,"wall_ms":0,"load_duration":0,"prompt_eval_count":0,"prompt_eval_duration":0,"eval_count":5,"eval_duration":500000000,"thinking_chars":16,"thinking_detected":true,"outcome":"ok"}
{"event":"deep_research_model_call","step":"notes","think":false,"attempt":1,"wall_ms":0,"load_duration":0,"prompt_eval_count":0,"prompt_eval_duration":0,"eval_count":5,"eval_duration":500000000,"thinking_chars":16,"thinking_detected":true,"outcome":"ok"}
{"event":"deep_research_model_call","step":"write","think":true,"attempt":1,"wall_ms":0,"load_duration":0,"prompt_eval_count":0,"prompt_eval_duration":0,"eval_count":5,"eval_duration":500000000,"thinking_chars":16,"thinking_detected":false,"outcome":"ok"}
{"event":"deep_research_model_call","step":"brief","think":false,"attempt":1,"wall_ms":0,"load_duration":0,"prompt_eval_count":0,"prompt_eval_duration":0,"eval_count":5,"eval_duration":500000000,"thinking_chars":16,"thinking_detected":true,"outcome":"ok"}
{"event":"deep_research_model_call","step":"plan","think":true,"attempt":1,"wall_ms":0,"load_duration":0,"prompt_eval_count":0,"prompt_eval_duration":0,"eval_count":5,"eval_duration":500000000,"thinking_chars":16,"thinking_detected":false,"outcome":"ok"}
{"event":"deep_research_model_call","step":"queries","think":false,"attempt":1,"wall_ms":0,"load_duration":0,"prompt_eval_count":0,"prompt_eval_duration":0,"eval_count":5,"eval_duration":500000000,"thinking_chars":16,"thinking_detected":true,"outcome":"ok"}
{"event":"deep_research_model_call","step":"pages","think":false,"attempt":1,"wall_ms":0,"load_duration":0,"prompt_eval_count":0,"prompt_eval_duration":0,"eval_count":5,"eval_duration":500000000,"thinking_chars":16,"thinking_detected":true,"outcome":"ok"}
{"event":"deep_research_model_call","step":"notes","think":false,"attempt":1,"wall_ms":0,"load_duration":0,"prompt_eval_count":0,"prompt_eval_duration":0,"eval_count":5,"eval_duration":500000000,"thinking_chars":16,"thinking_detected":true,"outcome":"ok"}
{"event":"deep_research_model_call","step":"notes","think":false,"attempt":1,"wall_ms":0,"load_duration":0,"prompt_eval_count":0,"prompt_eval_duration":0,"eval_count":5,"eval_duration":500000000,"thinking_chars":16,"thinking_detected":true,"outcome":"ok"}
{"event":"deep_research_model_call","step":"write","think":true,"attempt":1,"wall_ms":0,"load_duration":0,"prompt_eval_count":0,"prompt_eval_duration":0,"eval_count":5,"eval_duration":500000000,"thinking_chars":16,"thinking_detected":false,"outcome":"ok"}
{"event":"deep_research_model_call","step":"brief","think":false,"attempt":1,"wall_ms":0,"load_duration":0,"prompt_eval_count":0,"prompt_eval_duration":0,"eval_count":5,"eval_duration":500000000,"thinking_chars":16,"thinking_detected":true,"outcome":"ok"}
{"event":"deep_research_model_call","step":"plan","think":true,"attempt":1,"wall_ms":0,"load_duration":0,"prompt_eval_count":0,"prompt_eval_duration":0,"eval_count":5,"eval_duration":500000000,"thinking_chars":16,"thinking_detected":false,"outcome":"ok"}
{"event":"deep_research_model_call","step":"queries","think":false,"attempt":1,"wall_ms":0,"load_duration":0,"prompt_eval_count":0,"prompt_eval_duration":0,"eval_count":5,"eval_duration":500000000,"thinking_chars":16,"thinking_detected":true,"outcome":"ok"}
{"event":"deep_research_model_call","step":"pages","think":false,"attempt":1,"wall_ms":0,"load_duration":0,"prompt_eval_count":0,"prompt_eval_duration":0,"eval_count":5,"eval_duration":500000000,"thinking_chars":16,"thinking_detected":true,"outcome":"ok"}
{"event":"deep_research_model_call","step":"notes","think":false,"attempt":1,"wall_ms":0,"load_duration":0,"prompt_eval_count":0,"prompt_eval_duration":0,"eval_count":5,"eval_duration":500000000,"thinking_chars":16,"thinking_detected":true,"outcome":"ok"}
{"event":"deep_research_model_call","step":"notes","think":false,"attempt":1,"wall_ms":0,"load_duration":0,"prompt_eval_count":0,"prompt_eval_duration":0,"eval_count":5,"eval_duration":500000000,"thinking_chars":16,"thinking_detected":true,"outcome":"ok"}
{"event":"deep_research_model_call","step":"write","think":true,"attempt":1,"wall_ms":0,"load_duration":0,"prompt_eval_count":0,"prompt_eval_duration":0,"eval_count":5,"eval_duration":500000000,"thinking_chars":16,"thinking_detected":false,"outcome":"ok"}
{"event":"deep_research_model_call","step":"brief","think":false,"attempt":1,"wall_ms":0,"load_duration":0,"prompt_eval_count":0,"prompt_eval_duration":0,"eval_count":5,"eval_duration":500000000,"thinking_chars":16,"thinking_detected":true,"outcome":"ok"}
{"event":"deep_research_model_call","step":"plan","think":true,"attempt":1,"wall_ms":0,"load_duration":0,"prompt_eval_count":0,"prompt_eval_duration":0,"eval_count":5,"eval_duration":500000000,"thinking_chars":16,"thinking_detected":false,"outcome":"ok"}
{"event":"deep_research_model_call","step":"queries","think":false,"attempt":1,"wall_ms":0,"load_duration":0,"prompt_eval_count":0,"prompt_eval_duration":0,"eval_count":5,"eval_duration":500000000,"thinking_chars":16,"thinking_detected":true,"outcome":"ok"}
{"event":"deep_research_model_call","step":"pages","think":false,"attempt":1,"wall_ms":0,"load_duration":0,"prompt_eval_count":0,"prompt_eval_duration":0,"eval_count":5,"eval_duration":500000000,"thinking_chars":16,"thinking_detected":true,"outcome":"ok"}
{"event":"deep_research_model_call","step":"notes","think":false,"attempt":1,"wall_ms":0,"load_duration":0,"prompt_eval_count":0,"prompt_eval_duration":0,"eval_count":5,"eval_duration":500000000,"thinking_chars":16,"thinking_detected":true,"outcome":"ok"}
{"event":"deep_research_model_call","step":"notes","think":false,"attempt":1,"wall_ms":0,"load_duration":0,"prompt_eval_count":0,"prompt_eval_duration":0,"eval_count":5,"eval_duration":500000000,"thinking_chars":16,"thinking_detected":true,"outcome":"ok"}
{"event":"deep_research_model_call","step":"write","think":true,"attempt":1,"wall_ms":0,"load_duration":0,"prompt_eval_count":0,"prompt_eval_duration":0,"eval_count":5,"eval_duration":500000000,"thinking_chars":16,"thinking_detected":false,"outcome":"ok"}
{"event":"deep_research_model_call","step":"brief","think":false,"attempt":1,"wall_ms":0,"load_duration":0,"prompt_eval_count":0,"prompt_eval_duration":0,"eval_count":5,"eval_duration":500000000,"thinking_chars":16,"thinking_detected":true,"outcome":"ok"}
{"event":"deep_research_model_call","step":"plan","think":true,"attempt":1,"wall_ms":1,"load_duration":0,"prompt_eval_count":0,"prompt_eval_duration":0,"eval_count":5,"eval_duration":500000000,"thinking_chars":16,"thinking_detected":false,"outcome":"ok"}
{"event":"deep_research_model_call","step":"queries","think":false,"attempt":1,"wall_ms":0,"load_duration":0,"prompt_eval_count":0,"prompt_eval_duration":0,"eval_count":5,"eval_duration":500000000,"thinking_chars":16,"thinking_detected":true,"outcome":"ok"}
{"event":"deep_research_model_call","step":"pages","think":false,"attempt":1,"wall_ms":0,"load_duration":0,"prompt_eval_count":0,"prompt_eval_duration":0,"eval_count":5,"eval_duration":500000000,"thinking_chars":16,"thinking_detected":true,"outcome":"ok"}
{"event":"deep_research_model_call","step":"notes","think":false,"attempt":1,"wall_ms":0,"load_duration":0,"prompt_eval_count":0,"prompt_eval_duration":0,"eval_count":5,"eval_duration":500000000,"thinking_chars":16,"thinking_detected":true,"outcome":"ok"}
{"event":"deep_research_model_call","step":"notes","think":false,"attempt":1,"wall_ms":0,"load_duration":0,"prompt_eval_count":0,"prompt_eval_duration":0,"eval_count":5,"eval_duration":500000000,"thinking_chars":16,"thinking_detected":true,"outcome":"ok"}
{"event":"deep_research_model_call","step":"write","think":true,"attempt":1,"wall_ms":0,"load_duration":0,"prompt_eval_count":0,"prompt_eval_duration":0,"eval_count":5,"eval_duration":500000000,"thinking_chars":16,"thinking_detected":false,"outcome":"ok"}
{"event":"deep_research_model_call","step":"brief","think":false,"attempt":1,"wall_ms":0,"load_duration":0,"prompt_eval_count":0,"prompt_eval_duration":0,"eval_count":5,"eval_duration":500000000,"thinking_chars":16,"thinking_detected":true,"outcome":"ok"}
{"event":"deep_research_model_call","step":"plan","think":true,"attempt":1,"wall_ms":0,"load_duration":0,"prompt_eval_count":0,"prompt_eval_duration":0,"eval_count":5,"eval_duration":500000000,"thinking_chars":16,"thinking_detected":false,"outcome":"ok"}
{"event":"deep_research_model_call","step":"queries","think":false,"attempt":1,"wall_ms":0,"load_duration":0,"prompt_eval_count":0,"prompt_eval_duration":0,"eval_count":5,"eval_duration":500000000,"thinking_chars":16,"thinking_detected":true,"outcome":"ok"}
{"event":"deep_research_model_call","step":"pages","think":false,"attempt":1,"wall_ms":0,"load_duration":0,"prompt_eval_count":0,"prompt_eval_duration":0,"eval_count":5,"eval_duration":500000000,"thinking_chars":16,"thinking_detected":true,"outcome":"ok"}
{"event":"deep_research_model_call","step":"notes","think":false,"attempt":1,"wall_ms":0,"load_duration":0,"prompt_eval_count":0,"prompt_eval_duration":0,"eval_count":5,"eval_duration":500000000,"thinking_chars":16,"thinking_detected":true,"outcome":"ok"}
{"event":"deep_research_model_call","step":"queries","think":false,"attempt":1,"wall_ms":0,"load_duration":0,"prompt_eval_count":0,"prompt_eval_duration":0,"eval_count":5,"eval_duration":500000000,"thinking_chars":16,"thinking_detected":true,"outcome":"ok"}
{"event":"deep_research_model_call","step":"pages","think":false,"attempt":1,"wall_ms":0,"load_duration":0,"prompt_eval_count":0,"prompt_eval_duration":0,"eval_count":5,"eval_duration":500000000,"thinking_chars":16,"thinking_detected":true,"outcome":"ok"}
{"event":"deep_research_model_call","step":"notes","think":false,"attempt":1,"wall_ms":0,"load_duration":0,"prompt_eval_count":0,"prompt_eval_duration":0,"eval_count":5,"eval_duration":500000000,"thinking_chars":16,"thinking_detected":true,"outcome":"ok"}
{"event":"deep_research_model_call","step":"notes","think":false,"attempt":1,"wall_ms":0,"load_duration":0,"prompt_eval_count":0,"prompt_eval_duration":0,"eval_count":5,"eval_duration":500000000,"thinking_chars":16,"thinking_detected":true,"outcome":"ok"}
{"event":"deep_research_model_call","step":"notes","think":false,"attempt":1,"wall_ms":0,"load_duration":0,"prompt_eval_count":0,"prompt_eval_duration":0,"eval_count":5,"eval_duration":500000000,"thinking_chars":17,"thinking_detected":true,"outcome":"ok"}
{"event":"deep_research_model_call","step":"write","think":true,"attempt":1,"wall_ms":0,"load_duration":0,"prompt_eval_count":0,"prompt_eval_duration":0,"eval_count":5,"eval_duration":500000000,"thinking_chars":17,"thinking_detected":false,"outcome":"ok"}
{"event":"deep_research_model_call","step":"brief","think":false,"attempt":1,"wall_ms":0,"load_duration":0,"prompt_eval_count":0,"prompt_eval_duration":0,"eval_count":5,"eval_duration":500000000,"thinking_chars":16,"thinking_detected":true,"outcome":"ok"}
{"event":"deep_research_model_call","step":"plan","think":true,"attempt":1,"wall_ms":0,"load_duration":0,"prompt_eval_count":0,"prompt_eval_duration":0,"eval_count":5,"eval_duration":500000000,"thinking_chars":16,"thinking_detected":false,"outcome":"ok"}
{"event":"deep_research_model_call","step":"queries","think":false,"attempt":1,"wall_ms":0,"load_duration":0,"prompt_eval_count":0,"prompt_eval_duration":0,"eval_count":5,"eval_duration":500000000,"thinking_chars":16,"thinking_detected":true,"outcome":"ok"}
{"event":"deep_research_model_call","step":"pages","think":false,"attempt":1,"wall_ms":0,"load_duration":0,"prompt_eval_count":0,"prompt_eval_duration":0,"eval_count":5,"eval_duration":500000000,"thinking_chars":16,"thinking_detected":true,"outcome":"ok"}
{"event":"deep_research_model_call","step":"notes","think":false,"attempt":1,"wall_ms":0,"load_duration":0,"prompt_eval_count":0,"prompt_eval_duration":0,"eval_count":5,"eval_duration":500000000,"thinking_chars":16,"thinking_detected":true,"outcome":"ok"}
{"event":"deep_research_model_call","step":"queries","think":false,"attempt":1,"wall_ms":0,"load_duration":0,"prompt_eval_count":0,"prompt_eval_duration":0,"eval_count":5,"eval_duration":500000000,"thinking_chars":16,"thinking_detected":true,"outcome":"ok"}
{"event":"deep_research_model_call","step":"write","think":true,"attempt":1,"wall_ms":1,"load_duration":0,"prompt_eval_count":0,"prompt_eval_duration":0,"eval_count":5,"eval_duration":500000000,"thinking_chars":16,"thinking_detected":false,"outcome":"ok"}
{"event":"deep_research_model_call","step":"brief","think":false,"attempt":1,"wall_ms":1,"load_duration":0,"prompt_eval_count":0,"prompt_eval_duration":0,"eval_count":5,"eval_duration":500000000,"thinking_chars":16,"thinking_detected":true,"outcome":"ok"}
{"event":"deep_research_model_call","step":"plan","think":true,"attempt":1,"wall_ms":0,"load_duration":0,"prompt_eval_count":0,"prompt_eval_duration":0,"eval_count":5,"eval_duration":500000000,"thinking_chars":16,"thinking_detected":false,"outcome":"ok"}
{"event":"deep_research_model_call","step":"queries","think":false,"attempt":1,"wall_ms":0,"load_duration":0,"prompt_eval_count":0,"prompt_eval_duration":0,"eval_count":5,"eval_duration":500000000,"thinking_chars":16,"thinking_detected":true,"outcome":"ok"}
{"event":"deep_research_model_call","step":"queries","think":false,"attempt":1,"wall_ms":0,"load_duration":0,"prompt_eval_count":0,"prompt_eval_duration":0,"eval_count":5,"eval_duration":500000000,"thinking_chars":16,"thinking_detected":true,"outcome":"ok"}
{"event":"deep_research_model_call","step":"gap","think":false,"attempt":1,"wall_ms":0,"load_duration":0,"prompt_eval_count":0,"prompt_eval_duration":0,"eval_count":5,"eval_duration":500000000,"thinking_chars":16,"thinking_detected":true,"outcome":"ok"}
{"event":"deep_research_model_call","step":"gap","think":false,"attempt":1,"wall_ms":0,"load_duration":0,"prompt_eval_count":0,"prompt_eval_duration":0,"eval_count":5,"eval_duration":500000000,"thinking_chars":16,"thinking_detected":true,"outcome":"ok"}
{"event":"deep_research_model_call","step":"brief","think":false,"attempt":1,"wall_ms":0,"load_duration":0,"prompt_eval_count":0,"prompt_eval_duration":0,"eval_count":5,"eval_duration":500000000,"thinking_chars":16,"thinking_detected":true,"outcome":"ok"}
{"event":"deep_research_model_call","step":"plan","think":true,"attempt":1,"wall_ms":0,"load_duration":0,"prompt_eval_count":0,"prompt_eval_duration":0,"eval_count":5,"eval_duration":500000000,"thinking_chars":16,"thinking_detected":false,"outcome":"ok"}
{"event":"deep_research_model_call","step":"queries","think":false,"attempt":1,"wall_ms":0,"load_duration":0,"prompt_eval_count":0,"prompt_eval_duration":0,"eval_count":5,"eval_duration":500000000,"thinking_chars":16,"thinking_detected":true,"outcome":"ok"}
{"event":"deep_research_model_call","step":"queries","think":false,"attempt":1,"wall_ms":0,"load_duration":0,"prompt_eval_count":0,"prompt_eval_duration":0,"eval_count":5,"eval_duration":500000000,"thinking_chars":16,"thinking_detected":true,"outcome":"ok"}
{"event":"deep_research_model_call","step":"gap","think":false,"attempt":1,"wall_ms":0,"load_duration":0,"prompt_eval_count":0,"prompt_eval_duration":0,"eval_count":5,"eval_duration":500000000,"thinking_chars":16,"thinking_detected":true,"outcome":"ok"}
{"event":"deep_research_model_call","step":"gap","think":false,"attempt":1,"wall_ms":0,"load_duration":0,"prompt_eval_count":0,"prompt_eval_duration":0,"eval_count":5,"eval_duration":500000000,"thinking_chars":16,"thinking_detected":true,"outcome":"ok"}
{"event":"deep_research_model_call","step":"brief","think":false,"attempt":1,"wall_ms":0,"load_duration":0,"prompt_eval_count":0,"prompt_eval_duration":0,"eval_count":5,"eval_duration":500000000,"thinking_chars":16,"thinking_detected":true,"outcome":"ok"}
{"event":"deep_research_model_call","step":"plan","think":true,"attempt":1,"wall_ms":0,"load_duration":0,"prompt_eval_count":0,"prompt_eval_duration":0,"eval_count":5,"eval_duration":500000000,"thinking_chars":16,"thinking_detected":false,"outcome":"ok"}
{"event":"deep_research_model_call","step":"queries","think":false,"attempt":1,"wall_ms":0,"load_duration":0,"prompt_eval_count":0,"prompt_eval_duration":0,"eval_count":5,"eval_duration":500000000,"thinking_chars":16,"thinking_detected":true,"outcome":"ok"}
{"event":"deep_research_model_call","step":"brief","think":false,"attempt":1,"wall_ms":0,"load_duration":0,"prompt_eval_count":0,"prompt_eval_duration":0,"eval_count":5,"eval_duration":500000000,"thinking_chars":16,"thinking_detected":true,"outcome":"ok"}
{"event":"deep_research_model_call","step":"plan","think":true,"attempt":1,"wall_ms":0,"load_duration":0,"prompt_eval_count":0,"prompt_eval_duration":0,"eval_count":5,"eval_duration":500000000,"thinking_chars":16,"thinking_detected":false,"outcome":"ok"}
{"event":"deep_research_model_call","step":"queries","think":false,"attempt":1,"wall_ms":0,"load_duration":0,"prompt_eval_count":0,"prompt_eval_duration":0,"eval_count":5,"eval_duration":500000000,"thinking_chars":16,"thinking_detected":true,"outcome":"ok"}
{"event":"deep_research_model_call","step":"brief","think":false,"attempt":1,"wall_ms":0,"load_duration":0,"prompt_eval_count":0,"prompt_eval_duration":0,"eval_count":5,"eval_duration":500000000,"thinking_chars":16,"thinking_detected":true,"outcome":"ok"}
{"event":"deep_research_model_call","step":"plan","think":true,"attempt":1,"wall_ms":0,"load_duration":0,"prompt_eval_count":0,"prompt_eval_duration":0,"eval_count":5,"eval_duration":500000000,"thinking_chars":16,"thinking_detected":false,"outcome":"ok"}
{"event":"deep_research_model_call","step":"queries","think":false,"attempt":1,"wall_ms":1,"load_duration":0,"prompt_eval_count":0,"prompt_eval_duration":0,"eval_count":5,"eval_duration":500000000,"thinking_chars":16,"thinking_detected":true,"outcome":"ok"}
{"event":"deep_research_model_call","step":"pages","think":false,"attempt":1,"wall_ms":0,"load_duration":0,"prompt_eval_count":0,"prompt_eval_duration":0,"eval_count":5,"eval_duration":500000000,"thinking_chars":16,"thinking_detected":true,"outcome":"ok"}
{"event":"deep_research_model_call","step":"notes","think":false,"attempt":1,"wall_ms":0,"load_duration":0,"prompt_eval_count":0,"prompt_eval_duration":0,"eval_count":5,"eval_duration":500000000,"thinking_chars":16,"thinking_detected":true,"outcome":"ok"}
{"event":"deep_research_model_call","step":"queries","think":false,"attempt":1,"wall_ms":0,"load_duration":0,"prompt_eval_count":0,"prompt_eval_duration":0,"eval_count":5,"eval_duration":500000000,"thinking_chars":16,"thinking_detected":true,"outcome":"ok"}
{"event":"deep_research_model_call","step":"pages","think":false,"attempt":1,"wall_ms":0,"load_duration":0,"prompt_eval_count":0,"prompt_eval_duration":0,"eval_count":5,"eval_duration":500000000,"thinking_chars":16,"thinking_detected":true,"outcome":"ok"}
{"event":"deep_research_model_call","step":"write","think":true,"attempt":1,"wall_ms":1,"load_duration":0,"prompt_eval_count":0,"prompt_eval_duration":0,"eval_count":5,"eval_duration":500000000,"thinking_chars":16,"thinking_detected":false,"outcome":"ok"}
{"event":"deep_research_model_call","step":"brief","think":false,"attempt":1,"wall_ms":0,"load_duration":0,"prompt_eval_count":0,"prompt_eval_duration":0,"eval_count":5,"eval_duration":500000000,"thinking_chars":16,"thinking_detected":true,"outcome":"ok"}
{"event":"deep_research_model_call","step":"plan","think":true,"attempt":1,"wall_ms":0,"load_duration":0,"prompt_eval_count":0,"prompt_eval_duration":0,"eval_count":5,"eval_duration":500000000,"thinking_chars":16,"thinking_detected":false,"outcome":"ok"}
{"event":"deep_research_model_call","step":"queries","think":false,"attempt":1,"wall_ms":601,"load_duration":null,"prompt_eval_count":null,"prompt_eval_duration":null,"eval_count":null,"eval_duration":null,"thinking_chars":0,"thinking_detected":false,"outcome":"aborted"}
{"event":"deep_research_model_call","step":"write","think":true,"attempt":1,"wall_ms":0,"load_duration":0,"prompt_eval_count":0,"prompt_eval_duration":0,"eval_count":5,"eval_duration":500000000,"thinking_chars":16,"thinking_detected":false,"outcome":"ok"}
{"event":"deep_research_model_call","step":"brief","think":false,"attempt":1,"wall_ms":0,"load_duration":0,"prompt_eval_count":0,"prompt_eval_duration":0,"eval_count":5,"eval_duration":500000000,"thinking_chars":16,"thinking_detected":true,"outcome":"ok"}
{"event":"deep_research_model_call","step":"plan","think":true,"attempt":1,"wall_ms":0,"load_duration":0,"prompt_eval_count":0,"prompt_eval_duration":0,"eval_count":5,"eval_duration":500000000,"thinking_chars":16,"thinking_detected":false,"outcome":"ok"}
{"event":"deep_research_model_call","step":"queries","think":false,"attempt":1,"wall_ms":0,"load_duration":0,"prompt_eval_count":0,"prompt_eval_duration":0,"eval_count":5,"eval_duration":500000000,"thinking_chars":16,"thinking_detected":true,"outcome":"ok"}
{"event":"deep_research_model_call","step":"pages","think":false,"attempt":1,"wall_ms":0,"load_duration":0,"prompt_eval_count":0,"prompt_eval_duration":0,"eval_count":5,"eval_duration":500000000,"thinking_chars":16,"thinking_detected":true,"outcome":"ok"}
{"event":"deep_research_model_call","step":"notes","think":false,"attempt":1,"wall_ms":0,"load_duration":0,"prompt_eval_count":0,"prompt_eval_duration":0,"eval_count":5,"eval_duration":500000000,"thinking_chars":16,"thinking_detected":true,"outcome":"ok"}
{"event":"deep_research_model_call","step":"queries","think":false,"attempt":1,"wall_ms":0,"load_duration":0,"prompt_eval_count":0,"prompt_eval_duration":0,"eval_count":5,"eval_duration":500000000,"thinking_chars":16,"thinking_detected":true,"outcome":"ok"}
{"event":"deep_research_model_call","step":"pages","think":false,"attempt":1,"wall_ms":0,"load_duration":0,"prompt_eval_count":0,"prompt_eval_duration":0,"eval_count":5,"eval_duration":500000000,"thinking_chars":16,"thinking_detected":true,"outcome":"ok"}
{"event":"deep_research_model_call","step":"notes","think":false,"attempt":1,"wall_ms":1,"load_duration":0,"prompt_eval_count":0,"prompt_eval_duration":0,"eval_count":5,"eval_duration":500000000,"thinking_chars":16,"thinking_detected":true,"outcome":"ok"}
{"event":"deep_research_model_call","step":"notes","think":false,"attempt":1,"wall_ms":0,"load_duration":0,"prompt_eval_count":0,"prompt_eval_duration":0,"eval_count":5,"eval_duration":500000000,"thinking_chars":16,"thinking_detected":true,"outcome":"ok"}
{"event":"deep_research_model_call","step":"notes","think":false,"attempt":1,"wall_ms":0,"load_duration":0,"prompt_eval_count":0,"prompt_eval_duration":0,"eval_count":5,"eval_duration":500000000,"thinking_chars":17,"thinking_detected":true,"outcome":"ok"}
{"event":"deep_research_model_call","step":"write","think":true,"attempt":1,"wall_ms":701,"load_duration":null,"prompt_eval_count":null,"prompt_eval_duration":null,"eval_count":null,"eval_duration":null,"thinking_chars":0,"thinking_detected":false,"outcome":"aborted"}
{"event":"deep_research_model_call","step":"brief","think":false,"attempt":1,"wall_ms":0,"load_duration":0,"prompt_eval_count":0,"prompt_eval_duration":0,"eval_count":5,"eval_duration":500000000,"thinking_chars":16,"thinking_detected":true,"outcome":"ok"}
{"event":"deep_research_model_call","step":"plan","think":true,"attempt":1,"wall_ms":1,"load_duration":0,"prompt_eval_count":0,"prompt_eval_duration":0,"eval_count":5,"eval_duration":500000000,"thinking_chars":16,"thinking_detected":false,"outcome":"ok"}
{"event":"deep_research_model_call","step":"queries","think":false,"attempt":1,"wall_ms":0,"load_duration":0,"prompt_eval_count":0,"prompt_eval_duration":0,"eval_count":5,"eval_duration":500000000,"thinking_chars":16,"thinking_detected":true,"outcome":"ok"}
{"event":"deep_research_model_call","step":"pages","think":false,"attempt":1,"wall_ms":0,"load_duration":0,"prompt_eval_count":0,"prompt_eval_duration":0,"eval_count":5,"eval_duration":500000000,"thinking_chars":16,"thinking_detected":true,"outcome":"ok"}
{"event":"deep_research_model_call","step":"queries","think":false,"attempt":1,"wall_ms":1,"load_duration":0,"prompt_eval_count":0,"prompt_eval_duration":0,"eval_count":5,"eval_duration":500000000,"thinking_chars":16,"thinking_detected":true,"outcome":"ok"}
{"event":"deep_research_model_call","step":"pages","think":false,"attempt":1,"wall_ms":0,"load_duration":0,"prompt_eval_count":0,"prompt_eval_duration":0,"eval_count":5,"eval_duration":500000000,"thinking_chars":16,"thinking_detected":true,"outcome":"ok"}
{"event":"deep_research_model_call","step":"brief","think":false,"attempt":1,"wall_ms":0,"load_duration":0,"prompt_eval_count":0,"prompt_eval_duration":0,"eval_count":5,"eval_duration":500000000,"thinking_chars":16,"thinking_detected":true,"outcome":"ok"}
{"event":"deep_research_model_call","step":"plan","think":true,"attempt":1,"wall_ms":0,"load_duration":0,"prompt_eval_count":0,"prompt_eval_duration":0,"eval_count":5,"eval_duration":500000000,"thinking_chars":16,"thinking_detected":false,"outcome":"ok"}
{"event":"deep_research_model_call","step":"queries","think":false,"attempt":1,"wall_ms":1,"load_duration":0,"prompt_eval_count":0,"prompt_eval_duration":0,"eval_count":5,"eval_duration":500000000,"thinking_chars":16,"thinking_detected":true,"outcome":"ok"}
{"event":"deep_research_model_call","step":"pages","think":false,"attempt":1,"wall_ms":0,"load_duration":0,"prompt_eval_count":0,"prompt_eval_duration":0,"eval_count":5,"eval_duration":500000000,"thinking_chars":16,"thinking_detected":true,"outcome":"ok"}
{"event":"deep_research_model_call","step":"notes","think":false,"attempt":1,"wall_ms":0,"load_duration":0,"prompt_eval_count":0,"prompt_eval_duration":0,"eval_count":5,"eval_duration":500000000,"thinking_chars":16,"thinking_detected":true,"outcome":"ok"}
{"event":"deep_research_model_call","step":"queries","think":false,"attempt":1,"wall_ms":1,"load_duration":0,"prompt_eval_count":0,"prompt_eval_duration":0,"eval_count":5,"eval_duration":500000000,"thinking_chars":16,"thinking_detected":true,"outcome":"ok"}
{"event":"deep_research_model_call","step":"pages","think":false,"attempt":1,"wall_ms":0,"load_duration":0,"prompt_eval_count":0,"prompt_eval_duration":0,"eval_count":5,"eval_duration":500000000,"thinking_chars":16,"thinking_detected":true,"outcome":"ok"}
{"event":"deep_research_model_call","step":"notes","think":false,"attempt":1,"wall_ms":0,"load_duration":0,"prompt_eval_count":0,"prompt_eval_duration":0,"eval_count":5,"eval_duration":500000000,"thinking_chars":16,"thinking_detected":true,"outcome":"ok"}
{"event":"deep_research_model_call","step":"notes","think":false,"attempt":1,"wall_ms":0,"load_duration":0,"prompt_eval_count":0,"prompt_eval_duration":0,"eval_count":5,"eval_duration":500000000,"thinking_chars":16,"thinking_detected":true,"outcome":"ok"}
{"event":"deep_research_model_call","step":"notes","think":false,"attempt":1,"wall_ms":1,"load_duration":0,"prompt_eval_count":0,"prompt_eval_duration":0,"eval_count":5,"eval_duration":500000000,"thinking_chars":17,"thinking_detected":true,"outcome":"ok"}
{"event":"deep_research_model_call","step":"brief","think":false,"attempt":1,"wall_ms":0,"load_duration":0,"prompt_eval_count":0,"prompt_eval_duration":0,"eval_count":5,"eval_duration":500000000,"thinking_chars":16,"thinking_detected":true,"outcome":"ok"}
{"event":"deep_research_model_call","step":"plan","think":true,"attempt":1,"wall_ms":0,"load_duration":0,"prompt_eval_count":0,"prompt_eval_duration":0,"eval_count":5,"eval_duration":500000000,"thinking_chars":16,"thinking_detected":false,"outcome":"ok"}
{"event":"deep_research_model_call","step":"queries","think":false,"attempt":1,"wall_ms":1,"load_duration":0,"prompt_eval_count":0,"prompt_eval_duration":0,"eval_count":5,"eval_duration":500000000,"thinking_chars":16,"thinking_detected":true,"outcome":"ok"}
{"event":"deep_research_model_call","step":"brief","think":false,"attempt":1,"wall_ms":1,"load_duration":0,"prompt_eval_count":0,"prompt_eval_duration":0,"eval_count":5,"eval_duration":500000000,"thinking_chars":16,"thinking_detected":true,"outcome":"ok"}
{"event":"deep_research_model_call","step":"plan","think":true,"attempt":1,"wall_ms":0,"load_duration":0,"prompt_eval_count":0,"prompt_eval_duration":0,"eval_count":5,"eval_duration":500000000,"thinking_chars":16,"thinking_detected":false,"outcome":"ok"}
{"event":"deep_research_model_call","step":"queries","think":false,"attempt":1,"wall_ms":0,"load_duration":0,"prompt_eval_count":0,"prompt_eval_duration":0,"eval_count":5,"eval_duration":500000000,"thinking_chars":16,"thinking_detected":true,"outcome":"ok"}
{"event":"deep_research_model_call","step":"pages","think":false,"attempt":1,"wall_ms":0,"load_duration":0,"prompt_eval_count":0,"prompt_eval_duration":0,"eval_count":5,"eval_duration":500000000,"thinking_chars":16,"thinking_detected":true,"outcome":"ok"}
{"event":"deep_research_model_call","step":"notes","think":false,"attempt":1,"wall_ms":0,"load_duration":0,"prompt_eval_count":0,"prompt_eval_duration":0,"eval_count":5,"eval_duration":500000000,"thinking_chars":16,"thinking_detected":true,"outcome":"ok"}
{"event":"deep_research_model_call","step":"queries","think":false,"attempt":1,"wall_ms":0,"load_duration":0,"prompt_eval_count":0,"prompt_eval_duration":0,"eval_count":5,"eval_duration":500000000,"thinking_chars":16,"thinking_detected":true,"outcome":"ok"}
{"event":"deep_research_model_call","step":"write","think":true,"attempt":1,"wall_ms":0,"load_duration":0,"prompt_eval_count":0,"prompt_eval_duration":0,"eval_count":5,"eval_duration":500000000,"thinking_chars":16,"thinking_detected":false,"outcome":"ok"}
{"event":"deep_research_model_call","step":"brief","think":false,"attempt":1,"wall_ms":0,"load_duration":0,"prompt_eval_count":0,"prompt_eval_duration":0,"eval_count":5,"eval_duration":500000000,"thinking_chars":16,"thinking_detected":true,"outcome":"ok"}
{"event":"deep_research_model_call","step":"plan","think":true,"attempt":1,"wall_ms":0,"load_duration":0,"prompt_eval_count":0,"prompt_eval_duration":0,"eval_count":5,"eval_duration":500000000,"thinking_chars":16,"thinking_detected":false,"outcome":"ok"}
{"event":"deep_research_model_call","step":"queries","think":false,"attempt":1,"wall_ms":0,"load_duration":0,"prompt_eval_count":0,"prompt_eval_duration":0,"eval_count":5,"eval_duration":500000000,"thinking_chars":16,"thinking_detected":true,"outcome":"ok"}
{"event":"deep_research_model_call","step":"pages","think":false,"attempt":1,"wall_ms":0,"load_duration":0,"prompt_eval_count":0,"prompt_eval_duration":0,"eval_count":5,"eval_duration":500000000,"thinking_chars":16,"thinking_detected":true,"outcome":"ok"}
{"event":"deep_research_model_call","step":"notes","think":false,"attempt":1,"wall_ms":0,"load_duration":0,"prompt_eval_count":0,"prompt_eval_duration":0,"eval_count":5,"eval_duration":500000000,"thinking_chars":16,"thinking_detected":true,"outcome":"ok"}
{"event":"deep_research_model_call","step":"queries","think":false,"attempt":1,"wall_ms":0,"load_duration":0,"prompt_eval_count":0,"prompt_eval_duration":0,"eval_count":5,"eval_duration":500000000,"thinking_chars":16,"thinking_detected":true,"outcome":"ok"}
{"event":"deep_research_model_call","step":"write","think":true,"attempt":1,"wall_ms":0,"load_duration":0,"prompt_eval_count":0,"prompt_eval_duration":0,"eval_count":5,"eval_duration":500000000,"thinking_chars":16,"thinking_detected":false,"outcome":"ok"}
{"event":"deep_research_model_call","step":"brief","think":false,"attempt":1,"wall_ms":1,"load_duration":0,"prompt_eval_count":0,"prompt_eval_duration":0,"eval_count":5,"eval_duration":500000000,"thinking_chars":16,"thinking_detected":true,"outcome":"ok"}
{"event":"deep_research_model_call","step":"plan","think":true,"attempt":1,"wall_ms":0,"load_duration":0,"prompt_eval_count":0,"prompt_eval_duration":0,"eval_count":5,"eval_duration":500000000,"thinking_chars":16,"thinking_detected":false,"outcome":"ok"}
{"event":"deep_research_model_call","step":"queries","think":false,"attempt":1,"wall_ms":0,"load_duration":0,"prompt_eval_count":0,"prompt_eval_duration":0,"eval_count":5,"eval_duration":500000000,"thinking_chars":16,"thinking_detected":true,"outcome":"ok"}
{"event":"deep_research_model_call","step":"pages","think":false,"attempt":1,"wall_ms":0,"load_duration":0,"prompt_eval_count":0,"prompt_eval_duration":0,"eval_count":5,"eval_duration":500000000,"thinking_chars":16,"thinking_detected":true,"outcome":"ok"}
{"event":"deep_research_model_call","step":"notes","think":false,"attempt":1,"wall_ms":1,"load_duration":0,"prompt_eval_count":0,"prompt_eval_duration":0,"eval_count":5,"eval_duration":500000000,"thinking_chars":16,"thinking_detected":true,"outcome":"ok"}
{"event":"deep_research_model_call","step":"queries","think":false,"attempt":1,"wall_ms":0,"load_duration":0,"prompt_eval_count":0,"prompt_eval_duration":0,"eval_count":5,"eval_duration":500000000,"thinking_chars":16,"thinking_detected":true,"outcome":"ok"}
{"event":"deep_research_model_call","step":"pages","think":false,"attempt":1,"wall_ms":0,"load_duration":0,"prompt_eval_count":0,"prompt_eval_duration":0,"eval_count":5,"eval_duration":500000000,"thinking_chars":16,"thinking_detected":true,"outcome":"ok"}
{"event":"deep_research_model_call","step":"notes","think":false,"attempt":1,"wall_ms":0,"load_duration":0,"prompt_eval_count":0,"prompt_eval_duration":0,"eval_count":5,"eval_duration":500000000,"thinking_chars":16,"thinking_detected":true,"outcome":"ok"}
{"event":"deep_research_model_call","step":"write","think":true,"attempt":1,"wall_ms":0,"load_duration":0,"prompt_eval_count":0,"prompt_eval_duration":0,"eval_count":5,"eval_duration":500000000,"thinking_chars":16,"thinking_detected":false,"outcome":"ok"}
{"event":"deep_research_model_call","step":"brief","think":false,"attempt":1,"wall_ms":1,"load_duration":0,"prompt_eval_count":0,"prompt_eval_duration":0,"eval_count":5,"eval_duration":500000000,"thinking_chars":16,"thinking_detected":true,"outcome":"ok"}
{"event":"deep_research_model_call","step":"plan","think":true,"attempt":1,"wall_ms":0,"load_duration":0,"prompt_eval_count":0,"prompt_eval_duration":0,"eval_count":5,"eval_duration":500000000,"thinking_chars":16,"thinking_detected":false,"outcome":"ok"}
{"event":"deep_research_model_call","step":"queries","think":false,"attempt":1,"wall_ms":0,"load_duration":0,"prompt_eval_count":0,"prompt_eval_duration":0,"eval_count":5,"eval_duration":500000000,"thinking_chars":16,"thinking_detected":true,"outcome":"ok"}
{"event":"deep_research_model_call","step":"pages","think":false,"attempt":1,"wall_ms":0,"load_duration":0,"prompt_eval_count":0,"prompt_eval_duration":0,"eval_count":5,"eval_duration":500000000,"thinking_chars":16,"thinking_detected":true,"outcome":"ok"}
{"event":"deep_research_model_call","step":"notes","think":false,"attempt":1,"wall_ms":1,"load_duration":0,"prompt_eval_count":0,"prompt_eval_duration":0,"eval_count":5,"eval_duration":500000000,"thinking_chars":16,"thinking_detected":true,"outcome":"ok"}
{"event":"deep_research_model_call","step":"queries","think":false,"attempt":1,"wall_ms":0,"load_duration":0,"prompt_eval_count":0,"prompt_eval_duration":0,"eval_count":5,"eval_duration":500000000,"thinking_chars":16,"thinking_detected":true,"outcome":"ok"}
{"event":"deep_research_model_call","step":"write","think":true,"attempt":1,"wall_ms":200,"load_duration":null,"prompt_eval_count":null,"prompt_eval_duration":null,"eval_count":null,"eval_duration":null,"thinking_chars":0,"thinking_detected":false,"outcome":"aborted"}
{"event":"deep_research_model_call","step":"brief","think":false,"attempt":1,"wall_ms":0,"load_duration":0,"prompt_eval_count":0,"prompt_eval_duration":0,"eval_count":5,"eval_duration":500000000,"thinking_chars":16,"thinking_detected":true,"outcome":"ok"}
{"event":"deep_research_model_call","step":"plan","think":true,"attempt":1,"wall_ms":0,"load_duration":0,"prompt_eval_count":0,"prompt_eval_duration":0,"eval_count":5,"eval_duration":500000000,"thinking_chars":16,"thinking_detected":false,"outcome":"ok"}
{"event":"deep_research_model_call","step":"queries","think":false,"attempt":1,"wall_ms":0,"load_duration":0,"prompt_eval_count":0,"prompt_eval_duration":0,"eval_count":5,"eval_duration":500000000,"thinking_chars":16,"thinking_detected":true,"outcome":"ok"}
{"event":"deep_research_model_call","step":"pages","think":false,"attempt":1,"wall_ms":0,"load_duration":0,"prompt_eval_count":0,"prompt_eval_duration":0,"eval_count":5,"eval_duration":500000000,"thinking_chars":16,"thinking_detected":true,"outcome":"ok"}
{"event":"deep_research_model_call","step":"notes","think":false,"attempt":1,"wall_ms":0,"load_duration":0,"prompt_eval_count":0,"prompt_eval_duration":0,"eval_count":5,"eval_duration":500000000,"thinking_chars":16,"thinking_detected":true,"outcome":"ok"}
{"event":"deep_research_model_call","step":"queries","think":false,"attempt":1,"wall_ms":0,"load_duration":0,"prompt_eval_count":0,"prompt_eval_duration":0,"eval_count":5,"eval_duration":500000000,"thinking_chars":16,"thinking_detected":true,"outcome":"ok"}
{"event":"deep_research_model_call","step":"pages","think":false,"attempt":1,"wall_ms":1,"load_duration":0,"prompt_eval_count":0,"prompt_eval_duration":0,"eval_count":5,"eval_duration":500000000,"thinking_chars":16,"thinking_detected":true,"outcome":"ok"}
{"event":"deep_research_model_call","step":"notes","think":false,"attempt":1,"wall_ms":0,"load_duration":0,"prompt_eval_count":0,"prompt_eval_duration":0,"eval_count":5,"eval_duration":500000000,"thinking_chars":16,"thinking_detected":true,"outcome":"ok"}
{"event":"deep_research_model_call","step":"notes","think":false,"attempt":1,"wall_ms":0,"load_duration":0,"prompt_eval_count":0,"prompt_eval_duration":0,"eval_count":5,"eval_duration":500000000,"thinking_chars":16,"thinking_detected":true,"outcome":"ok"}
{"event":"deep_research_model_call","step":"notes","think":false,"attempt":1,"wall_ms":1,"load_duration":0,"prompt_eval_count":0,"prompt_eval_duration":0,"eval_count":5,"eval_duration":500000000,"thinking_chars":17,"thinking_detected":true,"outcome":"ok"}
{"event":"deep_research_model_call","step":"write","think":true,"attempt":1,"wall_ms":200,"load_duration":null,"prompt_eval_count":null,"prompt_eval_duration":null,"eval_count":null,"eval_duration":null,"thinking_chars":0,"thinking_detected":false,"outcome":"aborted"}
{"event":"deep_research_model_call","step":"brief","think":false,"attempt":1,"wall_ms":0,"load_duration":0,"prompt_eval_count":0,"prompt_eval_duration":0,"eval_count":5,"eval_duration":500000000,"thinking_chars":16,"thinking_detected":true,"outcome":"ok"}
{"event":"deep_research_model_call","step":"plan","think":true,"attempt":1,"wall_ms":0,"load_duration":0,"prompt_eval_count":0,"prompt_eval_duration":0,"eval_count":5,"eval_duration":500000000,"thinking_chars":16,"thinking_detected":false,"outcome":"ok"}
{"event":"deep_research_model_call","step":"queries","think":false,"attempt":1,"wall_ms":0,"load_duration":0,"prompt_eval_count":0,"prompt_eval_duration":0,"eval_count":5,"eval_duration":500000000,"thinking_chars":16,"thinking_detected":true,"outcome":"ok"}
{"event":"deep_research_model_call","step":"pages","think":false,"attempt":1,"wall_ms":0,"load_duration":0,"prompt_eval_count":0,"prompt_eval_duration":0,"eval_count":5,"eval_duration":500000000,"thinking_chars":16,"thinking_detected":true,"outcome":"ok"}
{"event":"deep_research_model_call","step":"notes","think":false,"attempt":1,"wall_ms":0,"load_duration":0,"prompt_eval_count":0,"prompt_eval_duration":0,"eval_count":5,"eval_duration":500000000,"thinking_chars":16,"thinking_detected":true,"outcome":"ok"}
{"event":"deep_research_model_call","step":"queries","think":false,"attempt":1,"wall_ms":0,"load_duration":0,"prompt_eval_count":0,"prompt_eval_duration":0,"eval_count":5,"eval_duration":500000000,"thinking_chars":16,"thinking_detected":true,"outcome":"ok"}
{"event":"deep_research_model_call","step":"write","think":true,"attempt":1,"wall_ms":21,"load_duration":null,"prompt_eval_count":null,"prompt_eval_duration":null,"eval_count":null,"eval_duration":null,"thinking_chars":0,"thinking_detected":false,"outcome":"aborted"}
{"event":"deep_research_model_call","step":"brief","think":false,"attempt":1,"wall_ms":1,"load_duration":0,"prompt_eval_count":0,"prompt_eval_duration":0,"eval_count":5,"eval_duration":500000000,"thinking_chars":16,"thinking_detected":true,"outcome":"ok"}
{"event":"deep_research_model_call","step":"plan","think":true,"attempt":1,"wall_ms":0,"load_duration":0,"prompt_eval_count":0,"prompt_eval_duration":0,"eval_count":5,"eval_duration":500000000,"thinking_chars":16,"thinking_detected":false,"outcome":"ok"}
{"event":"deep_research_model_call","step":"queries","think":false,"attempt":1,"wall_ms":0,"load_duration":0,"prompt_eval_count":0,"prompt_eval_duration":0,"eval_count":5,"eval_duration":500000000,"thinking_chars":16,"thinking_detected":true,"outcome":"ok"}

 345 pass
 0 fail
 2257 expect() calls
Ran 345 tests across 22 files. [17.70s]
