=== RED 974428713cc9e5f51e4e81fa8e7999c7a5edda38 ===
bun test v1.4.0 (1381054db)

src/web/tools.test.ts:
439 |     const f = fakeSearch(() => json(200, { url: requested, final_url: final, title: "T", markdown: "Body", truncated: false }));
440 |     try {
441 |       const out = await createWebTools({ baseUrl: f.baseUrl }).read(requested, new AbortController().signal, () => 4);
442 |       const done = steps(out.events).filter((s) => s.data.kind === "read" && s.data.status === "done");
443 |       const sources = out.events.filter((e) => e.type === "source");
444 |       expect(done.map((s) => s.data.url)).toEqual([final]);
                                                ^
error: expect(received).toEqual(expected)

  [
-   "https://agaicpower.com/blogs/news/are-home-batteries-safe-lifepo4-vs-nmc-fire-risk-the-real-data",
+   "https://agaicpower.com/blogs/news/are-home-batteries-safe-lifepo4-vs-nmc-fire-risk-the-real-data-1",
  ]

- Expected  - 1
+ Received  + 1

      at <anonymous> (/Users/ryankenny/Projects/CodingHarnessv2/server/src/web/tools.test.ts:444:43)
(fail) createWebTools structured search()/read() (deep research helper) > M21-T5: a redirected read's done step and its saved source name the same final URL [2.58ms]

 0 pass
 31 filtered out
 1 fail
 1 expect() calls
Ran 1 test across 1 file. [8.00ms]
=== GREEN focused ===
bun test v1.4.0 (1381054db)

 32 pass
 0 fail
 118 expect() calls
Ran 32 tests across 1 file. [154.00ms]
exit 0
=== FULL bun test ===
bun test v1.4.0 (1381054db)

src/http/deepResearchPassages.test.ts:
{"event":"deep_research_model_call","step":"brief","think":false,"attempt":1,"wall_ms":1,"load_duration":0,"prompt_eval_count":0,"prompt_eval_duration":0,"eval_count":0,"eval_duration":0,"thinking_chars":0,"thinking_detected":false,"outcome":"ok"}
{"event":"deep_research_model_call","step":"plan","think":true,"attempt":1,"wall_ms":1,"load_duration":0,"prompt_eval_count":0,"prompt_eval_duration":0,"eval_count":0,"eval_duration":0,"thinking_chars":0,"thinking_detected":false,"outcome":"ok"}
{"event":"deep_research_model_call","step":"plan","think":false,"attempt":1,"wall_ms":0,"load_duration":0,"prompt_eval_count":0,"prompt_eval_duration":0,"eval_count":0,"eval_duration":0,"thinking_chars":0,"thinking_detected":false,"outcome":"ok"}
{"event":"deep_research_model_call","step":"queries","think":false,"attempt":1,"wall_ms":0,"load_duration":0,"prompt_eval_count":0,"prompt_eval_duration":0,"eval_count":0,"eval_duration":0,"thinking_chars":0,"thinking_detected":false,"outcome":"ok"}
{"event":"deep_research_model_call","step":"pages","think":false,"attempt":1,"wall_ms":0,"load_duration":0,"prompt_eval_count":0,"prompt_eval_duration":0,"eval_count":0,"eval_duration":0,"thinking_chars":0,"thinking_detected":false,"outcome":"ok"}
{"event":"deep_research_model_call","step":"notes","think":false,"attempt":1,"wall_ms":0,"load_duration":0,"prompt_eval_count":0,"prompt_eval_duration":0,"eval_count":0,"eval_duration":0,"thinking_chars":0,"thinking_detected":false,"outcome":"ok"}
{"event":"deep_research_model_call","step":"queries","think":false,"attempt":1,"wall_ms":0,"load_duration":0,"prompt_eval_count":0,"prompt_eval_duration":0,"eval_count":0,"eval_duration":0,"thinking_chars":0,"thinking_detected":false,"outcome":"ok"}
{"event":"deep_research_model_call","step":"queries","think":false,"attempt":1,"wall_ms":0,"load_duration":0,"prompt_eval_count":0,"prompt_eval_duration":0,"eval_count":0,"eval_duration":0,"thinking_chars":0,"thinking_detected":false,"outcome":"ok"}
{"event":"deep_research_model_call","step":"queries","think":false,"attempt":1,"wall_ms":0,"load_duration":0,"prompt_eval_count":0,"prompt_eval_duration":0,"eval_count":0,"eval_duration":0,"thinking_chars":0,"thinking_detected":false,"outcome":"ok"}
{"event":"deep_research_model_call","step":"pages","think":false,"attempt":1,"wall_ms":0,"load_duration":0,"prompt_eval_count":0,"prompt_eval_duration":0,"eval_count":0,"eval_duration":0,"thinking_chars":0,"thinking_detected":false,"outcome":"ok"}
{"event":"deep_research_page_skipped","n":2,"url":"https://gamma.example/1","reason":"empty","detail":"No passage matches the search terms"}
{"event":"deep_research_model_call","step":"queries","think":false,"attempt":1,"wall_ms":0,"load_duration":0,"prompt_eval_count":0,"prompt_eval_duration":0,"eval_count":0,"eval_duration":0,"thinking_chars":0,"thinking_detected":false,"outcome":"ok"}
{"event":"deep_research_model_call","step":"queries","think":false,"attempt":1,"wall_ms":0,"load_duration":0,"prompt_eval_count":0,"prompt_eval_duration":0,"eval_count":0,"eval_duration":0,"thinking_chars":0,"thinking_detected":false,"outcome":"ok"}
{"event":"deep_research_model_call","step":"queries","think":false,"attempt":1,"wall_ms":0,"load_duration":0,"prompt_eval_count":0,"prompt_eval_duration":0,"eval_count":0,"eval_duration":0,"thinking_chars":0,"thinking_detected":false,"outcome":"ok"}
{"event":"deep_research_model_call","step":"pages","think":false,"attempt":1,"wall_ms":0,"load_duration":0,"prompt_eval_count":0,"prompt_eval_duration":0,"eval_count":0,"eval_duration":0,"thinking_chars":0,"thinking_detected":false,"outcome":"ok"}
{"event":"deep_research_page_skipped","n":3,"url":"https://cats?.example/1","reason":"empty","detail":"No passage matches the search terms"}
{"event":"deep_research_run_end","notes_kept":0,"pages_read":3,"status":"failed","elapsed_ms":24}
{"event":"deep_research_model_call","step":"brief","think":false,"attempt":1,"wall_ms":0,"load_duration":0,"prompt_eval_count":0,"prompt_eval_duration":0,"eval_count":0,"eval_duration":0,"thinking_chars":0,"thinking_detected":false,"outcome":"ok"}
{"event":"deep_research_model_call","step":"plan","think":true,"attempt":1,"wall_ms":0,"load_duration":0,"prompt_eval_count":0,"prompt_eval_duration":0,"eval_count":0,"eval_duration":0,"thinking_chars":0,"thinking_detected":false,"outcome":"ok"}
{"event":"deep_research_model_call","step":"plan","think":false,"attempt":1,"wall_ms":0,"load_duration":0,"prompt_eval_count":0,"prompt_eval_duration":0,"eval_count":0,"eval_duration":0,"thinking_chars":0,"thinking_detected":false,"outcome":"ok"}
{"event":"deep_research_model_call","step":"queries","think":false,"attempt":1,"wall_ms":0,"load_duration":0,"prompt_eval_count":0,"prompt_eval_duration":0,"eval_count":0,"eval_duration":0,"thinking_chars":0,"thinking_detected":false,"outcome":"ok"}
{"event":"deep_research_model_call","step":"pages","think":false,"attempt":1,"wall_ms":0,"load_duration":0,"prompt_eval_count":0,"prompt_eval_duration":0,"eval_count":0,"eval_duration":0,"thinking_chars":0,"thinking_detected":false,"outcome":"ok"}
{"event":"deep_research_model_call","step":"notes","think":false,"attempt":1,"wall_ms":0,"load_duration":0,"prompt_eval_count":0,"prompt_eval_duration":0,"eval_count":0,"eval_duration":0,"thinking_chars":0,"thinking_detected":false,"outcome":"ok"}
{"event":"deep_research_model_call","step":"queries","think":false,"attempt":1,"wall_ms":0,"load_duration":0,"prompt_eval_count":0,"prompt_eval_duration":0,"eval_count":0,"eval_duration":0,"thinking_chars":0,"thinking_detected":false,"outcome":"ok"}
{"event":"deep_research_model_call","step":"queries","think":false,"attempt":1,"wall_ms":0,"load_duration":0,"prompt_eval_count":0,"prompt_eval_duration":0,"eval_count":0,"eval_duration":0,"thinking_chars":0,"thinking_detected":false,"outcome":"ok"}
{"event":"deep_research_model_call","step":"queries","think":false,"attempt":1,"wall_ms":0,"load_duration":0,"prompt_eval_count":0,"prompt_eval_duration":0,"eval_count":0,"eval_duration":0,"thinking_chars":0,"thinking_detected":false,"outcome":"ok"}
{"event":"deep_research_model_call","step":"pages","think":false,"attempt":1,"wall_ms":1,"load_duration":0,"prompt_eval_count":0,"prompt_eval_duration":0,"eval_count":0,"eval_duration":0,"thinking_chars":0,"thinking_detected":false,"outcome":"ok"}
{"event":"deep_research_page_skipped","n":2,"url":"https://gamma.example/1","reason":"empty","detail":"No passage matches the search terms"}
{"event":"deep_research_model_call","step":"queries","think":false,"attempt":1,"wall_ms":0,"load_duration":0,"prompt_eval_count":0,"prompt_eval_duration":0,"eval_count":0,"eval_duration":0,"thinking_chars":0,"thinking_detected":false,"outcome":"ok"}
{"event":"deep_research_model_call","step":"queries","think":false,"attempt":1,"wall_ms":0,"load_duration":0,"prompt_eval_count":0,"prompt_eval_duration":0,"eval_count":0,"eval_duration":0,"thinking_chars":0,"thinking_detected":false,"outcome":"ok"}
{"event":"deep_research_model_call","step":"queries","think":false,"attempt":1,"wall_ms":0,"load_duration":0,"prompt_eval_count":0,"prompt_eval_duration":0,"eval_count":0,"eval_duration":0,"thinking_chars":0,"thinking_detected":false,"outcome":"ok"}
{"event":"deep_research_model_call","step":"pages","think":false,"attempt":1,"wall_ms":1,"load_duration":0,"prompt_eval_count":0,"prompt_eval_duration":0,"eval_count":0,"eval_duration":0,"thinking_chars":0,"thinking_detected":false,"outcome":"ok"}
{"event":"deep_research_page_skipped","n":3,"url":"https://cats?.example/1","reason":"empty","detail":"No passage matches the search terms"}
{"event":"deep_research_run_end","notes_kept":0,"pages_read":3,"status":"failed","elapsed_ms":12}
{"event":"deep_research_model_call","step":"brief","think":false,"attempt":1,"wall_ms":0,"load_duration":0,"prompt_eval_count":0,"prompt_eval_duration":0,"eval_count":0,"eval_duration":0,"thinking_chars":0,"thinking_detected":false,"outcome":"ok"}
{"event":"deep_research_model_call","step":"plan","think":true,"attempt":1,"wall_ms":0,"load_duration":0,"prompt_eval_count":0,"prompt_eval_duration":0,"eval_count":0,"eval_duration":0,"thinking_chars":0,"thinking_detected":false,"outcome":"ok"}
{"event":"deep_research_model_call","step":"plan","think":false,"attempt":1,"wall_ms":0,"load_duration":0,"prompt_eval_count":0,"prompt_eval_duration":0,"eval_count":0,"eval_duration":0,"thinking_chars":0,"thinking_detected":false,"outcome":"ok"}
{"event":"deep_research_model_call","step":"queries","think":false,"attempt":1,"wall_ms":0,"load_duration":0,"prompt_eval_count":0,"prompt_eval_duration":0,"eval_count":0,"eval_duration":0,"thinking_chars":0,"thinking_detected":false,"outcome":"ok"}
{"event":"deep_research_model_call","step":"pages","think":false,"attempt":1,"wall_ms":0,"load_duration":0,"prompt_eval_count":0,"prompt_eval_duration":0,"eval_count":0,"eval_duration":0,"thinking_chars":0,"thinking_detected":false,"outcome":"ok"}
{"event":"deep_research_model_call","step":"notes","think":false,"attempt":1,"wall_ms":0,"load_duration":0,"prompt_eval_count":0,"prompt_eval_duration":0,"eval_count":0,"eval_duration":0,"thinking_chars":0,"thinking_detected":false,"outcome":"ok"}
{"event":"deep_research_model_call","step":"queries","think":false,"attempt":1,"wall_ms":0,"load_duration":0,"prompt_eval_count":0,"prompt_eval_duration":0,"eval_count":0,"eval_duration":0,"thinking_chars":0,"thinking_detected":false,"outcome":"ok"}
{"event":"deep_research_model_call","step":"queries","think":false,"attempt":1,"wall_ms":0,"load_duration":0,"prompt_eval_count":0,"prompt_eval_duration":0,"eval_count":0,"eval_duration":0,"thinking_chars":0,"thinking_detected":false,"outcome":"ok"}
{"event":"deep_research_model_call","step":"queries","think":false,"attempt":1,"wall_ms":0,"load_duration":0,"prompt_eval_count":0,"prompt_eval_duration":0,"eval_count":0,"eval_duration":0,"thinking_chars":0,"thinking_detected":false,"outcome":"ok"}
{"event":"deep_research_model_call","step":"pages","think":false,"attempt":1,"wall_ms":0,"load_duration":0,"prompt_eval_count":0,"prompt_eval_duration":0,"eval_count":0,"eval_duration":0,"thinking_chars":0,"thinking_detected":false,"outcome":"ok"}
{"event":"deep_research_page_skipped","n":2,"url":"https://gamma.example/1","reason":"empty","detail":"No passage matches the search terms"}
{"event":"deep_research_model_call","step":"queries","think":false,"attempt":1,"wall_ms":0,"load_duration":0,"prompt_eval_count":0,"prompt_eval_duration":0,"eval_count":0,"eval_duration":0,"thinking_chars":0,"thinking_detected":false,"outcome":"ok"}
{"event":"deep_research_model_call","step":"queries","think":false,"attempt":1,"wall_ms":0,"load_duration":0,"prompt_eval_count":0,"prompt_eval_duration":0,"eval_count":0,"eval_duration":0,"thinking_chars":0,"thinking_detected":false,"outcome":"ok"}
{"event":"deep_research_model_call","step":"queries","think":false,"attempt":1,"wall_ms":0,"load_duration":0,"prompt_eval_count":0,"prompt_eval_duration":0,"eval_count":0,"eval_duration":0,"thinking_chars":0,"thinking_detected":false,"outcome":"ok"}
{"event":"deep_research_model_call","step":"pages","think":false,"attempt":1,"wall_ms":0,"load_duration":0,"prompt_eval_count":0,"prompt_eval_duration":0,"eval_count":0,"eval_duration":0,"thinking_chars":0,"thinking_detected":false,"outcome":"ok"}
{"event":"deep_research_page_skipped","n":3,"url":"https://cats?.example/1","reason":"empty","detail":"No passage matches the search terms"}
{"event":"deep_research_model_call","step":"write","think":true,"attempt":1,"wall_ms":0,"load_duration":0,"prompt_eval_count":0,"prompt_eval_duration":0,"eval_count":0,"eval_duration":0,"thinking_chars":0,"thinking_detected":false,"outcome":"ok"}
{"event":"deep_research_run_end","notes_kept":2,"pages_read":3,"status":"complete","elapsed_ms":11}
{"event":"deep_research_model_call","step":"brief","think":false,"attempt":1,"wall_ms":0,"load_duration":0,"prompt_eval_count":0,"prompt_eval_duration":0,"eval_count":0,"eval_duration":0,"thinking_chars":0,"thinking_detected":false,"outcome":"ok"}
{"event":"deep_research_model_call","step":"plan","think":true,"attempt":1,"wall_ms":0,"load_duration":0,"prompt_eval_count":0,"prompt_eval_duration":0,"eval_count":0,"eval_duration":0,"thinking_chars":0,"thinking_detected":false,"outcome":"ok"}
{"event":"deep_research_model_call","step":"queries","think":false,"attempt":1,"wall_ms":0,"load_duration":0,"prompt_eval_count":0,"prompt_eval_duration":0,"eval_count":0,"eval_duration":0,"thinking_chars":0,"thinking_detected":false,"outcome":"ok"}
{"event":"deep_research_model_call","step":"pages","think":false,"attempt":1,"wall_ms":0,"load_duration":0,"prompt_eval_count":0,"prompt_eval_duration":0,"eval_count":0,"eval_duration":0,"thinking_chars":0,"thinking_detected":false,"outcome":"ok"}
{"event":"deep_research_page_skipped","n":1,"url":"https://alpha.example/1","reason":"empty","detail":"Page has only 7 words (minimum 40)"}
{"event":"deep_research_model_call","step":"queries","think":false,"attempt":1,"wall_ms":0,"load_duration":0,"prompt_eval_count":0,"prompt_eval_duration":0,"eval_count":0,"eval_duration":0,"thinking_chars":0,"thinking_detected":false,"outcome":"ok"}
{"event":"deep_research_model_call","step":"queries","think":false,"attempt":1,"wall_ms":0,"load_duration":0,"prompt_eval_count":0,"prompt_eval_duration":0,"eval_count":0,"eval_duration":0,"thinking_chars":0,"thinking_detected":false,"outcome":"ok"}
{"event":"deep_research_model_call","step":"queries","think":false,"attempt":1,"wall_ms":0,"load_duration":0,"prompt_eval_count":0,"prompt_eval_duration":0,"eval_count":0,"eval_duration":0,"thinking_chars":0,"thinking_detected":false,"outcome":"ok"}
{"event":"deep_research_model_call","step":"pages","think":false,"attempt":1,"wall_ms":0,"load_duration":0,"prompt_eval_count":0,"prompt_eval_duration":0,"eval_count":0,"eval_duration":0,"thinking_chars":0,"thinking_detected":false,"outcome":"ok"}
{"event":"deep_research_model_call","step":"queries","think":false,"attempt":1,"wall_ms":0,"load_duration":0,"prompt_eval_count":0,"prompt_eval_duration":0,"eval_count":0,"eval_duration":0,"thinking_chars":0,"thinking_detected":false,"outcome":"ok"}
{"event":"deep_research_model_call","step":"queries","think":false,"attempt":1,"wall_ms":0,"load_duration":0,"prompt_eval_count":0,"prompt_eval_duration":0,"eval_count":0,"eval_duration":0,"thinking_chars":0,"thinking_detected":false,"outcome":"ok"}
{"event":"deep_research_model_call","step":"queries","think":false,"attempt":1,"wall_ms":0,"load_duration":0,"prompt_eval_count":0,"prompt_eval_duration":0,"eval_count":0,"eval_duration":0,"thinking_chars":0,"thinking_detected":false,"outcome":"ok"}
{"event":"deep_research_model_call","step":"pages","think":false,"attempt":1,"wall_ms":0,"load_duration":0,"prompt_eval_count":0,"prompt_eval_duration":0,"eval_count":0,"eval_duration":0,"thinking_chars":0,"thinking_detected":false,"outcome":"ok"}
{"event":"deep_research_page_skipped","n":2,"url":"https://alpha.example/2","reason":"blocked","detail":"Page appears to be a bot challenge or access verification"}
{"event":"deep_research_model_call","step":"gap","think":false,"attempt":1,"wall_ms":0,"load_duration":0,"prompt_eval_count":0,"prompt_eval_duration":0,"eval_count":0,"eval_duration":0,"thinking_chars":0,"thinking_detected":false,"outcome":"ok"}
{"event":"deep_research_model_call","step":"notes","think":false,"attempt":1,"wall_ms":0,"load_duration":0,"prompt_eval_count":0,"prompt_eval_duration":0,"eval_count":0,"eval_duration":0,"thinking_chars":0,"thinking_detected":false,"outcome":"ok"}
{"event":"deep_research_page_skipped","n":4,"url":"https://beta.example/1","reason":"empty","detail":"No passage matches the search terms"}
{"event":"deep_research_model_call","step":"write","think":true,"attempt":1,"wall_ms":0,"load_duration":0,"prompt_eval_count":0,"prompt_eval_duration":0,"eval_count":0,"eval_duration":0,"thinking_chars":0,"thinking_detected":false,"outcome":"ok"}
{"event":"deep_research_run_end","notes_kept":1,"pages_read":4,"status":"complete","elapsed_ms":5}

src/http/deepResearchDate.test.ts:
{"event":"deep_research_run_end","notes_kept":4,"pages_read":6,"status":"complete","elapsed_ms":1}
{"event":"deep_research_run_end","notes_kept":4,"pages_read":6,"status":"complete","elapsed_ms":1}

src/http/deepResearchStop.test.ts:
{"event":"deep_research_model_call","step":"brief","think":false,"attempt":1,"wall_ms":0,"load_duration":0,"prompt_eval_count":0,"prompt_eval_duration":0,"eval_count":3,"eval_duration":0,"thinking_chars":0,"thinking_detected":false,"outcome":"ok"}
{"event":"deep_research_model_call","step":"plan","think":true,"attempt":1,"wall_ms":0,"load_duration":0,"prompt_eval_count":0,"prompt_eval_duration":0,"eval_count":3,"eval_duration":0,"thinking_chars":0,"thinking_detected":false,"outcome":"ok"}
{"event":"deep_research_model_call","step":"plan","think":false,"attempt":1,"wall_ms":0,"load_duration":0,"prompt_eval_count":0,"prompt_eval_duration":0,"eval_count":3,"eval_duration":0,"thinking_chars":0,"thinking_detected":false,"outcome":"ok"}
{"event":"deep_research_model_call","step":"queries","think":false,"attempt":1,"wall_ms":0,"load_duration":0,"prompt_eval_count":0,"prompt_eval_duration":0,"eval_count":3,"eval_duration":0,"thinking_chars":0,"thinking_detected":false,"outcome":"ok"}
{"event":"deep_research_model_call","step":"pages","think":false,"attempt":1,"wall_ms":0,"load_duration":0,"prompt_eval_count":0,"prompt_eval_duration":0,"eval_count":3,"eval_duration":0,"thinking_chars":0,"thinking_detected":false,"outcome":"ok"}
{"event":"deep_research_model_call","step":"notes","think":false,"attempt":1,"wall_ms":0,"load_duration":0,"prompt_eval_count":0,"prompt_eval_duration":0,"eval_count":3,"eval_duration":0,"thinking_chars":0,"thinking_detected":false,"outcome":"ok"}
{"event":"deep_research_model_call","step":"queries","think":false,"attempt":1,"wall_ms":0,"load_duration":0,"prompt_eval_count":0,"prompt_eval_duration":0,"eval_count":3,"eval_duration":0,"thinking_chars":0,"thinking_detected":false,"outcome":"ok"}
{"event":"deep_research_model_call","step":"write","think":true,"attempt":1,"wall_ms":0,"load_duration":0,"prompt_eval_count":0,"prompt_eval_duration":0,"eval_count":3,"eval_duration":0,"thinking_chars":0,"thinking_detected":false,"outcome":"ok"}
{"event":"deep_research_run_end","notes_kept":1,"pages_read":2,"status":"partial","elapsed_ms":10}
{"event":"deep_research_model_call","step":"brief","think":false,"attempt":1,"wall_ms":0,"load_duration":0,"prompt_eval_count":0,"prompt_eval_duration":0,"eval_count":3,"eval_duration":0,"thinking_chars":0,"thinking_detected":false,"outcome":"ok"}
{"event":"deep_research_model_call","step":"plan","think":true,"attempt":1,"wall_ms":0,"load_duration":0,"prompt_eval_count":0,"prompt_eval_duration":0,"eval_count":3,"eval_duration":0,"thinking_chars":0,"thinking_detected":false,"outcome":"ok"}
{"event":"deep_research_model_call","step":"plan","think":false,"attempt":1,"wall_ms":0,"load_duration":0,"prompt_eval_count":0,"prompt_eval_duration":0,"eval_count":3,"eval_duration":0,"thinking_chars":0,"thinking_detected":false,"outcome":"ok"}
{"event":"deep_research_model_call","step":"queries","think":false,"attempt":1,"wall_ms":0,"load_duration":0,"prompt_eval_count":0,"prompt_eval_duration":0,"eval_count":3,"eval_duration":0,"thinking_chars":0,"thinking_detected":false,"outcome":"ok"}
{"event":"deep_research_model_call","step":"pages","think":false,"attempt":1,"wall_ms":0,"load_duration":0,"prompt_eval_count":0,"prompt_eval_duration":0,"eval_count":3,"eval_duration":0,"thinking_chars":0,"thinking_detected":false,"outcome":"ok"}
{"event":"deep_research_model_call","step":"notes","think":false,"attempt":1,"wall_ms":0,"load_duration":0,"prompt_eval_count":0,"prompt_eval_duration":0,"eval_count":3,"eval_duration":0,"thinking_chars":0,"thinking_detected":false,"outcome":"ok"}
{"event":"deep_research_model_call","step":"queries","think":false,"attempt":1,"wall_ms":0,"load_duration":0,"prompt_eval_count":0,"prompt_eval_duration":0,"eval_count":3,"eval_duration":0,"thinking_chars":0,"thinking_detected":false,"outcome":"ok"}
{"event":"deep_research_model_call","step":"write","think":true,"attempt":1,"wall_ms":1,"load_duration":null,"prompt_eval_count":null,"prompt_eval_duration":null,"eval_count":null,"eval_duration":null,"thinking_chars":0,"thinking_detected":false,"outcome":"aborted"}

src/http/deepResearchBreadthFirst.test.ts:
{"event":"deep_research_model_call","step":"brief","think":false,"attempt":1,"wall_ms":1,"load_duration":0,"prompt_eval_count":0,"prompt_eval_duration":0,"eval_count":3,"eval_duration":0,"thinking_chars":0,"thinking_detected":false,"outcome":"ok"}
{"event":"deep_research_model_call","step":"plan","think":true,"attempt":1,"wall_ms":0,"load_duration":0,"prompt_eval_count":0,"prompt_eval_duration":0,"eval_count":3,"eval_duration":0,"thinking_chars":0,"thinking_detected":false,"outcome":"ok"}
{"event":"deep_research_model_call","step":"queries","think":false,"attempt":1,"wall_ms":0,"load_duration":0,"prompt_eval_count":0,"prompt_eval_duration":0,"eval_count":3,"eval_duration":0,"thinking_chars":0,"thinking_detected":false,"outcome":"ok"}
{"event":"deep_research_model_call","step":"pages","think":false,"attempt":1,"wall_ms":0,"load_duration":0,"prompt_eval_count":0,"prompt_eval_duration":0,"eval_count":3,"eval_duration":0,"thinking_chars":0,"thinking_detected":false,"outcome":"ok"}
{"event":"deep_research_model_call","step":"notes","think":false,"attempt":1,"wall_ms":0,"load_duration":0,"prompt_eval_count":0,"prompt_eval_duration":0,"eval_count":3,"eval_duration":0,"thinking_chars":0,"thinking_detected":false,"outcome":"ok"}
{"event":"deep_research_model_call","step":"queries","think":false,"attempt":1,"wall_ms":0,"load_duration":0,"prompt_eval_count":0,"prompt_eval_duration":0,"eval_count":3,"eval_duration":0,"thinking_chars":0,"thinking_detected":false,"outcome":"ok"}
{"event":"deep_research_model_call","step":"pages","think":false,"attempt":1,"wall_ms":0,"load_duration":0,"prompt_eval_count":0,"prompt_eval_duration":0,"eval_count":3,"eval_duration":0,"thinking_chars":0,"thinking_detected":false,"outcome":"ok"}
{"event":"deep_research_model_call","step":"notes","think":false,"attempt":1,"wall_ms":0,"load_duration":0,"prompt_eval_count":0,"prompt_eval_duration":0,"eval_count":3,"eval_duration":0,"thinking_chars":0,"thinking_detected":false,"outcome":"ok"}
{"event":"deep_research_model_call","step":"queries","think":false,"attempt":1,"wall_ms":0,"load_duration":0,"prompt_eval_count":0,"prompt_eval_duration":0,"eval_count":3,"eval_duration":0,"thinking_chars":0,"thinking_detected":false,"outcome":"ok"}
{"event":"deep_research_model_call","step":"pages","think":false,"attempt":1,"wall_ms":0,"load_duration":0,"prompt_eval_count":0,"prompt_eval_duration":0,"eval_count":3,"eval_duration":0,"thinking_chars":0,"thinking_detected":false,"outcome":"ok"}
{"event":"deep_research_model_call","step":"notes","think":false,"attempt":1,"wall_ms":0,"load_duration":0,"prompt_eval_count":0,"prompt_eval_duration":0,"eval_count":3,"eval_duration":0,"thinking_chars":0,"thinking_detected":false,"outcome":"ok"}
{"event":"deep_research_model_call","step":"notes","think":false,"attempt":1,"wall_ms":0,"load_duration":0,"prompt_eval_count":0,"prompt_eval_duration":0,"eval_count":3,"eval_duration":0,"thinking_chars":0,"thinking_detected":false,"outcome":"ok"}
{"event":"deep_research_model_call","step":"notes","think":false,"attempt":1,"wall_ms":0,"load_duration":0,"prompt_eval_count":0,"prompt_eval_duration":0,"eval_count":3,"eval_duration":0,"thinking_chars":0,"thinking_detected":false,"outcome":"ok"}
{"event":"deep_research_model_call","step":"notes","think":false,"attempt":1,"wall_ms":0,"load_duration":0,"prompt_eval_count":0,"prompt_eval_duration":0,"eval_count":3,"eval_duration":0,"thinking_chars":0,"thinking_detected":false,"outcome":"ok"}
{"event":"deep_research_model_call","step":"write","think":true,"attempt":1,"wall_ms":0,"load_duration":0,"prompt_eval_count":0,"prompt_eval_duration":0,"eval_count":3,"eval_duration":0,"thinking_chars":0,"thinking_detected":false,"outcome":"ok"}
{"event":"deep_research_run_end","notes_kept":6,"pages_read":6,"status":"complete","elapsed_ms":3}
{"event":"deep_research_model_call","step":"brief","think":false,"attempt":1,"wall_ms":0,"load_duration":0,"prompt_eval_count":0,"prompt_eval_duration":0,"eval_count":3,"eval_duration":0,"thinking_chars":0,"thinking_detected":false,"outcome":"ok"}
{"event":"deep_research_model_call","step":"plan","think":true,"attempt":1,"wall_ms":0,"load_duration":0,"prompt_eval_count":0,"prompt_eval_duration":0,"eval_count":3,"eval_duration":0,"thinking_chars":0,"thinking_detected":false,"outcome":"ok"}
{"event":"deep_research_model_call","step":"queries","think":false,"attempt":1,"wall_ms":0,"load_duration":0,"prompt_eval_count":0,"prompt_eval_duration":0,"eval_count":3,"eval_duration":0,"thinking_chars":0,"thinking_detected":false,"outcome":"ok"}
{"event":"deep_research_model_call","step":"pages","think":false,"attempt":1,"wall_ms":0,"load_duration":0,"prompt_eval_count":0,"prompt_eval_duration":0,"eval_count":3,"eval_duration":0,"thinking_chars":0,"thinking_detected":false,"outcome":"ok"}
{"event":"deep_research_model_call","step":"notes","think":false,"attempt":1,"wall_ms":0,"load_duration":0,"prompt_eval_count":0,"prompt_eval_duration":0,"eval_count":3,"eval_duration":0,"thinking_chars":0,"thinking_detected":false,"outcome":"ok"}
{"event":"deep_research_model_call","step":"queries","think":false,"attempt":1,"wall_ms":0,"load_duration":0,"prompt_eval_count":0,"prompt_eval_duration":0,"eval_count":3,"eval_duration":0,"thinking_chars":0,"thinking_detected":false,"outcome":"ok"}
{"event":"deep_research_model_call","step":"pages","think":false,"attempt":1,"wall_ms":0,"load_duration":0,"prompt_eval_count":0,"prompt_eval_duration":0,"eval_count":3,"eval_duration":0,"thinking_chars":0,"thinking_detected":false,"outcome":"ok"}
{"event":"deep_research_model_call","step":"notes","think":false,"attempt":1,"wall_ms":0,"load_duration":0,"prompt_eval_count":0,"prompt_eval_duration":0,"eval_count":3,"eval_duration":0,"thinking_chars":0,"thinking_detected":false,"outcome":"ok"}
{"event":"deep_research_model_call","step":"queries","think":false,"attempt":1,"wall_ms":1,"load_duration":0,"prompt_eval_count":0,"prompt_eval_duration":0,"eval_count":3,"eval_duration":0,"thinking_chars":0,"thinking_detected":false,"outcome":"ok"}
{"event":"deep_research_model_call","step":"pages","think":false,"attempt":1,"wall_ms":0,"load_duration":0,"prompt_eval_count":0,"prompt_eval_duration":0,"eval_count":3,"eval_duration":0,"thinking_chars":0,"thinking_detected":false,"outcome":"ok"}
{"event":"deep_research_model_call","step":"notes","think":false,"attempt":1,"wall_ms":0,"load_duration":0,"prompt_eval_count":0,"prompt_eval_duration":0,"eval_count":3,"eval_duration":0,"thinking_chars":0,"thinking_detected":false,"outcome":"ok"}
{"event":"deep_research_model_call","step":"notes","think":false,"attempt":1,"wall_ms":0,"load_duration":0,"prompt_eval_count":0,"prompt_eval_duration":0,"eval_count":3,"eval_duration":0,"thinking_chars":0,"thinking_detected":false,"outcome":"ok"}
{"event":"deep_research_model_call","step":"notes","think":false,"attempt":1,"wall_ms":0,"load_duration":0,"prompt_eval_count":0,"prompt_eval_duration":0,"eval_count":3,"eval_duration":0,"thinking_chars":0,"thinking_detected":false,"outcome":"ok"}
{"event":"deep_research_model_call","step":"write","think":true,"attempt":1,"wall_ms":0,"load_duration":0,"prompt_eval_count":0,"prompt_eval_duration":0,"eval_count":3,"eval_duration":0,"thinking_chars":0,"thinking_detected":false,"outcome":"ok"}
{"event":"deep_research_run_end","notes_kept":5,"pages_read":5,"status":"complete","elapsed_ms":2}
{"event":"deep_research_model_call","step":"brief","think":false,"attempt":1,"wall_ms":0,"load_duration":0,"prompt_eval_count":0,"prompt_eval_duration":0,"eval_count":3,"eval_duration":0,"thinking_chars":0,"thinking_detected":false,"outcome":"ok"}
{"event":"deep_research_model_call","step":"plan","think":true,"attempt":1,"wall_ms":0,"load_duration":0,"prompt_eval_count":0,"prompt_eval_duration":0,"eval_count":3,"eval_duration":0,"thinking_chars":0,"thinking_detected":false,"outcome":"ok"}
{"event":"deep_research_model_call","step":"queries","think":false,"attempt":1,"wall_ms":0,"load_duration":0,"prompt_eval_count":0,"prompt_eval_duration":0,"eval_count":3,"eval_duration":0,"thinking_chars":0,"thinking_detected":false,"outcome":"ok"}
{"event":"deep_research_model_call","step":"pages","think":false,"attempt":1,"wall_ms":0,"load_duration":0,"prompt_eval_count":0,"prompt_eval_duration":0,"eval_count":3,"eval_duration":0,"thinking_chars":0,"thinking_detected":false,"outcome":"ok"}
{"event":"deep_research_model_call","step":"notes","think":false,"attempt":1,"wall_ms":0,"load_duration":0,"prompt_eval_count":0,"prompt_eval_duration":0,"eval_count":3,"eval_duration":0,"thinking_chars":0,"thinking_detected":false,"outcome":"ok"}
{"event":"deep_research_model_call","step":"queries","think":false,"attempt":1,"wall_ms":0,"load_duration":0,"prompt_eval_count":0,"prompt_eval_duration":0,"eval_count":3,"eval_duration":0,"thinking_chars":0,"thinking_detected":false,"outcome":"ok"}
{"event":"deep_research_model_call","step":"pages","think":false,"attempt":1,"wall_ms":0,"load_duration":0,"prompt_eval_count":0,"prompt_eval_duration":0,"eval_count":3,"eval_duration":0,"thinking_chars":0,"thinking_detected":false,"outcome":"ok"}
{"event":"deep_research_model_call","step":"notes","think":false,"attempt":1,"wall_ms":0,"load_duration":0,"prompt_eval_count":0,"prompt_eval_duration":0,"eval_count":3,"eval_duration":0,"thinking_chars":0,"thinking_detected":false,"outcome":"ok"}
{"event":"deep_research_model_call","step":"queries","think":false,"attempt":1,"wall_ms":0,"load_duration":0,"prompt_eval_count":0,"prompt_eval_duration":0,"eval_count":3,"eval_duration":0,"thinking_chars":0,"thinking_detected":false,"outcome":"ok"}
{"event":"deep_research_model_call","step":"pages","think":false,"attempt":1,"wall_ms":0,"load_duration":0,"prompt_eval_count":0,"prompt_eval_duration":0,"eval_count":3,"eval_duration":0,"thinking_chars":0,"thinking_detected":false,"outcome":"ok"}
{"event":"deep_research_model_call","step":"notes","think":false,"attempt":1,"wall_ms":0,"load_duration":0,"prompt_eval_count":0,"prompt_eval_duration":0,"eval_count":3,"eval_duration":0,"thinking_chars":0,"thinking_detected":false,"outcome":"ok"}
{"event":"deep_research_model_call","step":"notes","think":false,"attempt":1,"wall_ms":0,"load_duration":0,"prompt_eval_count":0,"prompt_eval_duration":0,"eval_count":3,"eval_duration":0,"thinking_chars":0,"thinking_detected":false,"outcome":"ok"}
{"event":"deep_research_model_call","step":"notes","think":false,"attempt":1,"wall_ms":0,"load_duration":0,"prompt_eval_count":0,"prompt_eval_duration":0,"eval_count":3,"eval_duration":0,"thinking_chars":0,"thinking_detected":false,"outcome":"ok"}
{"event":"deep_research_model_call","step":"notes","think":false,"attempt":1,"wall_ms":0,"load_duration":0,"prompt_eval_count":0,"prompt_eval_duration":0,"eval_count":3,"eval_duration":0,"thinking_chars":0,"thinking_detected":false,"outcome":"ok"}
{"event":"deep_research_model_call","step":"gap","think":false,"attempt":1,"wall_ms":0,"load_duration":0,"prompt_eval_count":0,"prompt_eval_duration":0,"eval_count":3,"eval_duration":0,"thinking_chars":0,"thinking_detected":false,"outcome":"ok"}
{"event":"deep_research_model_call","step":"pages","think":false,"attempt":1,"wall_ms":0,"load_duration":0,"prompt_eval_count":0,"prompt_eval_duration":0,"eval_count":3,"eval_duration":0,"thinking_chars":0,"thinking_detected":false,"outcome":"ok"}
{"event":"deep_research_model_call","step":"notes","think":false,"attempt":1,"wall_ms":0,"load_duration":0,"prompt_eval_count":0,"prompt_eval_duration":0,"eval_count":3,"eval_duration":0,"thinking_chars":0,"thinking_detected":false,"outcome":"ok"}
{"event":"deep_research_model_call","step":"gap","think":false,"attempt":1,"wall_ms":0,"load_duration":0,"prompt_eval_count":0,"prompt_eval_duration":0,"eval_count":3,"eval_duration":0,"thinking_chars":0,"thinking_detected":false,"outcome":"ok"}
{"event":"deep_research_model_call","step":"pages","think":false,"attempt":1,"wall_ms":0,"load_duration":0,"prompt_eval_count":0,"prompt_eval_duration":0,"eval_count":3,"eval_duration":0,"thinking_chars":0,"thinking_detected":false,"outcome":"ok"}
{"event":"deep_research_model_call","step":"notes","think":false,"attempt":1,"wall_ms":1,"load_duration":0,"prompt_eval_count":0,"prompt_eval_duration":0,"eval_count":3,"eval_duration":0,"thinking_chars":0,"thinking_detected":false,"outcome":"ok"}
{"event":"deep_research_model_call","step":"notes","think":false,"attempt":1,"wall_ms":0,"load_duration":0,"prompt_eval_count":0,"prompt_eval_duration":0,"eval_count":3,"eval_duration":0,"thinking_chars":0,"thinking_detected":false,"outcome":"ok"}
{"event":"deep_research_model_call","step":"notes","think":false,"attempt":1,"wall_ms":0,"load_duration":0,"prompt_eval_count":0,"prompt_eval_duration":0,"eval_count":3,"eval_duration":0,"thinking_chars":0,"thinking_detected":false,"outcome":"ok"}
{"event":"deep_research_model_call","step":"write","think":true,"attempt":1,"wall_ms":1,"load_duration":0,"prompt_eval_count":0,"prompt_eval_duration":0,"eval_count":3,"eval_duration":0,"thinking_chars":0,"thinking_detected":false,"outcome":"ok"}
{"event":"deep_research_run_end","notes_kept":10,"pages_read":10,"status":"complete","elapsed_ms":4}
{"event":"deep_research_model_call","step":"brief","think":false,"attempt":1,"wall_ms":0,"load_duration":0,"prompt_eval_count":0,"prompt_eval_duration":0,"eval_count":3,"eval_duration":0,"thinking_chars":0,"thinking_detected":false,"outcome":"ok"}
{"event":"deep_research_model_call","step":"plan","think":true,"attempt":1,"wall_ms":0,"load_duration":0,"prompt_eval_count":0,"prompt_eval_duration":0,"eval_count":3,"eval_duration":0,"thinking_chars":0,"thinking_detected":false,"outcome":"ok"}
{"event":"deep_research_model_call","step":"queries","think":false,"attempt":1,"wall_ms":1,"load_duration":0,"prompt_eval_count":0,"prompt_eval_duration":0,"eval_count":3,"eval_duration":0,"thinking_chars":0,"thinking_detected":false,"outcome":"ok"}
{"event":"deep_research_model_call","step":"pages","think":false,"attempt":1,"wall_ms":0,"load_duration":0,"prompt_eval_count":0,"prompt_eval_duration":0,"eval_count":3,"eval_duration":0,"thinking_chars":0,"thinking_detected":false,"outcome":"ok"}
{"event":"deep_research_model_call","step":"notes","think":false,"attempt":1,"wall_ms":0,"load_duration":0,"prompt_eval_count":0,"prompt_eval_duration":0,"eval_count":3,"eval_duration":0,"thinking_chars":0,"thinking_detected":false,"outcome":"ok"}
{"event":"deep_research_model_call","step":"queries","think":false,"attempt":1,"wall_ms":0,"load_duration":0,"prompt_eval_count":0,"prompt_eval_duration":0,"eval_count":3,"eval_duration":0,"thinking_chars":0,"thinking_detected":false,"outcome":"ok"}
{"event":"deep_research_model_call","step":"pages","think":false,"attempt":1,"wall_ms":0,"load_duration":0,"prompt_eval_count":0,"prompt_eval_duration":0,"eval_count":3,"eval_duration":0,"thinking_chars":0,"thinking_detected":false,"outcome":"ok"}
{"event":"deep_research_model_call","step":"notes","think":false,"attempt":1,"wall_ms":0,"load_duration":0,"prompt_eval_count":0,"prompt_eval_duration":0,"eval_count":3,"eval_duration":0,"thinking_chars":0,"thinking_detected":false,"outcome":"ok"}
{"event":"deep_research_model_call","step":"gap","think":false,"attempt":1,"wall_ms":0,"load_duration":0,"prompt_eval_count":0,"prompt_eval_duration":0,"eval_count":3,"eval_duration":0,"thinking_chars":0,"thinking_detected":false,"outcome":"ok"}
{"event":"deep_research_model_call","step":"gap","think":false,"attempt":1,"wall_ms":0,"load_duration":0,"prompt_eval_count":0,"prompt_eval_duration":0,"eval_count":3,"eval_duration":0,"thinking_chars":0,"thinking_detected":false,"outcome":"ok"}
{"event":"deep_research_model_call","step":"pages","think":false,"attempt":1,"wall_ms":0,"load_duration":0,"prompt_eval_count":0,"prompt_eval_duration":0,"eval_count":3,"eval_duration":0,"thinking_chars":0,"thinking_detected":false,"outcome":"ok"}
{"event":"deep_research_model_call","step":"notes","think":false,"attempt":1,"wall_ms":0,"load_duration":0,"prompt_eval_count":0,"prompt_eval_duration":0,"eval_count":3,"eval_duration":0,"thinking_chars":0,"thinking_detected":false,"outcome":"ok"}
{"event":"deep_research_model_call","step":"gap","think":false,"attempt":1,"wall_ms":0,"load_duration":0,"prompt_eval_count":0,"prompt_eval_duration":0,"eval_count":3,"eval_duration":0,"thinking_chars":0,"thinking_detected":false,"outcome":"ok"}
{"event":"deep_research_model_call","step":"pages","think":false,"attempt":1,"wall_ms":0,"load_duration":0,"prompt_eval_count":0,"prompt_eval_duration":0,"eval_count":3,"eval_duration":0,"thinking_chars":0,"thinking_detected":false,"outcome":"ok"}
{"event":"deep_research_model_call","step":"notes","think":false,"attempt":1,"wall_ms":0,"load_duration":0,"prompt_eval_count":0,"prompt_eval_duration":0,"eval_count":3,"eval_duration":0,"thinking_chars":0,"thinking_detected":false,"outcome":"ok"}
{"event":"deep_research_model_call","step":"write","think":true,"attempt":1,"wall_ms":0,"load_duration":0,"prompt_eval_count":0,"prompt_eval_duration":0,"eval_count":3,"eval_duration":0,"thinking_chars":0,"thinking_detected":false,"outcome":"ok"}
{"event":"deep_research_run_end","notes_kept":4,"pages_read":4,"status":"complete","elapsed_ms":2}
{"event":"deep_research_model_call","step":"brief","think":false,"attempt":1,"wall_ms":0,"load_duration":0,"prompt_eval_count":0,"prompt_eval_duration":0,"eval_count":3,"eval_duration":0,"thinking_chars":0,"thinking_detected":false,"outcome":"ok"}
{"event":"deep_research_model_call","step":"plan","think":true,"attempt":1,"wall_ms":0,"load_duration":0,"prompt_eval_count":0,"prompt_eval_duration":0,"eval_count":3,"eval_duration":0,"thinking_chars":0,"thinking_detected":false,"outcome":"ok"}
{"event":"deep_research_model_call","step":"queries","think":false,"attempt":1,"wall_ms":0,"load_duration":0,"prompt_eval_count":0,"prompt_eval_duration":0,"eval_count":3,"eval_duration":0,"thinking_chars":0,"thinking_detected":false,"outcome":"ok"}
{"event":"deep_research_model_call","step":"pages","think":false,"attempt":1,"wall_ms":0,"load_duration":0,"prompt_eval_count":0,"prompt_eval_duration":0,"eval_count":3,"eval_duration":0,"thinking_chars":0,"thinking_detected":false,"outcome":"ok"}
{"event":"deep_research_model_call","step":"notes","think":false,"attempt":1,"wall_ms":0,"load_duration":0,"prompt_eval_count":0,"prompt_eval_duration":0,"eval_count":3,"eval_duration":0,"thinking_chars":0,"thinking_detected":false,"outcome":"ok"}
{"event":"deep_research_model_call","step":"queries","think":false,"attempt":1,"wall_ms":0,"load_duration":0,"prompt_eval_count":0,"prompt_eval_duration":0,"eval_count":3,"eval_duration":0,"thinking_chars":0,"thinking_detected":false,"outcome":"ok"}
{"event":"deep_research_model_call","step":"pages","think":false,"attempt":1,"wall_ms":0,"load_duration":0,"prompt_eval_count":0,"prompt_eval_duration":0,"eval_count":3,"eval_duration":0,"thinking_chars":0,"thinking_detected":false,"outcome":"ok"}
{"event":"deep_research_model_call","step":"notes","think":false,"attempt":1,"wall_ms":0,"load_duration":0,"prompt_eval_count":0,"prompt_eval_duration":0,"eval_count":3,"eval_duration":0,"thinking_chars":0,"thinking_detected":false,"outcome":"ok"}
{"event":"deep_research_model_call","step":"queries","think":false,"attempt":1,"wall_ms":0,"load_duration":0,"prompt_eval_count":0,"prompt_eval_duration":0,"eval_count":3,"eval_duration":0,"thinking_chars":0,"thinking_detected":false,"outcome":"ok"}
{"event":"deep_research_model_call","step":"pages","think":false,"attempt":1,"wall_ms":0,"load_duration":0,"prompt_eval_count":0,"prompt_eval_duration":0,"eval_count":3,"eval_duration":0,"thinking_chars":0,"thinking_detected":false,"outcome":"ok"}
{"event":"deep_research_model_call","step":"notes","think":false,"attempt":1,"wall_ms":0,"load_duration":0,"prompt_eval_count":0,"prompt_eval_duration":0,"eval_count":3,"eval_duration":0,"thinking_chars":0,"thinking_detected":false,"outcome":"ok"}
{"event":"deep_research_model_call","step":"notes","think":false,"attempt":1,"wall_ms":0,"load_duration":0,"prompt_eval_count":0,"prompt_eval_duration":0,"eval_count":3,"eval_duration":0,"thinking_chars":0,"thinking_detected":false,"outcome":"ok"}
{"event":"deep_research_model_call","step":"notes","think":false,"attempt":1,"wall_ms":0,"load_duration":0,"prompt_eval_count":0,"prompt_eval_duration":0,"eval_count":3,"eval_duration":0,"thinking_chars":0,"thinking_detected":false,"outcome":"ok"}
{"event":"deep_research_model_call","step":"notes","think":false,"attempt":1,"wall_ms":0,"load_duration":0,"prompt_eval_count":0,"prompt_eval_duration":0,"eval_count":3,"eval_duration":0,"thinking_chars":0,"thinking_detected":false,"outcome":"ok"}
{"event":"deep_research_model_call","step":"write","think":true,"attempt":1,"wall_ms":0,"load_duration":0,"prompt_eval_count":0,"prompt_eval_duration":0,"eval_count":3,"eval_duration":0,"thinking_chars":0,"thinking_detected":false,"outcome":"ok"}
{"event":"deep_research_run_end","notes_kept":6,"pages_read":6,"status":"complete","elapsed_ms":1}
{"event":"deep_research_model_call","step":"brief","think":false,"attempt":1,"wall_ms":0,"load_duration":0,"prompt_eval_count":0,"prompt_eval_duration":0,"eval_count":3,"eval_duration":0,"thinking_chars":0,"thinking_detected":false,"outcome":"ok"}
{"event":"deep_research_model_call","step":"plan","think":true,"attempt":1,"wall_ms":0,"load_duration":0,"prompt_eval_count":0,"prompt_eval_duration":0,"eval_count":3,"eval_duration":0,"thinking_chars":0,"thinking_detected":false,"outcome":"ok"}
{"event":"deep_research_model_call","step":"queries","think":false,"attempt":1,"wall_ms":0,"load_duration":0,"prompt_eval_count":0,"prompt_eval_duration":0,"eval_count":3,"eval_duration":0,"thinking_chars":0,"thinking_detected":false,"outcome":"ok"}
{"event":"deep_research_model_call","step":"pages","think":false,"attempt":1,"wall_ms":0,"load_duration":0,"prompt_eval_count":0,"prompt_eval_duration":0,"eval_count":3,"eval_duration":0,"thinking_chars":0,"thinking_detected":false,"outcome":"ok"}
{"event":"deep_research_model_call","step":"notes","think":false,"attempt":1,"wall_ms":0,"load_duration":0,"prompt_eval_count":0,"prompt_eval_duration":0,"eval_count":3,"eval_duration":0,"thinking_chars":0,"thinking_detected":false,"outcome":"ok"}
{"event":"deep_research_model_call","step":"queries","think":false,"attempt":1,"wall_ms":0,"load_duration":0,"prompt_eval_count":0,"prompt_eval_duration":0,"eval_count":3,"eval_duration":0,"thinking_chars":0,"thinking_detected":false,"outcome":"ok"}
{"event":"deep_research_model_call","step":"pages","think":false,"attempt":1,"wall_ms":0,"load_duration":0,"prompt_eval_count":0,"prompt_eval_duration":0,"eval_count":3,"eval_duration":0,"thinking_chars":0,"thinking_detected":false,"outcome":"ok"}
{"event":"deep_research_model_call","step":"notes","think":false,"attempt":1,"wall_ms":0,"load_duration":0,"prompt_eval_count":0,"prompt_eval_duration":0,"eval_count":3,"eval_duration":0,"thinking_chars":0,"thinking_detected":false,"outcome":"ok"}
{"event":"deep_research_model_call","step":"queries","think":false,"attempt":1,"wall_ms":0,"load_duration":0,"prompt_eval_count":0,"prompt_eval_duration":0,"eval_count":3,"eval_duration":0,"thinking_chars":0,"thinking_detected":false,"outcome":"ok"}
{"event":"deep_research_model_call","step":"pages","think":false,"attempt":1,"wall_ms":0,"load_duration":0,"prompt_eval_count":0,"prompt_eval_duration":0,"eval_count":3,"eval_duration":0,"thinking_chars":0,"thinking_detected":false,"outcome":"ok"}
{"event":"deep_research_model_call","step":"notes","think":false,"attempt":1,"wall_ms":0,"load_duration":0,"prompt_eval_count":0,"prompt_eval_duration":0,"eval_count":3,"eval_duration":0,"thinking_chars":0,"thinking_detected":false,"outcome":"ok"}
{"event":"deep_research_model_call","step":"notes","think":false,"attempt":1,"wall_ms":0,"load_duration":0,"prompt_eval_count":0,"prompt_eval_duration":0,"eval_count":3,"eval_duration":0,"thinking_chars":0,"thinking_detected":false,"outcome":"ok"}
{"event":"deep_research_model_call","step":"notes","think":false,"attempt":1,"wall_ms":0,"load_duration":0,"prompt_eval_count":0,"prompt_eval_duration":0,"eval_count":3,"eval_duration":0,"thinking_chars":0,"thinking_detected":false,"outcome":"ok"}
{"event":"deep_research_model_call","step":"notes","think":false,"attempt":1,"wall_ms":0,"load_duration":0,"prompt_eval_count":0,"prompt_eval_duration":0,"eval_count":3,"eval_duration":0,"thinking_chars":0,"thinking_detected":false,"outcome":"ok"}
{"event":"deep_research_model_call","step":"write","think":true,"attempt":1,"wall_ms":0,"load_duration":0,"prompt_eval_count":0,"prompt_eval_duration":0,"eval_count":3,"eval_duration":0,"thinking_chars":0,"thinking_detected":false,"outcome":"ok"}
{"event":"deep_research_run_end","notes_kept":6,"pages_read":6,"status":"complete","elapsed_ms":1}
{"event":"deep_research_model_call","step":"brief","think":false,"attempt":1,"wall_ms":0,"load_duration":0,"prompt_eval_count":0,"prompt_eval_duration":0,"eval_count":3,"eval_duration":0,"thinking_chars":0,"thinking_detected":false,"outcome":"ok"}
{"event":"deep_research_model_call","step":"plan","think":true,"attempt":1,"wall_ms":0,"load_duration":0,"prompt_eval_count":0,"prompt_eval_duration":0,"eval_count":3,"eval_duration":0,"thinking_chars":0,"thinking_detected":false,"outcome":"ok"}
{"event":"deep_research_model_call","step":"queries","think":false,"attempt":1,"wall_ms":0,"load_duration":0,"prompt_eval_count":0,"prompt_eval_duration":0,"eval_count":3,"eval_duration":0,"thinking_chars":0,"thinking_detected":false,"outcome":"ok"}
{"event":"deep_research_model_call","step":"pages","think":false,"attempt":1,"wall_ms":0,"load_duration":0,"prompt_eval_count":0,"prompt_eval_duration":0,"eval_count":3,"eval_duration":0,"thinking_chars":0,"thinking_detected":false,"outcome":"ok"}
{"event":"deep_research_model_call","step":"notes","think":false,"attempt":1,"wall_ms":0,"load_duration":0,"prompt_eval_count":0,"prompt_eval_duration":0,"eval_count":3,"eval_duration":0,"thinking_chars":0,"thinking_detected":false,"outcome":"ok"}
{"event":"deep_research_model_call","step":"queries","think":false,"attempt":1,"wall_ms":0,"load_duration":0,"prompt_eval_count":0,"prompt_eval_duration":0,"eval_count":3,"eval_duration":0,"thinking_chars":0,"thinking_detected":false,"outcome":"ok"}
{"event":"deep_research_model_call","step":"pages","think":false,"attempt":1,"wall_ms":0,"load_duration":0,"prompt_eval_count":0,"prompt_eval_duration":0,"eval_count":3,"eval_duration":0,"thinking_chars":0,"thinking_detected":false,"outcome":"ok"}
{"event":"deep_research_model_call","step":"notes","think":false,"attempt":1,"wall_ms":1,"load_duration":0,"prompt_eval_count":0,"prompt_eval_duration":0,"eval_count":3,"eval_duration":0,"thinking_chars":0,"thinking_detected":false,"outcome":"ok"}
{"event":"deep_research_model_call","step":"gap","think":false,"attempt":1,"wall_ms":0,"load_duration":0,"prompt_eval_count":0,"prompt_eval_duration":0,"eval_count":3,"eval_duration":0,"thinking_chars":0,"thinking_detected":false,"outcome":"ok"}
{"event":"deep_research_model_call","step":"gap","think":false,"attempt":1,"wall_ms":0,"load_duration":0,"prompt_eval_count":0,"prompt_eval_duration":0,"eval_count":3,"eval_duration":0,"thinking_chars":0,"thinking_detected":false,"outcome":"ok"}
{"event":"deep_research_model_call","step":"pages","think":false,"attempt":1,"wall_ms":0,"load_duration":0,"prompt_eval_count":0,"prompt_eval_duration":0,"eval_count":3,"eval_duration":0,"thinking_chars":0,"thinking_detected":false,"outcome":"ok"}
{"event":"deep_research_model_call","step":"notes","think":false,"attempt":1,"wall_ms":0,"load_duration":0,"prompt_eval_count":0,"prompt_eval_duration":0,"eval_count":3,"eval_duration":0,"thinking_chars":0,"thinking_detected":false,"outcome":"ok"}
{"event":"deep_research_model_call","step":"gap","think":false,"attempt":1,"wall_ms":0,"load_duration":0,"prompt_eval_count":0,"prompt_eval_duration":0,"eval_count":3,"eval_duration":0,"thinking_chars":0,"thinking_detected":false,"outcome":"ok"}
{"event":"deep_research_model_call","step":"pages","think":false,"attempt":1,"wall_ms":0,"load_duration":0,"prompt_eval_count":0,"prompt_eval_duration":0,"eval_count":3,"eval_duration":0,"thinking_chars":0,"thinking_detected":false,"outcome":"ok"}
{"event":"deep_research_model_call","step":"notes","think":false,"attempt":1,"wall_ms":0,"load_duration":0,"prompt_eval_count":0,"prompt_eval_duration":0,"eval_count":3,"eval_duration":0,"thinking_chars":0,"thinking_detected":false,"outcome":"ok"}
{"event":"deep_research_model_call","step":"gap","think":false,"attempt":1,"wall_ms":0,"load_duration":0,"prompt_eval_count":0,"prompt_eval_duration":0,"eval_count":3,"eval_duration":0,"thinking_chars":0,"thinking_detected":false,"outcome":"ok"}
{"event":"deep_research_model_call","step":"pages","think":false,"attempt":1,"wall_ms":0,"load_duration":0,"prompt_eval_count":0,"prompt_eval_duration":0,"eval_count":3,"eval_duration":0,"thinking_chars":0,"thinking_detected":false,"outcome":"ok"}
{"event":"deep_research_model_call","step":"notes","think":false,"attempt":1,"wall_ms":0,"load_duration":0,"prompt_eval_count":0,"prompt_eval_duration":0,"eval_count":3,"eval_duration":0,"thinking_chars":0,"thinking_detected":false,"outcome":"ok"}
{"event":"deep_research_model_call","step":"write","think":true,"attempt":1,"wall_ms":0,"load_duration":0,"prompt_eval_count":0,"prompt_eval_duration":0,"eval_count":3,"eval_duration":0,"thinking_chars":0,"thinking_detected":false,"outcome":"ok"}
{"event":"deep_research_run_end","notes_kept":5,"pages_read":5,"status":"complete","elapsed_ms":1}
{"event":"deep_research_model_call","step":"brief","think":false,"attempt":1,"wall_ms":4,"load_duration":0,"prompt_eval_count":0,"prompt_eval_duration":0,"eval_count":3,"eval_duration":0,"thinking_chars":0,"thinking_detected":false,"outcome":"ok"}
{"event":"deep_research_model_call","step":"plan","think":true,"attempt":1,"wall_ms":3,"load_duration":0,"prompt_eval_count":0,"prompt_eval_duration":0,"eval_count":3,"eval_duration":0,"thinking_chars":0,"thinking_detected":false,"outcome":"ok"}
{"event":"deep_research_model_call","step":"queries","think":false,"attempt":1,"wall_ms":4,"load_duration":0,"prompt_eval_count":0,"prompt_eval_duration":0,"eval_count":3,"eval_duration":0,"thinking_chars":0,"thinking_detected":false,"outcome":"ok"}
{"event":"deep_research_model_call","step":"pages","think":false,"attempt":1,"wall_ms":3,"load_duration":0,"prompt_eval_count":0,"prompt_eval_duration":0,"eval_count":3,"eval_duration":0,"thinking_chars":0,"thinking_detected":false,"outcome":"ok"}
{"event":"deep_research_model_call","step":"notes","think":false,"attempt":1,"wall_ms":4,"load_duration":0,"prompt_eval_count":0,"prompt_eval_duration":0,"eval_count":3,"eval_duration":0,"thinking_chars":0,"thinking_detected":false,"outcome":"ok"}
{"event":"deep_research_model_call","step":"queries","think":false,"attempt":1,"wall_ms":4,"load_duration":0,"prompt_eval_count":0,"prompt_eval_duration":0,"eval_count":3,"eval_duration":0,"thinking_chars":0,"thinking_detected":false,"outcome":"ok"}
{"event":"deep_research_model_call","step":"pages","think":false,"attempt":1,"wall_ms":4,"load_duration":0,"prompt_eval_count":0,"prompt_eval_duration":0,"eval_count":3,"eval_duration":0,"thinking_chars":0,"thinking_detected":false,"outcome":"ok"}
{"event":"deep_research_model_call","step":"notes","think":false,"attempt":1,"wall_ms":4,"load_duration":0,"prompt_eval_count":0,"prompt_eval_duration":0,"eval_count":3,"eval_duration":0,"thinking_chars":0,"thinking_detected":false,"outcome":"ok"}
{"event":"deep_research_model_call","step":"queries","think":false,"attempt":1,"wall_ms":4,"load_duration":0,"prompt_eval_count":0,"prompt_eval_duration":0,"eval_count":3,"eval_duration":0,"thinking_chars":0,"thinking_detected":false,"outcome":"ok"}
{"event":"deep_research_model_call","step":"pages","think":false,"attempt":1,"wall_ms":3,"load_duration":0,"prompt_eval_count":0,"prompt_eval_duration":0,"eval_count":3,"eval_duration":0,"thinking_chars":0,"thinking_detected":false,"outcome":"ok"}
{"event":"deep_research_model_call","step":"notes","think":false,"attempt":1,"wall_ms":4,"load_duration":0,"prompt_eval_count":0,"prompt_eval_duration":0,"eval_count":3,"eval_duration":0,"thinking_chars":0,"thinking_detected":false,"outcome":"ok"}
{"event":"deep_research_model_call","step":"notes","think":false,"attempt":1,"wall_ms":4,"load_duration":0,"prompt_eval_count":0,"prompt_eval_duration":0,"eval_count":3,"eval_duration":0,"thinking_chars":0,"thinking_detected":false,"outcome":"ok"}
{"event":"deep_research_model_call","step":"notes","think":false,"attempt":1,"wall_ms":4,"load_duration":0,"prompt_eval_count":0,"prompt_eval_duration":0,"eval_count":3,"eval_duration":0,"thinking_chars":0,"thinking_detected":false,"outcome":"ok"}
{"event":"deep_research_model_call","step":"notes","think":false,"attempt":1,"wall_ms":4,"load_duration":0,"prompt_eval_count":0,"prompt_eval_duration":0,"eval_count":3,"eval_duration":0,"thinking_chars":0,"thinking_detected":false,"outcome":"ok"}
{"event":"deep_research_model_call","step":"write","think":true,"attempt":1,"wall_ms":4,"load_duration":0,"prompt_eval_count":0,"prompt_eval_duration":0,"eval_count":3,"eval_duration":0,"thinking_chars":0,"thinking_detected":false,"outcome":"ok"}
{"event":"deep_research_run_end","notes_kept":6,"pages_read":6,"status":"complete","elapsed_ms":428}
{"event":"deep_research_model_call","step":"brief","think":false,"attempt":1,"wall_ms":0,"load_duration":0,"prompt_eval_count":0,"prompt_eval_duration":0,"eval_count":3,"eval_duration":0,"thinking_chars":0,"thinking_detected":false,"outcome":"ok"}
{"event":"deep_research_model_call","step":"plan","think":true,"attempt":1,"wall_ms":0,"load_duration":0,"prompt_eval_count":0,"prompt_eval_duration":0,"eval_count":3,"eval_duration":0,"thinking_chars":0,"thinking_detected":false,"outcome":"ok"}
{"event":"deep_research_model_call","step":"queries","think":false,"attempt":1,"wall_ms":0,"load_duration":0,"prompt_eval_count":0,"prompt_eval_duration":0,"eval_count":3,"eval_duration":0,"thinking_chars":0,"thinking_detected":false,"outcome":"ok"}
{"event":"deep_research_model_call","step":"pages","think":false,"attempt":1,"wall_ms":0,"load_duration":0,"prompt_eval_count":0,"prompt_eval_duration":0,"eval_count":3,"eval_duration":0,"thinking_chars":0,"thinking_detected":false,"outcome":"ok"}
{"event":"deep_research_model_call","step":"notes","think":false,"attempt":1,"wall_ms":0,"load_duration":0,"prompt_eval_count":0,"prompt_eval_duration":0,"eval_count":3,"eval_duration":0,"thinking_chars":0,"thinking_detected":false,"outcome":"ok"}
{"event":"deep_research_model_call","step":"queries","think":false,"attempt":1,"wall_ms":0,"load_duration":0,"prompt_eval_count":0,"prompt_eval_duration":0,"eval_count":3,"eval_duration":0,"thinking_chars":0,"thinking_detected":false,"outcome":"ok"}
{"event":"deep_research_model_call","step":"pages","think":false,"attempt":1,"wall_ms":0,"load_duration":0,"prompt_eval_count":0,"prompt_eval_duration":0,"eval_count":3,"eval_duration":0,"thinking_chars":0,"thinking_detected":false,"outcome":"ok"}
{"event":"deep_research_model_call","step":"write","think":true,"attempt":1,"wall_ms":0,"load_duration":0,"prompt_eval_count":0,"prompt_eval_duration":0,"eval_count":3,"eval_duration":0,"thinking_chars":0,"thinking_detected":false,"outcome":"ok"}
{"event":"deep_research_run_end","notes_kept":1,"pages_read":2,"status":"partial","elapsed_ms":605}
{"event":"deep_research_model_call","step":"brief","think":false,"attempt":1,"wall_ms":1,"load_duration":0,"prompt_eval_count":0,"prompt_eval_duration":0,"eval_count":3,"eval_duration":0,"thinking_chars":0,"thinking_detected":false,"outcome":"ok"}
{"event":"deep_research_model_call","step":"plan","think":true,"attempt":1,"wall_ms":0,"load_duration":0,"prompt_eval_count":0,"prompt_eval_duration":0,"eval_count":3,"eval_duration":0,"thinking_chars":0,"thinking_detected":false,"outcome":"ok"}
{"event":"deep_research_model_call","step":"queries","think":false,"attempt":1,"wall_ms":0,"load_duration":0,"prompt_eval_count":0,"prompt_eval_duration":0,"eval_count":3,"eval_duration":0,"thinking_chars":0,"thinking_detected":false,"outcome":"ok"}
{"event":"deep_research_model_call","step":"pages","think":false,"attempt":1,"wall_ms":0,"load_duration":0,"prompt_eval_count":0,"prompt_eval_duration":0,"eval_count":3,"eval_duration":0,"thinking_chars":0,"thinking_detected":false,"outcome":"ok"}
{"event":"deep_research_model_call","step":"notes","think":false,"attempt":1,"wall_ms":0,"load_duration":0,"prompt_eval_count":0,"prompt_eval_duration":0,"eval_count":3,"eval_duration":0,"thinking_chars":0,"thinking_detected":false,"outcome":"ok"}
{"event":"deep_research_model_call","step":"queries","think":false,"attempt":1,"wall_ms":0,"load_duration":0,"prompt_eval_count":0,"prompt_eval_duration":0,"eval_count":3,"eval_duration":0,"thinking_chars":0,"thinking_detected":false,"outcome":"ok"}
{"event":"deep_research_model_call","step":"pages","think":false,"attempt":1,"wall_ms":0,"load_duration":0,"prompt_eval_count":0,"prompt_eval_duration":0,"eval_count":3,"eval_duration":0,"thinking_chars":0,"thinking_detected":false,"outcome":"ok"}
{"event":"deep_research_model_call","step":"write","think":true,"attempt":1,"wall_ms":1,"load_duration":0,"prompt_eval_count":0,"prompt_eval_duration":0,"eval_count":3,"eval_duration":0,"thinking_chars":0,"thinking_detected":false,"outcome":"ok"}
{"event":"deep_research_run_end","notes_kept":1,"pages_read":1,"status":"partial","elapsed_ms":5}

src/http/deepResearchPlanCount.test.ts:
{"event":"deep_research_run_end","notes_kept":4,"pages_read":6,"status":"complete","elapsed_ms":3}
{"event":"deep_research_run_end","notes_kept":4,"pages_read":6,"status":"complete","elapsed_ms":2}
{"event":"deep_research_run_end","notes_kept":4,"pages_read":6,"status":"complete","elapsed_ms":1}
{"event":"deep_research_run_end","notes_kept":6,"pages_read":6,"status":"complete","elapsed_ms":2}
{"event":"deep_research_run_end","notes_kept":6,"pages_read":6,"status":"complete","elapsed_ms":1}

src/http/deepResearchPrices.test.ts:
{"event":"deep_research_run_end","notes_kept":4,"pages_read":6,"status":"complete","elapsed_ms":2}
{"event":"deep_research_run_end","notes_kept":4,"pages_read":6,"status":"complete","elapsed_ms":1}
{"event":"deep_research_run_end","notes_kept":4,"pages_read":6,"status":"complete","elapsed_ms":1}
{"event":"deep_research_run_end","notes_kept":4,"pages_read":6,"status":"complete","elapsed_ms":2}
{"event":"deep_research_run_end","notes_kept":4,"pages_read":6,"status":"complete","elapsed_ms":1}
{"event":"deep_research_run_end","notes_kept":4,"pages_read":6,"status":"complete","elapsed_ms":1}

src/http/deepResearchResume.test.ts:
{"event":"deep_research_model_call","step":"brief","think":false,"attempt":1,"wall_ms":0,"load_duration":0,"prompt_eval_count":0,"prompt_eval_duration":0,"eval_count":3,"eval_duration":0,"thinking_chars":0,"thinking_detected":false,"outcome":"ok"}
{"event":"deep_research_model_call","step":"plan","think":true,"attempt":1,"wall_ms":0,"load_duration":0,"prompt_eval_count":0,"prompt_eval_duration":0,"eval_count":3,"eval_duration":0,"thinking_chars":0,"thinking_detected":false,"outcome":"ok"}
{"event":"deep_research_model_call","step":"plan","think":false,"attempt":1,"wall_ms":0,"load_duration":0,"prompt_eval_count":0,"prompt_eval_duration":0,"eval_count":3,"eval_duration":0,"thinking_chars":0,"thinking_detected":false,"outcome":"ok"}
{"event":"deep_research_model_call","step":"queries","think":false,"attempt":1,"wall_ms":0,"load_duration":0,"prompt_eval_count":0,"prompt_eval_duration":0,"eval_count":3,"eval_duration":0,"thinking_chars":0,"thinking_detected":false,"outcome":"ok"}
{"event":"deep_research_model_call","step":"pages","think":false,"attempt":1,"wall_ms":0,"load_duration":0,"prompt_eval_count":0,"prompt_eval_duration":0,"eval_count":3,"eval_duration":0,"thinking_chars":0,"thinking_detected":false,"outcome":"ok"}
{"event":"deep_research_model_call","step":"notes","think":false,"attempt":1,"wall_ms":0,"load_duration":0,"prompt_eval_count":0,"prompt_eval_duration":0,"eval_count":3,"eval_duration":0,"thinking_chars":0,"thinking_detected":false,"outcome":"ok"}
{"event":"deep_research_model_call","step":"queries","think":false,"attempt":1,"wall_ms":0,"load_duration":0,"prompt_eval_count":0,"prompt_eval_duration":0,"eval_count":3,"eval_duration":0,"thinking_chars":0,"thinking_detected":false,"outcome":"ok"}
{"event":"deep_research_model_call","step":"queries","think":false,"attempt":1,"wall_ms":0,"load_duration":0,"prompt_eval_count":0,"prompt_eval_duration":0,"eval_count":3,"eval_duration":0,"thinking_chars":0,"thinking_detected":false,"outcome":"ok"}
{"event":"deep_research_model_call","step":"queries","think":false,"attempt":1,"wall_ms":0,"load_duration":0,"prompt_eval_count":0,"prompt_eval_duration":0,"eval_count":3,"eval_duration":0,"thinking_chars":0,"thinking_detected":false,"outcome":"ok"}
{"event":"deep_research_model_call","step":"pages","think":false,"attempt":1,"wall_ms":0,"load_duration":0,"prompt_eval_count":0,"prompt_eval_duration":0,"eval_count":3,"eval_duration":0,"thinking_chars":0,"thinking_detected":false,"outcome":"ok"}
{"event":"deep_research_model_call","step":"notes","think":false,"attempt":1,"wall_ms":0,"load_duration":0,"prompt_eval_count":0,"prompt_eval_duration":0,"eval_count":3,"eval_duration":0,"thinking_chars":0,"thinking_detected":false,"outcome":"ok"}
{"event":"deep_research_model_call","step":"queries","think":false,"attempt":1,"wall_ms":0,"load_duration":0,"prompt_eval_count":0,"prompt_eval_duration":0,"eval_count":3,"eval_duration":0,"thinking_chars":0,"thinking_detected":false,"outcome":"ok"}
{"event":"deep_research_model_call","step":"queries","think":false,"attempt":1,"wall_ms":0,"load_duration":0,"prompt_eval_count":0,"prompt_eval_duration":0,"eval_count":3,"eval_duration":0,"thinking_chars":0,"thinking_detected":false,"outcome":"ok"}
{"event":"deep_research_model_call","step":"queries","think":false,"attempt":1,"wall_ms":0,"load_duration":0,"prompt_eval_count":0,"prompt_eval_duration":0,"eval_count":3,"eval_duration":0,"thinking_chars":0,"thinking_detected":false,"outcome":"ok"}
{"event":"deep_research_model_call","step":"pages","think":false,"attempt":1,"wall_ms":0,"load_duration":0,"prompt_eval_count":0,"prompt_eval_duration":0,"eval_count":3,"eval_duration":0,"thinking_chars":0,"thinking_detected":false,"outcome":"ok"}
{"event":"deep_research_model_call","step":"notes","think":false,"attempt":1,"wall_ms":0,"load_duration":0,"prompt_eval_count":0,"prompt_eval_duration":0,"eval_count":3,"eval_duration":0,"thinking_chars":0,"thinking_detected":false,"outcome":"ok"}
{"event":"deep_research_model_call","step":"notes","think":false,"attempt":1,"wall_ms":0,"load_duration":0,"prompt_eval_count":0,"prompt_eval_duration":0,"eval_count":3,"eval_duration":0,"thinking_chars":0,"thinking_detected":false,"outcome":"ok"}
{"event":"deep_research_model_call","step":"notes","think":false,"attempt":1,"wall_ms":0,"load_duration":0,"prompt_eval_count":0,"prompt_eval_duration":0,"eval_count":3,"eval_duration":0,"thinking_chars":0,"thinking_detected":false,"outcome":"ok"}
{"event":"deep_research_model_call","step":"notes","think":false,"attempt":1,"wall_ms":0,"load_duration":0,"prompt_eval_count":0,"prompt_eval_duration":0,"eval_count":3,"eval_duration":0,"thinking_chars":0,"thinking_detected":false,"outcome":"ok"}
{"event":"deep_research_model_call","step":"write","think":true,"attempt":1,"wall_ms":0,"load_duration":0,"prompt_eval_count":0,"prompt_eval_duration":0,"eval_count":3,"eval_duration":0,"thinking_chars":0,"thinking_detected":false,"outcome":"ok"}
{"event":"deep_research_run_end","notes_kept":4,"pages_read":6,"status":"complete","elapsed_ms":55}
{"event":"deep_research_model_call","step":"brief","think":false,"attempt":1,"wall_ms":0,"load_duration":0,"prompt_eval_count":0,"prompt_eval_duration":0,"eval_count":3,"eval_duration":0,"thinking_chars":0,"thinking_detected":false,"outcome":"ok"}
{"event":"deep_research_model_call","step":"plan","think":true,"attempt":1,"wall_ms":0,"load_duration":0,"prompt_eval_count":0,"prompt_eval_duration":0,"eval_count":3,"eval_duration":0,"thinking_chars":0,"thinking_detected":false,"outcome":"ok"}
{"event":"deep_research_model_call","step":"plan","think":false,"attempt":1,"wall_ms":0,"load_duration":0,"prompt_eval_count":0,"prompt_eval_duration":0,"eval_count":3,"eval_duration":0,"thinking_chars":0,"thinking_detected":false,"outcome":"ok"}
{"event":"deep_research_model_call","step":"queries","think":false,"attempt":1,"wall_ms":0,"load_duration":0,"prompt_eval_count":0,"prompt_eval_duration":0,"eval_count":3,"eval_duration":0,"thinking_chars":0,"thinking_detected":false,"outcome":"ok"}
{"event":"deep_research_model_call","step":"pages","think":false,"attempt":1,"wall_ms":0,"load_duration":0,"prompt_eval_count":0,"prompt_eval_duration":0,"eval_count":3,"eval_duration":0,"thinking_chars":0,"thinking_detected":false,"outcome":"ok"}
{"event":"deep_research_model_call","step":"notes","think":false,"attempt":1,"wall_ms":0,"load_duration":0,"prompt_eval_count":0,"prompt_eval_duration":0,"eval_count":3,"eval_duration":0,"thinking_chars":0,"thinking_detected":false,"outcome":"ok"}
{"event":"deep_research_model_call","step":"queries","think":false,"attempt":1,"wall_ms":0,"load_duration":0,"prompt_eval_count":0,"prompt_eval_duration":0,"eval_count":3,"eval_duration":0,"thinking_chars":0,"thinking_detected":false,"outcome":"ok"}
{"event":"deep_research_model_call","step":"queries","think":false,"attempt":1,"wall_ms":0,"load_duration":0,"prompt_eval_count":0,"prompt_eval_duration":0,"eval_count":3,"eval_duration":0,"thinking_chars":0,"thinking_detected":false,"outcome":"ok"}
{"event":"deep_research_model_call","step":"queries","think":false,"attempt":1,"wall_ms":0,"load_duration":0,"prompt_eval_count":0,"prompt_eval_duration":0,"eval_count":3,"eval_duration":0,"thinking_chars":0,"thinking_detected":false,"outcome":"ok"}
{"event":"deep_research_model_call","step":"pages","think":false,"attempt":1,"wall_ms":0,"load_duration":0,"prompt_eval_count":0,"prompt_eval_duration":0,"eval_count":3,"eval_duration":0,"thinking_chars":0,"thinking_detected":false,"outcome":"ok"}
{"event":"deep_research_model_call","step":"notes","think":false,"attempt":1,"wall_ms":0,"load_duration":0,"prompt_eval_count":0,"prompt_eval_duration":0,"eval_count":3,"eval_duration":0,"thinking_chars":0,"thinking_detected":false,"outcome":"ok"}
{"event":"deep_research_model_call","step":"queries","think":false,"attempt":1,"wall_ms":0,"load_duration":0,"prompt_eval_count":0,"prompt_eval_duration":0,"eval_count":3,"eval_duration":0,"thinking_chars":0,"thinking_detected":false,"outcome":"ok"}
{"event":"deep_research_model_call","step":"queries","think":false,"attempt":1,"wall_ms":0,"load_duration":0,"prompt_eval_count":0,"prompt_eval_duration":0,"eval_count":3,"eval_duration":0,"thinking_chars":0,"thinking_detected":false,"outcome":"ok"}
{"event":"deep_research_model_call","step":"queries","think":false,"attempt":1,"wall_ms":0,"load_duration":0,"prompt_eval_count":0,"prompt_eval_duration":0,"eval_count":3,"eval_duration":0,"thinking_chars":0,"thinking_detected":false,"outcome":"ok"}
{"event":"deep_research_model_call","step":"pages","think":false,"attempt":1,"wall_ms":0,"load_duration":0,"prompt_eval_count":0,"prompt_eval_duration":0,"eval_count":3,"eval_duration":0,"thinking_chars":0,"thinking_detected":false,"outcome":"ok"}
{"event":"deep_research_model_call","step":"notes","think":false,"attempt":1,"wall_ms":0,"load_duration":0,"prompt_eval_count":0,"prompt_eval_duration":0,"eval_count":3,"eval_duration":0,"thinking_chars":0,"thinking_detected":false,"outcome":"ok"}
{"event":"deep_research_model_call","step":"notes","think":false,"attempt":1,"wall_ms":0,"load_duration":0,"prompt_eval_count":0,"prompt_eval_duration":0,"eval_count":3,"eval_duration":0,"thinking_chars":0,"thinking_detected":false,"outcome":"ok"}
{"event":"deep_research_model_call","step":"notes","think":false,"attempt":1,"wall_ms":0,"load_duration":0,"prompt_eval_count":0,"prompt_eval_duration":0,"eval_count":3,"eval_duration":0,"thinking_chars":0,"thinking_detected":false,"outcome":"ok"}
{"event":"deep_research_model_call","step":"notes","think":false,"attempt":1,"wall_ms":0,"load_duration":0,"prompt_eval_count":0,"prompt_eval_duration":0,"eval_count":3,"eval_duration":0,"thinking_chars":0,"thinking_detected":false,"outcome":"ok"}
{"event":"deep_research_model_call","step":"write","think":true,"attempt":1,"wall_ms":0,"load_duration":0,"prompt_eval_count":0,"prompt_eval_duration":0,"eval_count":3,"eval_duration":0,"thinking_chars":0,"thinking_detected":false,"outcome":"ok"}
{"event":"deep_research_run_end","notes_kept":4,"pages_read":6,"status":"complete","elapsed_ms":2}
{"event":"deep_research_model_call","step":"brief","think":false,"attempt":1,"wall_ms":0,"load_duration":0,"prompt_eval_count":0,"prompt_eval_duration":0,"eval_count":3,"eval_duration":0,"thinking_chars":0,"thinking_detected":false,"outcome":"ok"}
{"event":"deep_research_model_call","step":"plan","think":true,"attempt":1,"wall_ms":0,"load_duration":0,"prompt_eval_count":0,"prompt_eval_duration":0,"eval_count":3,"eval_duration":0,"thinking_chars":0,"thinking_detected":false,"outcome":"ok"}
{"event":"deep_research_model_call","step":"plan","think":false,"attempt":1,"wall_ms":0,"load_duration":0,"prompt_eval_count":0,"prompt_eval_duration":0,"eval_count":3,"eval_duration":0,"thinking_chars":0,"thinking_detected":false,"outcome":"ok"}
{"event":"deep_research_model_call","step":"queries","think":false,"attempt":1,"wall_ms":0,"load_duration":0,"prompt_eval_count":0,"prompt_eval_duration":0,"eval_count":3,"eval_duration":0,"thinking_chars":0,"thinking_detected":false,"outcome":"ok"}
{"event":"deep_research_model_call","step":"pages","think":false,"attempt":1,"wall_ms":0,"load_duration":0,"prompt_eval_count":0,"prompt_eval_duration":0,"eval_count":3,"eval_duration":0,"thinking_chars":0,"thinking_detected":false,"outcome":"ok"}

src/http/deepResearch.test.ts:
{"event":"deep_research_model_call","step":"brief","think":false,"attempt":1,"wall_ms":0,"load_duration":0,"prompt_eval_count":0,"prompt_eval_duration":0,"eval_count":3,"eval_duration":0,"thinking_chars":0,"thinking_detected":false,"outcome":"ok"}
{"event":"deep_research_model_call","step":"plan","think":true,"attempt":1,"wall_ms":0,"load_duration":0,"prompt_eval_count":0,"prompt_eval_duration":0,"eval_count":3,"eval_duration":0,"thinking_chars":0,"thinking_detected":false,"outcome":"ok"}
{"event":"deep_research_model_call","step":"plan","think":false,"attempt":1,"wall_ms":0,"load_duration":0,"prompt_eval_count":0,"prompt_eval_duration":0,"eval_count":3,"eval_duration":0,"thinking_chars":0,"thinking_detected":false,"outcome":"ok"}
{"event":"deep_research_model_call","step":"queries","think":false,"attempt":1,"wall_ms":0,"load_duration":0,"prompt_eval_count":0,"prompt_eval_duration":0,"eval_count":3,"eval_duration":0,"thinking_chars":0,"thinking_detected":false,"outcome":"ok"}
{"event":"deep_research_model_call","step":"pages","think":false,"attempt":1,"wall_ms":0,"load_duration":0,"prompt_eval_count":0,"prompt_eval_duration":0,"eval_count":3,"eval_duration":0,"thinking_chars":0,"thinking_detected":false,"outcome":"ok"}
{"event":"deep_research_model_call","step":"notes","think":false,"attempt":1,"wall_ms":0,"load_duration":0,"prompt_eval_count":0,"prompt_eval_duration":0,"eval_count":3,"eval_duration":0,"thinking_chars":0,"thinking_detected":false,"outcome":"ok"}
{"event":"deep_research_model_call","step":"queries","think":false,"attempt":1,"wall_ms":1,"load_duration":0,"prompt_eval_count":0,"prompt_eval_duration":0,"eval_count":3,"eval_duration":0,"thinking_chars":0,"thinking_detected":false,"outcome":"ok"}
{"event":"deep_research_model_call","step":"queries","think":false,"attempt":1,"wall_ms":0,"load_duration":0,"prompt_eval_count":0,"prompt_eval_duration":0,"eval_count":3,"eval_duration":0,"thinking_chars":0,"thinking_detected":false,"outcome":"ok"}
{"event":"deep_research_model_call","step":"queries","think":false,"attempt":1,"wall_ms":0,"load_duration":0,"prompt_eval_count":0,"prompt_eval_duration":0,"eval_count":3,"eval_duration":0,"thinking_chars":0,"thinking_detected":false,"outcome":"ok"}
{"event":"deep_research_model_call","step":"pages","think":false,"attempt":1,"wall_ms":0,"load_duration":0,"prompt_eval_count":0,"prompt_eval_duration":0,"eval_count":3,"eval_duration":0,"thinking_chars":0,"thinking_detected":false,"outcome":"ok"}
{"event":"deep_research_model_call","step":"notes","think":false,"attempt":1,"wall_ms":0,"load_duration":0,"prompt_eval_count":0,"prompt_eval_duration":0,"eval_count":3,"eval_duration":0,"thinking_chars":0,"thinking_detected":false,"outcome":"ok"}
{"event":"deep_research_model_call","step":"queries","think":false,"attempt":1,"wall_ms":0,"load_duration":0,"prompt_eval_count":0,"prompt_eval_duration":0,"eval_count":3,"eval_duration":0,"thinking_chars":0,"thinking_detected":false,"outcome":"ok"}
{"event":"deep_research_model_call","step":"queries","think":false,"attempt":1,"wall_ms":0,"load_duration":0,"prompt_eval_count":0,"prompt_eval_duration":0,"eval_count":3,"eval_duration":0,"thinking_chars":0,"thinking_detected":false,"outcome":"ok"}
{"event":"deep_research_model_call","step":"queries","think":false,"attempt":1,"wall_ms":0,"load_duration":0,"prompt_eval_count":0,"prompt_eval_duration":0,"eval_count":3,"eval_duration":0,"thinking_chars":0,"thinking_detected":false,"outcome":"ok"}
{"event":"deep_research_model_call","step":"pages","think":false,"attempt":1,"wall_ms":0,"load_duration":0,"prompt_eval_count":0,"prompt_eval_duration":0,"eval_count":3,"eval_duration":0,"thinking_chars":0,"thinking_detected":false,"outcome":"ok"}
{"event":"deep_research_model_call","step":"notes","think":false,"attempt":1,"wall_ms":0,"load_duration":0,"prompt_eval_count":0,"prompt_eval_duration":0,"eval_count":3,"eval_duration":0,"thinking_chars":0,"thinking_detected":false,"outcome":"ok"}
{"event":"deep_research_model_call","step":"notes","think":false,"attempt":1,"wall_ms":0,"load_duration":0,"prompt_eval_count":0,"prompt_eval_duration":0,"eval_count":3,"eval_duration":0,"thinking_chars":0,"thinking_detected":false,"outcome":"ok"}
{"event":"deep_research_model_call","step":"notes","think":false,"attempt":1,"wall_ms":0,"load_duration":0,"prompt_eval_count":0,"prompt_eval_duration":0,"eval_count":3,"eval_duration":0,"thinking_chars":0,"thinking_detected":false,"outcome":"ok"}
{"event":"deep_research_model_call","step":"notes","think":false,"attempt":1,"wall_ms":0,"load_duration":0,"prompt_eval_count":0,"prompt_eval_duration":0,"eval_count":3,"eval_duration":0,"thinking_chars":0,"thinking_detected":false,"outcome":"ok"}
{"event":"deep_research_model_call","step":"write","think":true,"attempt":1,"wall_ms":0,"load_duration":0,"prompt_eval_count":0,"prompt_eval_duration":0,"eval_count":3,"eval_duration":0,"thinking_chars":0,"thinking_detected":false,"outcome":"ok"}
{"event":"deep_research_run_end","notes_kept":4,"pages_read":6,"status":"complete","elapsed_ms":4}
{"event":"deep_research_model_call","step":"brief","think":false,"attempt":1,"wall_ms":0,"load_duration":0,"prompt_eval_count":0,"prompt_eval_duration":0,"eval_count":3,"eval_duration":0,"thinking_chars":0,"thinking_detected":false,"outcome":"ok"}
{"event":"deep_research_model_call","step":"plan","think":true,"attempt":1,"wall_ms":0,"load_duration":0,"prompt_eval_count":0,"prompt_eval_duration":0,"eval_count":3,"eval_duration":0,"thinking_chars":0,"thinking_detected":false,"outcome":"ok"}
{"event":"deep_research_model_call","step":"plan","think":false,"attempt":1,"wall_ms":0,"load_duration":0,"prompt_eval_count":0,"prompt_eval_duration":0,"eval_count":3,"eval_duration":0,"thinking_chars":0,"thinking_detected":false,"outcome":"ok"}
{"event":"deep_research_model_call","step":"queries","think":false,"attempt":1,"wall_ms":0,"load_duration":0,"prompt_eval_count":0,"prompt_eval_duration":0,"eval_count":3,"eval_duration":0,"thinking_chars":0,"thinking_detected":false,"outcome":"ok"}
{"event":"deep_research_model_call","step":"pages","think":false,"attempt":1,"wall_ms":1,"load_duration":0,"prompt_eval_count":0,"prompt_eval_duration":0,"eval_count":3,"eval_duration":0,"thinking_chars":0,"thinking_detected":false,"outcome":"ok"}
{"event":"deep_research_model_call","step":"notes","think":false,"attempt":1,"wall_ms":0,"load_duration":0,"prompt_eval_count":0,"prompt_eval_duration":0,"eval_count":3,"eval_duration":0,"thinking_chars":0,"thinking_detected":false,"outcome":"ok"}
{"event":"deep_research_model_call","step":"queries","think":false,"attempt":1,"wall_ms":0,"load_duration":0,"prompt_eval_count":0,"prompt_eval_duration":0,"eval_count":3,"eval_duration":0,"thinking_chars":0,"thinking_detected":false,"outcome":"ok"}
{"event":"deep_research_model_call","step":"queries","think":false,"attempt":1,"wall_ms":1,"load_duration":0,"prompt_eval_count":0,"prompt_eval_duration":0,"eval_count":3,"eval_duration":0,"thinking_chars":0,"thinking_detected":false,"outcome":"ok"}
{"event":"deep_research_model_call","step":"queries","think":false,"attempt":1,"wall_ms":1,"load_duration":0,"prompt_eval_count":0,"prompt_eval_duration":0,"eval_count":3,"eval_duration":0,"thinking_chars":0,"thinking_detected":false,"outcome":"ok"}
{"event":"deep_research_model_call","step":"write","think":true,"attempt":1,"wall_ms":1,"load_duration":0,"prompt_eval_count":0,"prompt_eval_duration":0,"eval_count":3,"eval_duration":0,"thinking_chars":0,"thinking_detected":false,"outcome":"ok"}
{"event":"deep_research_run_end","notes_kept":1,"pages_read":2,"status":"partial","elapsed_ms":714}
{"event":"deep_research_model_call","step":"brief","think":false,"attempt":1,"wall_ms":0,"load_duration":0,"prompt_eval_count":0,"prompt_eval_duration":0,"eval_count":3,"eval_duration":0,"thinking_chars":0,"thinking_detected":false,"outcome":"ok"}
{"event":"deep_research_model_call","step":"plan","think":true,"attempt":1,"wall_ms":0,"load_duration":0,"prompt_eval_count":0,"prompt_eval_duration":0,"eval_count":3,"eval_duration":0,"thinking_chars":0,"thinking_detected":false,"outcome":"ok"}
{"event":"deep_research_model_call","step":"plan","think":false,"attempt":1,"wall_ms":0,"load_duration":0,"prompt_eval_count":0,"prompt_eval_duration":0,"eval_count":3,"eval_duration":0,"thinking_chars":0,"thinking_detected":false,"outcome":"ok"}
{"event":"deep_research_model_call","step":"queries","think":false,"attempt":1,"wall_ms":0,"load_duration":0,"prompt_eval_count":0,"prompt_eval_duration":0,"eval_count":3,"eval_duration":0,"thinking_chars":0,"thinking_detected":false,"outcome":"ok"}
{"event":"deep_research_model_call","step":"queries","think":false,"attempt":1,"wall_ms":0,"load_duration":0,"prompt_eval_count":0,"prompt_eval_duration":0,"eval_count":3,"eval_duration":0,"thinking_chars":0,"thinking_detected":false,"outcome":"ok"}
{"event":"deep_research_model_call","step":"queries","think":false,"attempt":1,"wall_ms":0,"load_duration":0,"prompt_eval_count":0,"prompt_eval_duration":0,"eval_count":3,"eval_duration":0,"thinking_chars":0,"thinking_detected":false,"outcome":"ok"}
{"event":"deep_research_model_call","step":"queries","think":false,"attempt":1,"wall_ms":1,"load_duration":0,"prompt_eval_count":0,"prompt_eval_duration":0,"eval_count":3,"eval_duration":0,"thinking_chars":0,"thinking_detected":false,"outcome":"ok"}
{"event":"deep_research_model_call","step":"queries","think":false,"attempt":1,"wall_ms":0,"load_duration":0,"prompt_eval_count":0,"prompt_eval_duration":0,"eval_count":3,"eval_duration":0,"thinking_chars":0,"thinking_detected":false,"outcome":"ok"}
{"event":"deep_research_model_call","step":"queries","think":false,"attempt":1,"wall_ms":0,"load_duration":0,"prompt_eval_count":0,"prompt_eval_duration":0,"eval_count":3,"eval_duration":0,"thinking_chars":0,"thinking_detected":false,"outcome":"ok"}
{"event":"deep_research_model_call","step":"queries","think":false,"attempt":1,"wall_ms":0,"load_duration":0,"prompt_eval_count":0,"prompt_eval_duration":0,"eval_count":3,"eval_duration":0,"thinking_chars":0,"thinking_detected":false,"outcome":"ok"}
{"event":"deep_research_model_call","step":"gap","think":false,"attempt":1,"wall_ms":0,"load_duration":0,"prompt_eval_count":0,"prompt_eval_duration":0,"eval_count":3,"eval_duration":0,"thinking_chars":0,"thinking_detected":false,"outcome":"ok"}
{"event":"deep_research_model_call","step":"gap","think":false,"attempt":1,"wall_ms":0,"load_duration":0,"prompt_eval_count":0,"prompt_eval_duration":0,"eval_count":3,"eval_duration":0,"thinking_chars":0,"thinking_detected":false,"outcome":"ok"}
{"event":"deep_research_run_end","notes_kept":0,"pages_read":0,"status":"failed","elapsed_ms":2}
{"event":"deep_research_model_call","step":"brief","think":false,"attempt":1,"wall_ms":0,"load_duration":0,"prompt_eval_count":0,"prompt_eval_duration":0,"eval_count":3,"eval_duration":0,"thinking_chars":0,"thinking_detected":false,"outcome":"ok"}
{"event":"deep_research_model_call","step":"plan","think":true,"attempt":1,"wall_ms":0,"load_duration":0,"prompt_eval_count":0,"prompt_eval_duration":0,"eval_count":3,"eval_duration":0,"thinking_chars":0,"thinking_detected":false,"outcome":"ok"}
{"event":"deep_research_model_call","step":"plan","think":false,"attempt":1,"wall_ms":1,"load_duration":0,"prompt_eval_count":0,"prompt_eval_duration":0,"eval_count":3,"eval_duration":0,"thinking_chars":0,"thinking_detected":false,"outcome":"ok"}
{"event":"deep_research_model_call","step":"queries","think":false,"attempt":1,"wall_ms":0,"load_duration":0,"prompt_eval_count":0,"prompt_eval_duration":0,"eval_count":3,"eval_duration":0,"thinking_chars":0,"thinking_detected":false,"outcome":"ok"}
{"event":"deep_research_run_end","notes_kept":0,"pages_read":0,"status":"failed","elapsed_ms":615}
{"event":"deep_research_model_call","step":"brief","think":false,"attempt":1,"wall_ms":0,"load_duration":0,"prompt_eval_count":0,"prompt_eval_duration":0,"eval_count":3,"eval_duration":0,"thinking_chars":0,"thinking_detected":false,"outcome":"ok"}
{"event":"deep_research_model_call","step":"plan","think":true,"attempt":1,"wall_ms":1,"load_duration":0,"prompt_eval_count":0,"prompt_eval_duration":0,"eval_count":3,"eval_duration":0,"thinking_chars":0,"thinking_detected":false,"outcome":"ok"}
{"event":"deep_research_model_call","step":"plan","think":false,"attempt":1,"wall_ms":0,"load_duration":0,"prompt_eval_count":0,"prompt_eval_duration":0,"eval_count":3,"eval_duration":0,"thinking_chars":0,"thinking_detected":false,"outcome":"ok"}
{"event":"deep_research_model_call","step":"queries","think":false,"attempt":1,"wall_ms":0,"load_duration":0,"prompt_eval_count":0,"prompt_eval_duration":0,"eval_count":3,"eval_duration":0,"thinking_chars":0,"thinking_detected":false,"outcome":"ok"}
{"event":"deep_research_model_call","step":"pages","think":false,"attempt":1,"wall_ms":0,"load_duration":0,"prompt_eval_count":0,"prompt_eval_duration":0,"eval_count":3,"eval_duration":0,"thinking_chars":0,"thinking_detected":false,"outcome":"ok"}
{"event":"deep_research_model_call","step":"notes","think":false,"attempt":1,"wall_ms":0,"load_duration":0,"prompt_eval_count":0,"prompt_eval_duration":0,"eval_count":3,"eval_duration":0,"thinking_chars":0,"thinking_detected":false,"outcome":"ok"}
{"event":"deep_research_model_call","step":"queries","think":false,"attempt":1,"wall_ms":0,"load_duration":0,"prompt_eval_count":0,"prompt_eval_duration":0,"eval_count":3,"eval_duration":0,"thinking_chars":0,"thinking_detected":false,"outcome":"ok"}
{"event":"deep_research_model_call","step":"queries","think":false,"attempt":1,"wall_ms":0,"load_duration":0,"prompt_eval_count":0,"prompt_eval_duration":0,"eval_count":3,"eval_duration":0,"thinking_chars":0,"thinking_detected":false,"outcome":"ok"}
{"event":"deep_research_model_call","step":"queries","think":false,"attempt":1,"wall_ms":0,"load_duration":0,"prompt_eval_count":0,"prompt_eval_duration":0,"eval_count":3,"eval_duration":0,"thinking_chars":0,"thinking_detected":false,"outcome":"ok"}
{"event":"deep_research_model_call","step":"pages","think":false,"attempt":1,"wall_ms":0,"load_duration":0,"prompt_eval_count":0,"prompt_eval_duration":0,"eval_count":3,"eval_duration":0,"thinking_chars":0,"thinking_detected":false,"outcome":"ok"}
{"event":"deep_research_model_call","step":"write","think":true,"attempt":1,"wall_ms":1,"load_duration":0,"prompt_eval_count":0,"prompt_eval_duration":0,"eval_count":3,"eval_duration":0,"thinking_chars":0,"thinking_detected":false,"outcome":"ok"}
{"event":"deep_research_run_end","notes_kept":1,"pages_read":1,"status":"partial","elapsed_ms":604}
{"event":"deep_research_model_call","step":"brief","think":false,"attempt":1,"wall_ms":602,"load_duration":null,"prompt_eval_count":null,"prompt_eval_duration":null,"eval_count":null,"eval_duration":null,"thinking_chars":0,"thinking_detected":false,"outcome":"aborted"}
{"event":"deep_research_model_call","step":"write","think":true,"attempt":1,"wall_ms":1,"load_duration":0,"prompt_eval_count":0,"prompt_eval_duration":0,"eval_count":3,"eval_duration":0,"thinking_chars":0,"thinking_detected":false,"outcome":"ok"}
{"event":"deep_research_run_end","notes_kept":0,"pages_read":0,"status":"partial","elapsed_ms":604}
{"event":"deep_research_model_call","step":"brief","think":false,"attempt":1,"wall_ms":0,"load_duration":0,"prompt_eval_count":0,"prompt_eval_duration":0,"eval_count":3,"eval_duration":0,"thinking_chars":0,"thinking_detected":false,"outcome":"ok"}
{"event":"deep_research_model_call","step":"plan","think":true,"attempt":1,"wall_ms":0,"load_duration":0,"prompt_eval_count":0,"prompt_eval_duration":0,"eval_count":3,"eval_duration":0,"thinking_chars":0,"thinking_detected":false,"outcome":"ok"}
{"event":"deep_research_model_call","step":"plan","think":false,"attempt":1,"wall_ms":0,"load_duration":0,"prompt_eval_count":0,"prompt_eval_duration":0,"eval_count":3,"eval_duration":0,"thinking_chars":0,"thinking_detected":false,"outcome":"ok"}
{"event":"deep_research_model_call","step":"queries","think":false,"attempt":1,"wall_ms":0,"load_duration":0,"prompt_eval_count":0,"prompt_eval_duration":0,"eval_count":3,"eval_duration":0,"thinking_chars":0,"thinking_detected":false,"outcome":"ok"}
{"event":"deep_research_model_call","step":"pages","think":false,"attempt":1,"wall_ms":0,"load_duration":0,"prompt_eval_count":0,"prompt_eval_duration":0,"eval_count":3,"eval_duration":0,"thinking_chars":0,"thinking_detected":false,"outcome":"ok"}
{"event":"deep_research_model_call","step":"notes","think":false,"attempt":1,"wall_ms":0,"load_duration":0,"prompt_eval_count":0,"prompt_eval_duration":0,"eval_count":3,"eval_duration":0,"thinking_chars":0,"thinking_detected":false,"outcome":"ok"}
{"event":"deep_research_model_call","step":"queries","think":false,"attempt":1,"wall_ms":0,"load_duration":0,"prompt_eval_count":0,"prompt_eval_duration":0,"eval_count":3,"eval_duration":0,"thinking_chars":0,"thinking_detected":false,"outcome":"ok"}
{"event":"deep_research_model_call","step":"queries","think":false,"attempt":1,"wall_ms":0,"load_duration":0,"prompt_eval_count":0,"prompt_eval_duration":0,"eval_count":3,"eval_duration":0,"thinking_chars":0,"thinking_detected":false,"outcome":"ok"}
{"event":"deep_research_model_call","step":"queries","think":false,"attempt":1,"wall_ms":0,"load_duration":0,"prompt_eval_count":0,"prompt_eval_duration":0,"eval_count":3,"eval_duration":0,"thinking_chars":0,"thinking_detected":false,"outcome":"ok"}
{"event":"deep_research_model_call","step":"pages","think":false,"attempt":1,"wall_ms":0,"load_duration":0,"prompt_eval_count":0,"prompt_eval_duration":0,"eval_count":3,"eval_duration":0,"thinking_chars":0,"thinking_detected":false,"outcome":"ok"}
{"event":"deep_research_model_call","step":"notes","think":false,"attempt":1,"wall_ms":0,"load_duration":0,"prompt_eval_count":0,"prompt_eval_duration":0,"eval_count":3,"eval_duration":0,"thinking_chars":0,"thinking_detected":false,"outcome":"ok"}
{"event":"deep_research_model_call","step":"queries","think":false,"attempt":1,"wall_ms":0,"load_duration":0,"prompt_eval_count":0,"prompt_eval_duration":0,"eval_count":3,"eval_duration":0,"thinking_chars":0,"thinking_detected":false,"outcome":"ok"}
{"event":"deep_research_model_call","step":"queries","think":false,"attempt":1,"wall_ms":0,"load_duration":0,"prompt_eval_count":0,"prompt_eval_duration":0,"eval_count":3,"eval_duration":0,"thinking_chars":0,"thinking_detected":false,"outcome":"ok"}
{"event":"deep_research_model_call","step":"queries","think":false,"attempt":1,"wall_ms":0,"load_duration":0,"prompt_eval_count":0,"prompt_eval_duration":0,"eval_count":3,"eval_duration":0,"thinking_chars":0,"thinking_detected":false,"outcome":"ok"}
{"event":"deep_research_model_call","step":"pages","think":false,"attempt":1,"wall_ms":0,"load_duration":0,"prompt_eval_count":0,"prompt_eval_duration":0,"eval_count":3,"eval_duration":0,"thinking_chars":0,"thinking_detected":false,"outcome":"ok"}
{"event":"deep_research_model_call","step":"notes","think":false,"attempt":1,"wall_ms":0,"load_duration":0,"prompt_eval_count":0,"prompt_eval_duration":0,"eval_count":3,"eval_duration":0,"thinking_chars":0,"thinking_detected":false,"outcome":"ok"}
{"event":"deep_research_model_call","step":"notes","think":false,"attempt":1,"wall_ms":0,"load_duration":0,"prompt_eval_count":0,"prompt_eval_duration":0,"eval_count":3,"eval_duration":0,"thinking_chars":0,"thinking_detected":false,"outcome":"ok"}
{"event":"deep_research_model_call","step":"notes","think":false,"attempt":1,"wall_ms":1,"load_duration":0,"prompt_eval_count":0,"prompt_eval_duration":0,"eval_count":3,"eval_duration":0,"thinking_chars":0,"thinking_detected":false,"outcome":"ok"}
{"event":"deep_research_model_call","step":"notes","think":false,"attempt":1,"wall_ms":0,"load_duration":0,"prompt_eval_count":0,"prompt_eval_duration":0,"eval_count":3,"eval_duration":0,"thinking_chars":0,"thinking_detected":false,"outcome":"ok"}
{"event":"deep_research_model_call","step":"write","think":true,"attempt":1,"wall_ms":800,"load_duration":null,"prompt_eval_count":null,"prompt_eval_duration":null,"eval_count":null,"eval_duration":null,"thinking_chars":0,"thinking_detected":false,"outcome":"aborted"}
{"event":"deep_research_run_end","notes_kept":4,"pages_read":6,"status":"partial","elapsed_ms":804}
{"event":"deep_research_model_call","step":"brief","think":false,"attempt":1,"wall_ms":1,"load_duration":0,"prompt_eval_count":0,"prompt_eval_duration":0,"eval_count":3,"eval_duration":0,"thinking_chars":0,"thinking_detected":false,"outcome":"ok"}
{"event":"deep_research_model_call","step":"plan","think":true,"attempt":1,"wall_ms":0,"load_duration":0,"prompt_eval_count":0,"prompt_eval_duration":0,"eval_count":3,"eval_duration":0,"thinking_chars":0,"thinking_detected":false,"outcome":"ok"}
{"event":"deep_research_model_call","step":"plan","think":false,"attempt":1,"wall_ms":0,"load_duration":0,"prompt_eval_count":0,"prompt_eval_duration":0,"eval_count":3,"eval_duration":0,"thinking_chars":0,"thinking_detected":false,"outcome":"ok"}
{"event":"deep_research_model_call","step":"queries","think":false,"attempt":1,"wall_ms":0,"load_duration":0,"prompt_eval_count":0,"prompt_eval_duration":0,"eval_count":3,"eval_duration":0,"thinking_chars":0,"thinking_detected":false,"outcome":"ok"}

src/http/deepResearchModelCalls.test.ts:
{"event":"deep_research_run_end","notes_kept":6,"pages_read":6,"status":"complete","elapsed_ms":2}
{"event":"deep_research_run_end","notes_kept":6,"pages_read":6,"status":"complete","elapsed_ms":1}
{"event":"deep_research_run_end","notes_kept":6,"pages_read":6,"status":"complete","elapsed_ms":1}
{"event":"deep_research_run_end","notes_kept":6,"pages_read":6,"status":"complete","elapsed_ms":1}
{"event":"deep_research_run_end","notes_kept":6,"pages_read":6,"status":"complete","elapsed_ms":1}
{"event":"deep_research_run_end","notes_kept":6,"pages_read":6,"status":"complete","elapsed_ms":1}
{"event":"deep_research_run_end","notes_kept":6,"pages_read":6,"status":"complete","elapsed_ms":2}
{"event":"deep_research_run_end","notes_kept":6,"pages_read":6,"status":"complete","elapsed_ms":103}
{"event":"deep_research_run_end","notes_kept":6,"pages_read":6,"status":"complete","elapsed_ms":373}
{"event":"deep_research_run_end","notes_kept":6,"pages_read":6,"status":"complete","elapsed_ms":107}
{"event":"deep_research_run_end","notes_kept":6,"pages_read":6,"status":"complete","elapsed_ms":103}
{"event":"deep_research_run_end","notes_kept":6,"pages_read":6,"status":"partial","elapsed_ms":105}
{"event":"deep_research_run_end","notes_kept":6,"pages_read":6,"status":"complete","elapsed_ms":167}
{"event":"deep_research_run_end","notes_kept":4,"pages_read":6,"status":"complete","elapsed_ms":105}

src/http/deepResearchPartialNotes.test.ts:
{"event":"deep_research_model_call","step":"brief","think":false,"attempt":1,"wall_ms":1,"load_duration":0,"prompt_eval_count":0,"prompt_eval_duration":0,"eval_count":3,"eval_duration":0,"thinking_chars":0,"thinking_detected":false,"outcome":"ok"}
{"event":"deep_research_model_call","step":"plan","think":true,"attempt":1,"wall_ms":0,"load_duration":0,"prompt_eval_count":0,"prompt_eval_duration":0,"eval_count":3,"eval_duration":0,"thinking_chars":0,"thinking_detected":false,"outcome":"ok"}
{"event":"deep_research_model_call","step":"plan","think":false,"attempt":1,"wall_ms":0,"load_duration":0,"prompt_eval_count":0,"prompt_eval_duration":0,"eval_count":3,"eval_duration":0,"thinking_chars":0,"thinking_detected":false,"outcome":"ok"}
{"event":"deep_research_model_call","step":"queries","think":false,"attempt":1,"wall_ms":0,"load_duration":0,"prompt_eval_count":0,"prompt_eval_duration":0,"eval_count":3,"eval_duration":0,"thinking_chars":0,"thinking_detected":false,"outcome":"ok"}
{"event":"deep_research_model_call","step":"pages","think":false,"attempt":1,"wall_ms":0,"load_duration":0,"prompt_eval_count":0,"prompt_eval_duration":0,"eval_count":3,"eval_duration":0,"thinking_chars":0,"thinking_detected":false,"outcome":"ok"}
{"event":"deep_research_model_call","step":"notes","think":false,"attempt":1,"wall_ms":601,"load_duration":null,"prompt_eval_count":null,"prompt_eval_duration":null,"eval_count":null,"eval_duration":null,"thinking_chars":0,"thinking_detected":false,"outcome":"aborted"}
{"event":"deep_research_model_call","step":"write","think":true,"attempt":1,"wall_ms":0,"load_duration":0,"prompt_eval_count":0,"prompt_eval_duration":0,"eval_count":3,"eval_duration":0,"thinking_chars":0,"thinking_detected":false,"outcome":"ok"}
{"event":"deep_research_run_end","notes_kept":1,"pages_read":1,"status":"partial","elapsed_ms":604}
{"event":"deep_research_model_call","step":"brief","think":false,"attempt":1,"wall_ms":0,"load_duration":0,"prompt_eval_count":0,"prompt_eval_duration":0,"eval_count":3,"eval_duration":0,"thinking_chars":0,"thinking_detected":false,"outcome":"ok"}
{"event":"deep_research_model_call","step":"plan","think":true,"attempt":1,"wall_ms":0,"load_duration":0,"prompt_eval_count":0,"prompt_eval_duration":0,"eval_count":3,"eval_duration":0,"thinking_chars":0,"thinking_detected":false,"outcome":"ok"}
{"event":"deep_research_model_call","step":"plan","think":false,"attempt":1,"wall_ms":0,"load_duration":0,"prompt_eval_count":0,"prompt_eval_duration":0,"eval_count":3,"eval_duration":0,"thinking_chars":0,"thinking_detected":false,"outcome":"ok"}
{"event":"deep_research_model_call","step":"queries","think":false,"attempt":1,"wall_ms":0,"load_duration":0,"prompt_eval_count":0,"prompt_eval_duration":0,"eval_count":3,"eval_duration":0,"thinking_chars":0,"thinking_detected":false,"outcome":"ok"}
{"event":"deep_research_model_call","step":"pages","think":false,"attempt":1,"wall_ms":0,"load_duration":0,"prompt_eval_count":0,"prompt_eval_duration":0,"eval_count":3,"eval_duration":0,"thinking_chars":0,"thinking_detected":false,"outcome":"ok"}
{"event":"deep_research_model_call","step":"notes","think":false,"attempt":1,"wall_ms":602,"load_duration":null,"prompt_eval_count":null,"prompt_eval_duration":null,"eval_count":null,"eval_duration":null,"thinking_chars":0,"thinking_detected":false,"outcome":"aborted"}
{"event":"deep_research_run_end","notes_kept":0,"pages_read":1,"status":"failed","elapsed_ms":604}
{"event":"deep_research_model_call","step":"brief","think":false,"attempt":1,"wall_ms":1,"load_duration":0,"prompt_eval_count":0,"prompt_eval_duration":0,"eval_count":3,"eval_duration":0,"thinking_chars":0,"thinking_detected":false,"outcome":"ok"}
{"event":"deep_research_model_call","step":"plan","think":true,"attempt":1,"wall_ms":0,"load_duration":0,"prompt_eval_count":0,"prompt_eval_duration":0,"eval_count":3,"eval_duration":0,"thinking_chars":0,"thinking_detected":false,"outcome":"ok"}
{"event":"deep_research_model_call","step":"plan","think":false,"attempt":1,"wall_ms":0,"load_duration":0,"prompt_eval_count":0,"prompt_eval_duration":0,"eval_count":3,"eval_duration":0,"thinking_chars":0,"thinking_detected":false,"outcome":"ok"}
{"event":"deep_research_model_call","step":"queries","think":false,"attempt":1,"wall_ms":0,"load_duration":0,"prompt_eval_count":0,"prompt_eval_duration":0,"eval_count":3,"eval_duration":0,"thinking_chars":0,"thinking_detected":false,"outcome":"ok"}
{"event":"deep_research_model_call","step":"pages","think":false,"attempt":1,"wall_ms":0,"load_duration":0,"prompt_eval_count":0,"prompt_eval_duration":0,"eval_count":3,"eval_duration":0,"thinking_chars":0,"thinking_detected":false,"outcome":"ok"}
{"event":"deep_research_model_call","step":"notes","think":false,"attempt":1,"wall_ms":0,"load_duration":0,"prompt_eval_count":0,"prompt_eval_duration":0,"eval_count":3,"eval_duration":0,"thinking_chars":0,"thinking_detected":false,"outcome":"ok"}
{"event":"deep_research_model_call","step":"queries","think":false,"attempt":1,"wall_ms":0,"load_duration":0,"prompt_eval_count":0,"prompt_eval_duration":0,"eval_count":3,"eval_duration":0,"thinking_chars":0,"thinking_detected":false,"outcome":"ok"}
{"event":"deep_research_model_call","step":"queries","think":false,"attempt":1,"wall_ms":0,"load_duration":0,"prompt_eval_count":0,"prompt_eval_duration":0,"eval_count":3,"eval_duration":0,"thinking_chars":0,"thinking_detected":false,"outcome":"ok"}
{"event":"deep_research_model_call","step":"queries","think":false,"attempt":1,"wall_ms":0,"load_duration":0,"prompt_eval_count":0,"prompt_eval_duration":0,"eval_count":3,"eval_duration":0,"thinking_chars":0,"thinking_detected":false,"outcome":"ok"}
{"event":"deep_research_model_call","step":"pages","think":false,"attempt":1,"wall_ms":0,"load_duration":0,"prompt_eval_count":0,"prompt_eval_duration":0,"eval_count":3,"eval_duration":0,"thinking_chars":0,"thinking_detected":false,"outcome":"ok"}
{"event":"deep_research_model_call","step":"notes","think":false,"attempt":1,"wall_ms":0,"load_duration":0,"prompt_eval_count":0,"prompt_eval_duration":0,"eval_count":3,"eval_duration":0,"thinking_chars":0,"thinking_detected":false,"outcome":"ok"}
{"event":"deep_research_model_call","step":"queries","think":false,"attempt":1,"wall_ms":0,"load_duration":0,"prompt_eval_count":0,"prompt_eval_duration":0,"eval_count":3,"eval_duration":0,"thinking_chars":0,"thinking_detected":false,"outcome":"ok"}
{"event":"deep_research_model_call","step":"queries","think":false,"attempt":1,"wall_ms":0,"load_duration":0,"prompt_eval_count":0,"prompt_eval_duration":0,"eval_count":3,"eval_duration":0,"thinking_chars":0,"thinking_detected":false,"outcome":"ok"}
{"event":"deep_research_model_call","step":"queries","think":false,"attempt":1,"wall_ms":0,"load_duration":0,"prompt_eval_count":0,"prompt_eval_duration":0,"eval_count":3,"eval_duration":0,"thinking_chars":0,"thinking_detected":false,"outcome":"ok"}
{"event":"deep_research_model_call","step":"pages","think":false,"attempt":1,"wall_ms":0,"load_duration":0,"prompt_eval_count":0,"prompt_eval_duration":0,"eval_count":3,"eval_duration":0,"thinking_chars":0,"thinking_detected":false,"outcome":"ok"}
{"event":"deep_research_model_call","step":"notes","think":false,"attempt":1,"wall_ms":0,"load_duration":0,"prompt_eval_count":0,"prompt_eval_duration":0,"eval_count":3,"eval_duration":0,"thinking_chars":0,"thinking_detected":false,"outcome":"ok"}
{"event":"deep_research_model_call","step":"gap","think":false,"attempt":1,"wall_ms":0,"load_duration":0,"prompt_eval_count":0,"prompt_eval_duration":0,"eval_count":3,"eval_duration":0,"thinking_chars":0,"thinking_detected":false,"outcome":"ok"}
{"event":"deep_research_run_end","notes_kept":0,"pages_read":3,"status":"failed","elapsed_ms":3}
{"event":"deep_research_model_call","step":"brief","think":false,"attempt":1,"wall_ms":0,"load_duration":0,"prompt_eval_count":0,"prompt_eval_duration":0,"eval_count":3,"eval_duration":0,"thinking_chars":0,"thinking_detected":false,"outcome":"ok"}
{"event":"deep_research_model_call","step":"plan","think":true,"attempt":1,"wall_ms":1,"load_duration":0,"prompt_eval_count":0,"prompt_eval_duration":0,"eval_count":3,"eval_duration":0,"thinking_chars":0,"thinking_detected":false,"outcome":"ok"}
{"event":"deep_research_model_call","step":"plan","think":false,"attempt":1,"wall_ms":0,"load_duration":0,"prompt_eval_count":0,"prompt_eval_duration":0,"eval_count":3,"eval_duration":0,"thinking_chars":0,"thinking_detected":false,"outcome":"ok"}
{"event":"deep_research_model_call","step":"queries","think":false,"attempt":1,"wall_ms":0,"load_duration":0,"prompt_eval_count":0,"prompt_eval_duration":0,"eval_count":3,"eval_duration":0,"thinking_chars":0,"thinking_detected":false,"outcome":"ok"}
{"event":"deep_research_model_call","step":"queries","think":false,"attempt":1,"wall_ms":0,"load_duration":0,"prompt_eval_count":0,"prompt_eval_duration":0,"eval_count":3,"eval_duration":0,"thinking_chars":0,"thinking_detected":false,"outcome":"ok"}
{"event":"deep_research_model_call","step":"queries","think":false,"attempt":1,"wall_ms":0,"load_duration":0,"prompt_eval_count":0,"prompt_eval_duration":0,"eval_count":3,"eval_duration":0,"thinking_chars":0,"thinking_detected":false,"outcome":"ok"}
{"event":"deep_research_model_call","step":"queries","think":false,"attempt":1,"wall_ms":0,"load_duration":0,"prompt_eval_count":0,"prompt_eval_duration":0,"eval_count":3,"eval_duration":0,"thinking_chars":0,"thinking_detected":false,"outcome":"ok"}
{"event":"deep_research_model_call","step":"queries","think":false,"attempt":1,"wall_ms":0,"load_duration":0,"prompt_eval_count":0,"prompt_eval_duration":0,"eval_count":3,"eval_duration":0,"thinking_chars":0,"thinking_detected":false,"outcome":"ok"}
{"event":"deep_research_model_call","step":"queries","think":false,"attempt":1,"wall_ms":1,"load_duration":0,"prompt_eval_count":0,"prompt_eval_duration":0,"eval_count":3,"eval_duration":0,"thinking_chars":0,"thinking_detected":false,"outcome":"ok"}
{"event":"deep_research_model_call","step":"queries","think":false,"attempt":1,"wall_ms":0,"load_duration":0,"prompt_eval_count":0,"prompt_eval_duration":0,"eval_count":3,"eval_duration":0,"thinking_chars":0,"thinking_detected":false,"outcome":"ok"}
{"event":"deep_research_model_call","step":"gap","think":false,"attempt":1,"wall_ms":0,"load_duration":0,"prompt_eval_count":0,"prompt_eval_duration":0,"eval_count":3,"eval_duration":0,"thinking_chars":0,"thinking_detected":false,"outcome":"ok"}
{"event":"deep_research_run_end","notes_kept":0,"pages_read":0,"status":"failed","elapsed_ms":2}

src/http/streamKeepAlive.test.ts:
{"event":"deep_research_model_call","step":"brief","think":false,"attempt":1,"wall_ms":0,"load_duration":0,"prompt_eval_count":0,"prompt_eval_duration":0,"eval_count":3,"eval_duration":0,"thinking_chars":0,"thinking_detected":false,"outcome":"ok"}
{"event":"deep_research_model_call","step":"plan","think":true,"attempt":1,"wall_ms":0,"load_duration":0,"prompt_eval_count":0,"prompt_eval_duration":0,"eval_count":3,"eval_duration":0,"thinking_chars":0,"thinking_detected":false,"outcome":"ok"}
{"event":"deep_research_model_call","step":"plan","think":false,"attempt":1,"wall_ms":0,"load_duration":0,"prompt_eval_count":0,"prompt_eval_duration":0,"eval_count":3,"eval_duration":0,"thinking_chars":0,"thinking_detected":false,"outcome":"ok"}
{"event":"deep_research_model_call","step":"queries","think":false,"attempt":1,"wall_ms":0,"load_duration":0,"prompt_eval_count":0,"prompt_eval_duration":0,"eval_count":3,"eval_duration":0,"thinking_chars":0,"thinking_detected":false,"outcome":"ok"}
{"event":"deep_research_model_call","step":"queries","think":false,"attempt":1,"wall_ms":1,"load_duration":0,"prompt_eval_count":0,"prompt_eval_duration":0,"eval_count":3,"eval_duration":0,"thinking_chars":0,"thinking_detected":false,"outcome":"ok"}
{"event":"deep_research_model_call","step":"queries","think":false,"attempt":1,"wall_ms":0,"load_duration":0,"prompt_eval_count":0,"prompt_eval_duration":0,"eval_count":3,"eval_duration":0,"thinking_chars":0,"thinking_detected":false,"outcome":"ok"}
{"event":"deep_research_model_call","step":"pages","think":false,"attempt":1,"wall_ms":0,"load_duration":0,"prompt_eval_count":0,"prompt_eval_duration":0,"eval_count":3,"eval_duration":0,"thinking_chars":0,"thinking_detected":false,"outcome":"ok"}
{"event":"deep_research_model_call","step":"notes","think":false,"attempt":1,"wall_ms":1,"load_duration":0,"prompt_eval_count":0,"prompt_eval_duration":0,"eval_count":3,"eval_duration":0,"thinking_chars":0,"thinking_detected":false,"outcome":"ok"}
{"event":"deep_research_model_call","step":"queries","think":false,"attempt":1,"wall_ms":1,"load_duration":0,"prompt_eval_count":0,"prompt_eval_duration":0,"eval_count":3,"eval_duration":0,"thinking_chars":0,"thinking_detected":false,"outcome":"ok"}
{"event":"deep_research_model_call","step":"queries","think":false,"attempt":1,"wall_ms":0,"load_duration":0,"prompt_eval_count":0,"prompt_eval_duration":0,"eval_count":3,"eval_duration":0,"thinking_chars":0,"thinking_detected":false,"outcome":"ok"}
{"event":"deep_research_model_call","step":"queries","think":false,"attempt":1,"wall_ms":0,"load_duration":0,"prompt_eval_count":0,"prompt_eval_duration":0,"eval_count":3,"eval_duration":0,"thinking_chars":0,"thinking_detected":false,"outcome":"ok"}
{"event":"deep_research_model_call","step":"pages","think":false,"attempt":1,"wall_ms":0,"load_duration":0,"prompt_eval_count":0,"prompt_eval_duration":0,"eval_count":3,"eval_duration":0,"thinking_chars":0,"thinking_detected":false,"outcome":"ok"}
{"event":"deep_research_model_call","step":"notes","think":false,"attempt":1,"wall_ms":0,"load_duration":0,"prompt_eval_count":0,"prompt_eval_duration":0,"eval_count":3,"eval_duration":0,"thinking_chars":0,"thinking_detected":false,"outcome":"ok"}
{"event":"deep_research_model_call","step":"queries","think":false,"attempt":1,"wall_ms":0,"load_duration":0,"prompt_eval_count":0,"prompt_eval_duration":0,"eval_count":3,"eval_duration":0,"thinking_chars":0,"thinking_detected":false,"outcome":"ok"}
{"event":"deep_research_model_call","step":"queries","think":false,"attempt":1,"wall_ms":0,"load_duration":0,"prompt_eval_count":0,"prompt_eval_duration":0,"eval_count":3,"eval_duration":0,"thinking_chars":0,"thinking_detected":false,"outcome":"ok"}
{"event":"deep_research_model_call","step":"queries","think":false,"attempt":1,"wall_ms":0,"load_duration":0,"prompt_eval_count":0,"prompt_eval_duration":0,"eval_count":3,"eval_duration":0,"thinking_chars":0,"thinking_detected":false,"outcome":"ok"}
{"event":"deep_research_model_call","step":"pages","think":false,"attempt":1,"wall_ms":1,"load_duration":0,"prompt_eval_count":0,"prompt_eval_duration":0,"eval_count":3,"eval_duration":0,"thinking_chars":0,"thinking_detected":false,"outcome":"ok"}
{"event":"deep_research_model_call","step":"notes","think":false,"attempt":1,"wall_ms":0,"load_duration":0,"prompt_eval_count":0,"prompt_eval_duration":0,"eval_count":3,"eval_duration":0,"thinking_chars":0,"thinking_detected":false,"outcome":"ok"}
{"event":"deep_research_model_call","step":"gap","think":false,"attempt":1,"wall_ms":0,"load_duration":0,"prompt_eval_count":0,"prompt_eval_duration":0,"eval_count":3,"eval_duration":0,"thinking_chars":0,"thinking_detected":false,"outcome":"ok"}
{"event":"deep_research_model_call","step":"write","think":true,"attempt":1,"wall_ms":0,"load_duration":0,"prompt_eval_count":0,"prompt_eval_duration":0,"eval_count":3,"eval_duration":0,"thinking_chars":0,"thinking_detected":false,"outcome":"ok"}
{"event":"deep_research_run_end","notes_kept":2,"pages_read":3,"status":"complete","elapsed_ms":496}

src/http/deepResearchStartedSteps.test.ts:
{"event":"deep_research_model_call","step":"brief","think":false,"attempt":1,"wall_ms":2,"load_duration":0,"prompt_eval_count":0,"prompt_eval_duration":0,"eval_count":3,"eval_duration":0,"thinking_chars":0,"thinking_detected":false,"outcome":"ok"}
{"event":"deep_research_model_call","step":"plan","think":true,"attempt":1,"wall_ms":6,"load_duration":0,"prompt_eval_count":0,"prompt_eval_duration":0,"eval_count":3,"eval_duration":0,"thinking_chars":0,"thinking_detected":false,"outcome":"ok"}
{"event":"deep_research_model_call","step":"queries","think":false,"attempt":1,"wall_ms":6,"load_duration":0,"prompt_eval_count":0,"prompt_eval_duration":0,"eval_count":3,"eval_duration":0,"thinking_chars":0,"thinking_detected":false,"outcome":"ok"}
{"event":"deep_research_model_call","step":"pages","think":false,"attempt":1,"wall_ms":6,"load_duration":0,"prompt_eval_count":0,"prompt_eval_duration":0,"eval_count":3,"eval_duration":0,"thinking_chars":0,"thinking_detected":false,"outcome":"ok"}
{"event":"deep_research_model_call","step":"notes","think":false,"attempt":1,"wall_ms":6,"load_duration":0,"prompt_eval_count":0,"prompt_eval_duration":0,"eval_count":3,"eval_duration":0,"thinking_chars":0,"thinking_detected":false,"outcome":"ok"}
{"event":"deep_research_model_call","step":"queries","think":false,"attempt":1,"wall_ms":6,"load_duration":0,"prompt_eval_count":0,"prompt_eval_duration":0,"eval_count":3,"eval_duration":0,"thinking_chars":0,"thinking_detected":false,"outcome":"ok"}
{"event":"deep_research_model_call","step":"pages","think":false,"attempt":1,"wall_ms":6,"load_duration":0,"prompt_eval_count":0,"prompt_eval_duration":0,"eval_count":3,"eval_duration":0,"thinking_chars":0,"thinking_detected":false,"outcome":"ok"}
{"event":"deep_research_model_call","step":"notes","think":false,"attempt":1,"wall_ms":6,"load_duration":0,"prompt_eval_count":0,"prompt_eval_duration":0,"eval_count":3,"eval_duration":0,"thinking_chars":0,"thinking_detected":false,"outcome":"ok"}
{"event":"deep_research_model_call","step":"notes","think":false,"attempt":1,"wall_ms":6,"load_duration":0,"prompt_eval_count":0,"prompt_eval_duration":0,"eval_count":3,"eval_duration":0,"thinking_chars":0,"thinking_detected":false,"outcome":"ok"}
{"event":"deep_research_model_call","step":"notes","think":false,"attempt":1,"wall_ms":6,"load_duration":0,"prompt_eval_count":0,"prompt_eval_duration":0,"eval_count":3,"eval_duration":0,"thinking_chars":0,"thinking_detected":false,"outcome":"ok"}
{"event":"deep_research_model_call","step":"gap","think":false,"attempt":1,"wall_ms":6,"load_duration":0,"prompt_eval_count":0,"prompt_eval_duration":0,"eval_count":3,"eval_duration":0,"thinking_chars":0,"thinking_detected":false,"outcome":"ok"}
{"event":"deep_research_model_call","step":"gap","think":false,"attempt":1,"wall_ms":6,"load_duration":0,"prompt_eval_count":0,"prompt_eval_duration":0,"eval_count":3,"eval_duration":0,"thinking_chars":0,"thinking_detected":false,"outcome":"ok"}
{"event":"deep_research_model_call","step":"write","think":true,"attempt":1,"wall_ms":6,"load_duration":0,"prompt_eval_count":0,"prompt_eval_duration":0,"eval_count":3,"eval_duration":0,"thinking_chars":0,"thinking_detected":false,"outcome":"ok"}
{"event":"deep_research_run_end","notes_kept":4,"pages_read":4,"status":"complete","elapsed_ms":116}
{"event":"deep_research_model_call","step":"brief","think":false,"attempt":1,"wall_ms":1,"load_duration":0,"prompt_eval_count":0,"prompt_eval_duration":0,"eval_count":3,"eval_duration":0,"thinking_chars":0,"thinking_detected":false,"outcome":"ok"}
{"event":"deep_research_model_call","step":"plan","think":true,"attempt":1,"wall_ms":6,"load_duration":0,"prompt_eval_count":0,"prompt_eval_duration":0,"eval_count":3,"eval_duration":0,"thinking_chars":0,"thinking_detected":false,"outcome":"ok"}
{"event":"deep_research_model_call","step":"queries","think":false,"attempt":1,"wall_ms":6,"load_duration":0,"prompt_eval_count":0,"prompt_eval_duration":0,"eval_count":3,"eval_duration":0,"thinking_chars":0,"thinking_detected":false,"outcome":"ok"}
{"event":"deep_research_model_call","step":"pages","think":false,"attempt":1,"wall_ms":6,"load_duration":0,"prompt_eval_count":0,"prompt_eval_duration":0,"eval_count":3,"eval_duration":0,"thinking_chars":0,"thinking_detected":false,"outcome":"ok"}
{"event":"deep_research_model_call","step":"notes","think":false,"attempt":1,"wall_ms":7,"load_duration":0,"prompt_eval_count":0,"prompt_eval_duration":0,"eval_count":3,"eval_duration":0,"thinking_chars":0,"thinking_detected":false,"outcome":"ok"}
{"event":"deep_research_model_call","step":"queries","think":false,"attempt":1,"wall_ms":6,"load_duration":0,"prompt_eval_count":0,"prompt_eval_duration":0,"eval_count":3,"eval_duration":0,"thinking_chars":0,"thinking_detected":false,"outcome":"ok"}
{"event":"deep_research_model_call","step":"pages","think":false,"attempt":1,"wall_ms":6,"load_duration":0,"prompt_eval_count":0,"prompt_eval_duration":0,"eval_count":3,"eval_duration":0,"thinking_chars":0,"thinking_detected":false,"outcome":"ok"}
{"event":"deep_research_model_call","step":"notes","think":false,"attempt":1,"wall_ms":6,"load_duration":0,"prompt_eval_count":0,"prompt_eval_duration":0,"eval_count":3,"eval_duration":0,"thinking_chars":0,"thinking_detected":false,"outcome":"ok"}
{"event":"deep_research_model_call","step":"notes","think":false,"attempt":1,"wall_ms":6,"load_duration":0,"prompt_eval_count":0,"prompt_eval_duration":0,"eval_count":3,"eval_duration":0,"thinking_chars":0,"thinking_detected":false,"outcome":"ok"}
{"event":"deep_research_model_call","step":"notes","think":false,"attempt":1,"wall_ms":5,"load_duration":0,"prompt_eval_count":0,"prompt_eval_duration":0,"eval_count":3,"eval_duration":0,"thinking_chars":0,"thinking_detected":false,"outcome":"ok"}
{"event":"deep_research_model_call","step":"gap","think":false,"attempt":1,"wall_ms":5,"load_duration":0,"prompt_eval_count":0,"prompt_eval_duration":0,"eval_count":3,"eval_duration":0,"thinking_chars":0,"thinking_detected":false,"outcome":"ok"}
{"event":"deep_research_model_call","step":"gap","think":false,"attempt":1,"wall_ms":7,"load_duration":0,"prompt_eval_count":0,"prompt_eval_duration":0,"eval_count":3,"eval_duration":0,"thinking_chars":0,"thinking_detected":false,"outcome":"ok"}
{"event":"deep_research_model_call","step":"write","think":true,"attempt":1,"wall_ms":6,"load_duration":0,"prompt_eval_count":0,"prompt_eval_duration":0,"eval_count":3,"eval_duration":0,"thinking_chars":0,"thinking_detected":false,"outcome":"ok"}
{"event":"deep_research_run_end","notes_kept":4,"pages_read":4,"status":"complete","elapsed_ms":117}
{"event":"deep_research_model_call","step":"brief","think":false,"attempt":1,"wall_ms":1,"load_duration":0,"prompt_eval_count":0,"prompt_eval_duration":0,"eval_count":3,"eval_duration":0,"thinking_chars":0,"thinking_detected":false,"outcome":"ok"}
{"event":"deep_research_model_call","step":"plan","think":true,"attempt":1,"wall_ms":6,"load_duration":0,"prompt_eval_count":0,"prompt_eval_duration":0,"eval_count":3,"eval_duration":0,"thinking_chars":0,"thinking_detected":false,"outcome":"ok"}
{"event":"deep_research_model_call","step":"queries","think":false,"attempt":1,"wall_ms":7,"load_duration":0,"prompt_eval_count":0,"prompt_eval_duration":0,"eval_count":3,"eval_duration":0,"thinking_chars":0,"thinking_detected":false,"outcome":"ok"}
{"event":"deep_research_model_call","step":"pages","think":false,"attempt":1,"wall_ms":7,"load_duration":0,"prompt_eval_count":0,"prompt_eval_duration":0,"eval_count":3,"eval_duration":0,"thinking_chars":0,"thinking_detected":false,"outcome":"ok"}
{"event":"deep_research_model_call","step":"notes","think":false,"attempt":1,"wall_ms":6,"load_duration":0,"prompt_eval_count":0,"prompt_eval_duration":0,"eval_count":3,"eval_duration":0,"thinking_chars":0,"thinking_detected":false,"outcome":"ok"}
{"event":"deep_research_model_call","step":"queries","think":false,"attempt":1,"wall_ms":7,"load_duration":0,"prompt_eval_count":0,"prompt_eval_duration":0,"eval_count":3,"eval_duration":0,"thinking_chars":0,"thinking_detected":false,"outcome":"ok"}
{"event":"deep_research_model_call","step":"pages","think":false,"attempt":1,"wall_ms":6,"load_duration":0,"prompt_eval_count":0,"prompt_eval_duration":0,"eval_count":3,"eval_duration":0,"thinking_chars":0,"thinking_detected":false,"outcome":"ok"}
{"event":"deep_research_model_call","step":"notes","think":false,"attempt":1,"wall_ms":6,"load_duration":0,"prompt_eval_count":0,"prompt_eval_duration":0,"eval_count":3,"eval_duration":0,"thinking_chars":0,"thinking_detected":false,"outcome":"ok"}
{"event":"deep_research_model_call","step":"notes","think":false,"attempt":1,"wall_ms":6,"load_duration":0,"prompt_eval_count":0,"prompt_eval_duration":0,"eval_count":3,"eval_duration":0,"thinking_chars":0,"thinking_detected":false,"outcome":"ok"}
{"event":"deep_research_model_call","step":"notes","think":false,"attempt":1,"wall_ms":6,"load_duration":0,"prompt_eval_count":0,"prompt_eval_duration":0,"eval_count":3,"eval_duration":0,"thinking_chars":0,"thinking_detected":false,"outcome":"ok"}
{"event":"deep_research_model_call","step":"gap","think":false,"attempt":1,"wall_ms":5,"load_duration":0,"prompt_eval_count":0,"prompt_eval_duration":0,"eval_count":3,"eval_duration":0,"thinking_chars":0,"thinking_detected":false,"outcome":"ok"}
{"event":"deep_research_model_call","step":"gap","think":false,"attempt":1,"wall_ms":7,"load_duration":0,"prompt_eval_count":0,"prompt_eval_duration":0,"eval_count":3,"eval_duration":0,"thinking_chars":0,"thinking_detected":false,"outcome":"ok"}
{"event":"deep_research_model_call","step":"write","think":true,"attempt":1,"wall_ms":6,"load_duration":0,"prompt_eval_count":0,"prompt_eval_duration":0,"eval_count":3,"eval_duration":0,"thinking_chars":0,"thinking_detected":false,"outcome":"ok"}
{"event":"deep_research_run_end","notes_kept":4,"pages_read":4,"status":"complete","elapsed_ms":115}
{"event":"deep_research_model_call","step":"brief","think":false,"attempt":1,"wall_ms":1,"load_duration":0,"prompt_eval_count":0,"prompt_eval_duration":0,"eval_count":3,"eval_duration":0,"thinking_chars":0,"thinking_detected":false,"outcome":"ok"}
{"event":"deep_research_model_call","step":"plan","think":true,"attempt":1,"wall_ms":6,"load_duration":0,"prompt_eval_count":0,"prompt_eval_duration":0,"eval_count":3,"eval_duration":0,"thinking_chars":0,"thinking_detected":false,"outcome":"ok"}
{"event":"deep_research_model_call","step":"queries","think":false,"attempt":1,"wall_ms":6,"load_duration":0,"prompt_eval_count":0,"prompt_eval_duration":0,"eval_count":3,"eval_duration":0,"thinking_chars":0,"thinking_detected":false,"outcome":"ok"}
{"event":"deep_research_model_call","step":"pages","think":false,"attempt":1,"wall_ms":5,"load_duration":0,"prompt_eval_count":0,"prompt_eval_duration":0,"eval_count":3,"eval_duration":0,"thinking_chars":0,"thinking_detected":false,"outcome":"ok"}
{"event":"deep_research_model_call","step":"notes","think":false,"attempt":1,"wall_ms":6,"load_duration":0,"prompt_eval_count":0,"prompt_eval_duration":0,"eval_count":3,"eval_duration":0,"thinking_chars":0,"thinking_detected":false,"outcome":"ok"}
{"event":"deep_research_model_call","step":"queries","think":false,"attempt":1,"wall_ms":6,"load_duration":0,"prompt_eval_count":0,"prompt_eval_duration":0,"eval_count":3,"eval_duration":0,"thinking_chars":0,"thinking_detected":false,"outcome":"ok"}
{"event":"deep_research_model_call","step":"pages","think":false,"attempt":1,"wall_ms":6,"load_duration":0,"prompt_eval_count":0,"prompt_eval_duration":0,"eval_count":3,"eval_duration":0,"thinking_chars":0,"thinking_detected":false,"outcome":"ok"}
{"event":"deep_research_model_call","step":"notes","think":false,"attempt":1,"wall_ms":6,"load_duration":0,"prompt_eval_count":0,"prompt_eval_duration":0,"eval_count":3,"eval_duration":0,"thinking_chars":0,"thinking_detected":false,"outcome":"ok"}
{"event":"deep_research_model_call","step":"notes","think":false,"attempt":1,"wall_ms":8,"load_duration":0,"prompt_eval_count":0,"prompt_eval_duration":0,"eval_count":3,"eval_duration":0,"thinking_chars":0,"thinking_detected":false,"outcome":"ok"}
{"event":"deep_research_model_call","step":"notes","think":false,"attempt":1,"wall_ms":6,"load_duration":0,"prompt_eval_count":0,"prompt_eval_duration":0,"eval_count":3,"eval_duration":0,"thinking_chars":0,"thinking_detected":false,"outcome":"ok"}
{"event":"deep_research_model_call","step":"gap","think":false,"attempt":1,"wall_ms":7,"load_duration":0,"prompt_eval_count":0,"prompt_eval_duration":0,"eval_count":3,"eval_duration":0,"thinking_chars":0,"thinking_detected":false,"outcome":"ok"}
{"event":"deep_research_model_call","step":"gap","think":false,"attempt":1,"wall_ms":6,"load_duration":0,"prompt_eval_count":0,"prompt_eval_duration":0,"eval_count":3,"eval_duration":0,"thinking_chars":0,"thinking_detected":false,"outcome":"ok"}
{"event":"deep_research_model_call","step":"write","think":true,"attempt":1,"wall_ms":6,"load_duration":0,"prompt_eval_count":0,"prompt_eval_duration":0,"eval_count":3,"eval_duration":0,"thinking_chars":0,"thinking_detected":false,"outcome":"ok"}
{"event":"deep_research_run_end","notes_kept":4,"pages_read":4,"status":"complete","elapsed_ms":118}

src/generations/manager.test.ts:
{"event":"deep_research_model_call","step":"brief","think":false,"attempt":1,"wall_ms":22,"load_duration":null,"prompt_eval_count":null,"prompt_eval_duration":null,"eval_count":null,"eval_duration":null,"thinking_chars":0,"thinking_detected":false,"outcome":"aborted"}
{"event":"deep_research_model_call","step":"brief","think":false,"attempt":1,"wall_ms":22,"load_duration":null,"prompt_eval_count":null,"prompt_eval_duration":null,"eval_count":null,"eval_duration":null,"thinking_chars":0,"thinking_detected":false,"outcome":"aborted"}
{"event":"deep_research_run_end","notes_kept":0,"pages_read":0,"status":"partial","elapsed_ms":22}

src/generations/research.test.ts:
{"event":"deep_research_model_call","step":"brief","think":false,"attempt":1,"wall_ms":0,"load_duration":0,"prompt_eval_count":0,"prompt_eval_duration":0,"eval_count":5,"eval_duration":500000000,"thinking_chars":16,"thinking_detected":true,"outcome":"ok"}
{"event":"deep_research_model_call","step":"plan","think":true,"attempt":1,"wall_ms":0,"load_duration":0,"prompt_eval_count":0,"prompt_eval_duration":0,"eval_count":5,"eval_duration":500000000,"thinking_chars":16,"thinking_detected":false,"outcome":"ok"}
{"event":"deep_research_model_call","step":"queries","think":false,"attempt":1,"wall_ms":0,"load_duration":0,"prompt_eval_count":0,"prompt_eval_duration":0,"eval_count":5,"eval_duration":500000000,"thinking_chars":16,"thinking_detected":true,"outcome":"ok"}
{"event":"deep_research_model_call","step":"pages","think":false,"attempt":1,"wall_ms":0,"load_duration":0,"prompt_eval_count":0,"prompt_eval_duration":0,"eval_count":5,"eval_duration":500000000,"thinking_chars":16,"thinking_detected":true,"outcome":"ok"}
{"event":"deep_research_model_call","step":"notes","think":false,"attempt":1,"wall_ms":0,"load_duration":0,"prompt_eval_count":0,"prompt_eval_duration":0,"eval_count":5,"eval_duration":500000000,"thinking_chars":16,"thinking_detected":true,"outcome":"ok"}
{"event":"deep_research_model_call","step":"queries","think":false,"attempt":1,"wall_ms":0,"load_duration":0,"prompt_eval_count":0,"prompt_eval_duration":0,"eval_count":5,"eval_duration":500000000,"thinking_chars":16,"thinking_detected":true,"outcome":"ok"}
{"event":"deep_research_model_call","step":"pages","think":false,"attempt":1,"wall_ms":0,"load_duration":0,"prompt_eval_count":0,"prompt_eval_duration":0,"eval_count":5,"eval_duration":500000000,"thinking_chars":16,"thinking_detected":true,"outcome":"ok"}
{"event":"deep_research_model_call","step":"notes","think":false,"attempt":1,"wall_ms":0,"load_duration":0,"prompt_eval_count":0,"prompt_eval_duration":0,"eval_count":5,"eval_duration":500000000,"thinking_chars":16,"thinking_detected":true,"outcome":"ok"}
{"event":"deep_research_model_call","step":"notes","think":false,"attempt":1,"wall_ms":0,"load_duration":0,"prompt_eval_count":0,"prompt_eval_duration":0,"eval_count":5,"eval_duration":500000000,"thinking_chars":16,"thinking_detected":true,"outcome":"ok"}
{"event":"deep_research_model_call","step":"notes","think":false,"attempt":1,"wall_ms":0,"load_duration":0,"prompt_eval_count":0,"prompt_eval_duration":0,"eval_count":5,"eval_duration":500000000,"thinking_chars":17,"thinking_detected":true,"outcome":"ok"}
{"event":"deep_research_model_call","step":"gap","think":false,"attempt":1,"wall_ms":0,"load_duration":0,"prompt_eval_count":0,"prompt_eval_duration":0,"eval_count":5,"eval_duration":500000000,"thinking_chars":17,"thinking_detected":true,"outcome":"ok"}
{"event":"deep_research_model_call","step":"gap","think":false,"attempt":1,"wall_ms":0,"load_duration":0,"prompt_eval_count":0,"prompt_eval_duration":0,"eval_count":5,"eval_duration":500000000,"thinking_chars":17,"thinking_detected":true,"outcome":"ok"}
{"event":"deep_research_model_call","step":"write","think":true,"attempt":1,"wall_ms":1,"load_duration":0,"prompt_eval_count":0,"prompt_eval_duration":0,"eval_count":5,"eval_duration":500000000,"thinking_chars":17,"thinking_detected":false,"outcome":"ok"}
{"event":"deep_research_run_end","notes_kept":4,"pages_read":4,"status":"complete","elapsed_ms":3}
{"event":"deep_research_model_call","step":"brief","think":false,"attempt":1,"wall_ms":0,"load_duration":0,"prompt_eval_count":0,"prompt_eval_duration":0,"eval_count":5,"eval_duration":500000000,"thinking_chars":16,"thinking_detected":true,"outcome":"ok"}
{"event":"deep_research_model_call","step":"plan","think":true,"attempt":1,"wall_ms":0,"load_duration":0,"prompt_eval_count":0,"prompt_eval_duration":0,"eval_count":5,"eval_duration":500000000,"thinking_chars":16,"thinking_detected":false,"outcome":"ok"}
{"event":"deep_research_model_call","step":"queries","think":false,"attempt":1,"wall_ms":0,"load_duration":0,"prompt_eval_count":0,"prompt_eval_duration":0,"eval_count":5,"eval_duration":500000000,"thinking_chars":16,"thinking_detected":true,"outcome":"ok"}
{"event":"deep_research_model_call","step":"pages","think":false,"attempt":1,"wall_ms":0,"load_duration":0,"prompt_eval_count":0,"prompt_eval_duration":0,"eval_count":5,"eval_duration":500000000,"thinking_chars":16,"thinking_detected":true,"outcome":"ok"}
{"event":"deep_research_model_call","step":"notes","think":false,"attempt":1,"wall_ms":0,"load_duration":0,"prompt_eval_count":0,"prompt_eval_duration":0,"eval_count":5,"eval_duration":500000000,"thinking_chars":16,"thinking_detected":true,"outcome":"ok"}
{"event":"deep_research_model_call","step":"queries","think":false,"attempt":1,"wall_ms":0,"load_duration":0,"prompt_eval_count":0,"prompt_eval_duration":0,"eval_count":5,"eval_duration":500000000,"thinking_chars":16,"thinking_detected":true,"outcome":"ok"}
{"event":"deep_research_model_call","step":"pages","think":false,"attempt":1,"wall_ms":0,"load_duration":0,"prompt_eval_count":0,"prompt_eval_duration":0,"eval_count":5,"eval_duration":500000000,"thinking_chars":16,"thinking_detected":true,"outcome":"ok"}
{"event":"deep_research_model_call","step":"notes","think":false,"attempt":1,"wall_ms":0,"load_duration":0,"prompt_eval_count":0,"prompt_eval_duration":0,"eval_count":5,"eval_duration":500000000,"thinking_chars":16,"thinking_detected":true,"outcome":"ok"}
{"event":"deep_research_model_call","step":"notes","think":false,"attempt":1,"wall_ms":0,"load_duration":0,"prompt_eval_count":0,"prompt_eval_duration":0,"eval_count":5,"eval_duration":500000000,"thinking_chars":16,"thinking_detected":true,"outcome":"ok"}
{"event":"deep_research_model_call","step":"notes","think":false,"attempt":1,"wall_ms":0,"load_duration":0,"prompt_eval_count":0,"prompt_eval_duration":0,"eval_count":5,"eval_duration":500000000,"thinking_chars":17,"thinking_detected":true,"outcome":"ok"}
{"event":"deep_research_model_call","step":"write","think":true,"attempt":1,"wall_ms":1,"load_duration":0,"prompt_eval_count":0,"prompt_eval_duration":0,"eval_count":5,"eval_duration":500000000,"thinking_chars":17,"thinking_detected":false,"outcome":"ok"}
{"event":"deep_research_run_end","notes_kept":4,"pages_read":4,"status":"complete","elapsed_ms":2}
{"event":"deep_research_model_call","step":"brief","think":false,"attempt":1,"wall_ms":0,"load_duration":0,"prompt_eval_count":0,"prompt_eval_duration":0,"eval_count":5,"eval_duration":500000000,"thinking_chars":16,"thinking_detected":true,"outcome":"ok"}
{"event":"deep_research_model_call","step":"plan","think":true,"attempt":1,"wall_ms":0,"load_duration":0,"prompt_eval_count":0,"prompt_eval_duration":0,"eval_count":5,"eval_duration":500000000,"thinking_chars":16,"thinking_detected":false,"outcome":"ok"}
{"event":"deep_research_model_call","step":"queries","think":false,"attempt":1,"wall_ms":0,"load_duration":0,"prompt_eval_count":0,"prompt_eval_duration":0,"eval_count":5,"eval_duration":500000000,"thinking_chars":16,"thinking_detected":true,"outcome":"ok"}
{"event":"deep_research_model_call","step":"pages","think":false,"attempt":1,"wall_ms":0,"load_duration":0,"prompt_eval_count":0,"prompt_eval_duration":0,"eval_count":5,"eval_duration":500000000,"thinking_chars":16,"thinking_detected":true,"outcome":"ok"}
{"event":"deep_research_model_call","step":"notes","think":false,"attempt":1,"wall_ms":0,"load_duration":0,"prompt_eval_count":0,"prompt_eval_duration":0,"eval_count":5,"eval_duration":500000000,"thinking_chars":16,"thinking_detected":true,"outcome":"ok"}
{"event":"deep_research_model_call","step":"queries","think":false,"attempt":1,"wall_ms":0,"load_duration":0,"prompt_eval_count":0,"prompt_eval_duration":0,"eval_count":5,"eval_duration":500000000,"thinking_chars":16,"thinking_detected":true,"outcome":"ok"}
{"event":"deep_research_model_call","step":"pages","think":false,"attempt":1,"wall_ms":0,"load_duration":0,"prompt_eval_count":0,"prompt_eval_duration":0,"eval_count":5,"eval_duration":500000000,"thinking_chars":16,"thinking_detected":true,"outcome":"ok"}
{"event":"deep_research_model_call","step":"notes","think":false,"attempt":1,"wall_ms":0,"load_duration":0,"prompt_eval_count":0,"prompt_eval_duration":0,"eval_count":5,"eval_duration":500000000,"thinking_chars":16,"thinking_detected":true,"outcome":"ok"}
{"event":"deep_research_model_call","step":"notes","think":false,"attempt":1,"wall_ms":0,"load_duration":0,"prompt_eval_count":0,"prompt_eval_duration":0,"eval_count":5,"eval_duration":500000000,"thinking_chars":16,"thinking_detected":true,"outcome":"ok"}
{"event":"deep_research_model_call","step":"notes","think":false,"attempt":1,"wall_ms":0,"load_duration":0,"prompt_eval_count":0,"prompt_eval_duration":0,"eval_count":5,"eval_duration":500000000,"thinking_chars":17,"thinking_detected":true,"outcome":"ok"}
{"event":"deep_research_model_call","step":"write","think":true,"attempt":1,"wall_ms":0,"load_duration":0,"prompt_eval_count":0,"prompt_eval_duration":0,"eval_count":5,"eval_duration":500000000,"thinking_chars":17,"thinking_detected":false,"outcome":"ok"}
{"event":"deep_research_run_end","notes_kept":4,"pages_read":4,"status":"complete","elapsed_ms":1}
{"event":"deep_research_model_call","step":"brief","think":false,"attempt":1,"wall_ms":0,"load_duration":0,"prompt_eval_count":0,"prompt_eval_duration":0,"eval_count":5,"eval_duration":500000000,"thinking_chars":16,"thinking_detected":true,"outcome":"ok"}
{"event":"deep_research_model_call","step":"plan","think":true,"attempt":1,"wall_ms":1,"load_duration":0,"prompt_eval_count":0,"prompt_eval_duration":0,"eval_count":5,"eval_duration":500000000,"thinking_chars":16,"thinking_detected":false,"outcome":"ok"}
{"event":"deep_research_model_call","step":"queries","think":false,"attempt":1,"wall_ms":0,"load_duration":0,"prompt_eval_count":0,"prompt_eval_duration":0,"eval_count":5,"eval_duration":500000000,"thinking_chars":16,"thinking_detected":true,"outcome":"ok"}
{"event":"deep_research_model_call","step":"queries","think":false,"attempt":1,"wall_ms":0,"load_duration":0,"prompt_eval_count":0,"prompt_eval_duration":0,"eval_count":5,"eval_duration":500000000,"thinking_chars":16,"thinking_detected":true,"outcome":"ok"}
{"event":"deep_research_model_call","step":"pages","think":false,"attempt":1,"wall_ms":0,"load_duration":0,"prompt_eval_count":0,"prompt_eval_duration":0,"eval_count":5,"eval_duration":500000000,"thinking_chars":16,"thinking_detected":true,"outcome":"ok"}
{"event":"deep_research_model_call","step":"notes","think":false,"attempt":1,"wall_ms":0,"load_duration":0,"prompt_eval_count":0,"prompt_eval_duration":0,"eval_count":5,"eval_duration":500000000,"thinking_chars":16,"thinking_detected":true,"outcome":"ok"}
{"event":"deep_research_model_call","step":"notes","think":false,"attempt":1,"wall_ms":0,"load_duration":0,"prompt_eval_count":0,"prompt_eval_duration":0,"eval_count":5,"eval_duration":500000000,"thinking_chars":16,"thinking_detected":true,"outcome":"ok"}
{"event":"deep_research_model_call","step":"write","think":true,"attempt":1,"wall_ms":0,"load_duration":0,"prompt_eval_count":0,"prompt_eval_duration":0,"eval_count":5,"eval_duration":500000000,"thinking_chars":16,"thinking_detected":false,"outcome":"ok"}
{"event":"deep_research_run_end","notes_kept":2,"pages_read":2,"status":"complete","elapsed_ms":1}
{"event":"deep_research_model_call","step":"brief","think":false,"attempt":1,"wall_ms":0,"load_duration":0,"prompt_eval_count":0,"prompt_eval_duration":0,"eval_count":5,"eval_duration":500000000,"thinking_chars":16,"thinking_detected":true,"outcome":"ok"}
{"event":"deep_research_model_call","step":"plan","think":true,"attempt":1,"wall_ms":0,"load_duration":0,"prompt_eval_count":0,"prompt_eval_duration":0,"eval_count":5,"eval_duration":500000000,"thinking_chars":16,"thinking_detected":false,"outcome":"ok"}
{"event":"deep_research_model_call","step":"queries","think":false,"attempt":1,"wall_ms":0,"load_duration":0,"prompt_eval_count":0,"prompt_eval_duration":0,"eval_count":5,"eval_duration":500000000,"thinking_chars":16,"thinking_detected":true,"outcome":"ok"}
{"event":"deep_research_model_call","step":"queries","think":false,"attempt":1,"wall_ms":0,"load_duration":0,"prompt_eval_count":0,"prompt_eval_duration":0,"eval_count":5,"eval_duration":500000000,"thinking_chars":16,"thinking_detected":true,"outcome":"ok"}
{"event":"deep_research_model_call","step":"pages","think":false,"attempt":1,"wall_ms":0,"load_duration":0,"prompt_eval_count":0,"prompt_eval_duration":0,"eval_count":5,"eval_duration":500000000,"thinking_chars":16,"thinking_detected":true,"outcome":"ok"}
{"event":"deep_research_model_call","step":"notes","think":false,"attempt":1,"wall_ms":0,"load_duration":0,"prompt_eval_count":0,"prompt_eval_duration":0,"eval_count":5,"eval_duration":500000000,"thinking_chars":16,"thinking_detected":true,"outcome":"ok"}
{"event":"deep_research_model_call","step":"gap","think":false,"attempt":1,"wall_ms":0,"load_duration":0,"prompt_eval_count":0,"prompt_eval_duration":0,"eval_count":5,"eval_duration":500000000,"thinking_chars":16,"thinking_detected":true,"outcome":"ok"}
{"event":"deep_research_model_call","step":"pages","think":false,"attempt":1,"wall_ms":0,"load_duration":0,"prompt_eval_count":0,"prompt_eval_duration":0,"eval_count":5,"eval_duration":500000000,"thinking_chars":16,"thinking_detected":true,"outcome":"ok"}
{"event":"deep_research_model_call","step":"gap","think":false,"attempt":1,"wall_ms":0,"load_duration":0,"prompt_eval_count":0,"prompt_eval_duration":0,"eval_count":5,"eval_duration":500000000,"thinking_chars":16,"thinking_detected":true,"outcome":"ok"}
{"event":"deep_research_model_call","step":"pages","think":false,"attempt":1,"wall_ms":0,"load_duration":0,"prompt_eval_count":0,"prompt_eval_duration":0,"eval_count":5,"eval_duration":500000000,"thinking_chars":17,"thinking_detected":true,"outcome":"ok"}
{"event":"deep_research_model_call","step":"write","think":true,"attempt":1,"wall_ms":0,"load_duration":0,"prompt_eval_count":0,"prompt_eval_duration":0,"eval_count":5,"eval_duration":500000000,"thinking_chars":17,"thinking_detected":false,"outcome":"ok"}
{"event":"deep_research_run_end","notes_kept":1,"pages_read":1,"status":"complete","elapsed_ms":1}
{"event":"deep_research_model_call","step":"brief","think":false,"attempt":1,"wall_ms":0,"load_duration":0,"prompt_eval_count":0,"prompt_eval_duration":0,"eval_count":5,"eval_duration":500000000,"thinking_chars":16,"thinking_detected":true,"outcome":"ok"}
{"event":"deep_research_model_call","step":"plan","think":true,"attempt":1,"wall_ms":0,"load_duration":0,"prompt_eval_count":0,"prompt_eval_duration":0,"eval_count":5,"eval_duration":500000000,"thinking_chars":16,"thinking_detected":false,"outcome":"ok"}
{"event":"deep_research_model_call","step":"queries","think":false,"attempt":1,"wall_ms":0,"load_duration":0,"prompt_eval_count":0,"prompt_eval_duration":0,"eval_count":5,"eval_duration":500000000,"thinking_chars":16,"thinking_detected":true,"outcome":"ok"}
{"event":"deep_research_model_call","step":"queries","think":false,"attempt":1,"wall_ms":0,"load_duration":0,"prompt_eval_count":0,"prompt_eval_duration":0,"eval_count":5,"eval_duration":500000000,"thinking_chars":16,"thinking_detected":true,"outcome":"ok"}
{"event":"deep_research_model_call","step":"queries","think":false,"attempt":1,"wall_ms":0,"load_duration":0,"prompt_eval_count":0,"prompt_eval_duration":0,"eval_count":5,"eval_duration":500000000,"thinking_chars":16,"thinking_detected":true,"outcome":"ok"}
{"event":"deep_research_model_call","step":"queries","think":false,"attempt":1,"wall_ms":0,"load_duration":0,"prompt_eval_count":0,"prompt_eval_duration":0,"eval_count":5,"eval_duration":500000000,"thinking_chars":16,"thinking_detected":true,"outcome":"ok"}
{"event":"deep_research_model_call","step":"pages","think":false,"attempt":1,"wall_ms":0,"load_duration":0,"prompt_eval_count":0,"prompt_eval_duration":0,"eval_count":5,"eval_duration":500000000,"thinking_chars":16,"thinking_detected":true,"outcome":"ok"}
{"event":"deep_research_model_call","step":"notes","think":false,"attempt":1,"wall_ms":0,"load_duration":0,"prompt_eval_count":0,"prompt_eval_duration":0,"eval_count":5,"eval_duration":500000000,"thinking_chars":16,"thinking_detected":true,"outcome":"ok"}
{"event":"deep_research_model_call","step":"notes","think":false,"attempt":1,"wall_ms":0,"load_duration":0,"prompt_eval_count":0,"prompt_eval_duration":0,"eval_count":5,"eval_duration":500000000,"thinking_chars":16,"thinking_detected":true,"outcome":"ok"}
{"event":"deep_research_model_call","step":"write","think":true,"attempt":1,"wall_ms":0,"load_duration":0,"prompt_eval_count":0,"prompt_eval_duration":0,"eval_count":5,"eval_duration":500000000,"thinking_chars":17,"thinking_detected":false,"outcome":"ok"}
{"event":"deep_research_run_end","notes_kept":2,"pages_read":2,"status":"complete","elapsed_ms":1}
{"event":"deep_research_model_call","step":"brief","think":false,"attempt":1,"wall_ms":0,"load_duration":0,"prompt_eval_count":0,"prompt_eval_duration":0,"eval_count":5,"eval_duration":500000000,"thinking_chars":16,"thinking_detected":true,"outcome":"invalid"}
{"event":"deep_research_model_call","step":"brief","think":false,"attempt":2,"wall_ms":0,"load_duration":0,"prompt_eval_count":0,"prompt_eval_duration":0,"eval_count":5,"eval_duration":500000000,"thinking_chars":16,"thinking_detected":true,"outcome":"ok"}
{"event":"deep_research_model_call","step":"plan","think":true,"attempt":1,"wall_ms":1,"load_duration":0,"prompt_eval_count":0,"prompt_eval_duration":0,"eval_count":5,"eval_duration":500000000,"thinking_chars":16,"thinking_detected":false,"outcome":"invalid"}
{"event":"deep_research_model_call","step":"plan","think":true,"attempt":2,"wall_ms":0,"load_duration":0,"prompt_eval_count":0,"prompt_eval_duration":0,"eval_count":5,"eval_duration":500000000,"thinking_chars":16,"thinking_detected":false,"outcome":"invalid"}
{"event":"deep_research_model_call","step":"plan","think":true,"attempt":3,"wall_ms":0,"load_duration":0,"prompt_eval_count":0,"prompt_eval_duration":0,"eval_count":5,"eval_duration":500000000,"thinking_chars":16,"thinking_detected":false,"outcome":"invalid"}
{"event":"deep_research_model_call","step":"queries","think":false,"attempt":1,"wall_ms":0,"load_duration":0,"prompt_eval_count":0,"prompt_eval_duration":0,"eval_count":5,"eval_duration":500000000,"thinking_chars":16,"thinking_detected":true,"outcome":"ok"}
{"event":"deep_research_model_call","step":"pages","think":false,"attempt":1,"wall_ms":0,"load_duration":0,"prompt_eval_count":0,"prompt_eval_duration":0,"eval_count":5,"eval_duration":500000000,"thinking_chars":16,"thinking_detected":true,"outcome":"ok"}
{"event":"deep_research_model_call","step":"notes","think":false,"attempt":1,"wall_ms":0,"load_duration":0,"prompt_eval_count":0,"prompt_eval_duration":0,"eval_count":5,"eval_duration":500000000,"thinking_chars":16,"thinking_detected":true,"outcome":"ok"}
{"event":"deep_research_model_call","step":"notes","think":false,"attempt":1,"wall_ms":0,"load_duration":0,"prompt_eval_count":0,"prompt_eval_duration":0,"eval_count":5,"eval_duration":500000000,"thinking_chars":16,"thinking_detected":true,"outcome":"ok"}
{"event":"deep_research_model_call","step":"write","think":true,"attempt":1,"wall_ms":0,"load_duration":0,"prompt_eval_count":0,"prompt_eval_duration":0,"eval_count":5,"eval_duration":500000000,"thinking_chars":17,"thinking_detected":false,"outcome":"invalid"}
{"event":"deep_research_model_call","step":"write","think":true,"attempt":2,"wall_ms":0,"load_duration":0,"prompt_eval_count":0,"prompt_eval_duration":0,"eval_count":5,"eval_duration":500000000,"thinking_chars":17,"thinking_detected":false,"outcome":"invalid"}
{"event":"deep_research_model_call","step":"write","think":true,"attempt":3,"wall_ms":0,"load_duration":0,"prompt_eval_count":0,"prompt_eval_duration":0,"eval_count":5,"eval_duration":500000000,"thinking_chars":17,"thinking_detected":false,"outcome":"invalid"}
{"event":"deep_research_run_end","notes_kept":2,"pages_read":2,"status":"partial","elapsed_ms":1}
{"event":"deep_research_model_call","step":"brief","think":false,"attempt":1,"wall_ms":0,"load_duration":null,"prompt_eval_count":null,"prompt_eval_duration":null,"eval_count":null,"eval_duration":null,"thinking_chars":0,"thinking_detected":false,"outcome":"error"}
{"event":"deep_research_model_call","step":"plan","think":true,"attempt":1,"wall_ms":0,"load_duration":null,"prompt_eval_count":null,"prompt_eval_duration":null,"eval_count":null,"eval_duration":null,"thinking_chars":0,"thinking_detected":false,"outcome":"error"}
{"event":"deep_research_model_call","step":"queries","think":false,"attempt":1,"wall_ms":1,"load_duration":null,"prompt_eval_count":null,"prompt_eval_duration":null,"eval_count":null,"eval_duration":null,"thinking_chars":0,"thinking_detected":false,"outcome":"error"}
{"event":"deep_research_model_call","step":"pages","think":false,"attempt":1,"wall_ms":0,"load_duration":null,"prompt_eval_count":null,"prompt_eval_duration":null,"eval_count":null,"eval_duration":null,"thinking_chars":0,"thinking_detected":false,"outcome":"error"}
{"event":"deep_research_model_call","step":"notes","think":false,"attempt":1,"wall_ms":0,"load_duration":null,"prompt_eval_count":null,"prompt_eval_duration":null,"eval_count":null,"eval_duration":null,"thinking_chars":0,"thinking_detected":false,"outcome":"error"}
{"event":"deep_research_model_call","step":"notes","think":false,"attempt":1,"wall_ms":0,"load_duration":null,"prompt_eval_count":null,"prompt_eval_duration":null,"eval_count":null,"eval_duration":null,"thinking_chars":0,"thinking_detected":false,"outcome":"error"}
{"event":"deep_research_run_end","notes_kept":0,"pages_read":2,"status":"failed","elapsed_ms":1}
{"event":"deep_research_model_call","step":"brief","think":false,"attempt":1,"wall_ms":0,"load_duration":null,"prompt_eval_count":null,"prompt_eval_duration":null,"eval_count":null,"eval_duration":null,"thinking_chars":0,"thinking_detected":false,"outcome":"error"}
{"event":"deep_research_model_call","step":"plan","think":true,"attempt":1,"wall_ms":0,"load_duration":null,"prompt_eval_count":null,"prompt_eval_duration":null,"eval_count":null,"eval_duration":null,"thinking_chars":0,"thinking_detected":false,"outcome":"error"}
{"event":"deep_research_model_call","step":"queries","think":false,"attempt":1,"wall_ms":0,"load_duration":null,"prompt_eval_count":null,"prompt_eval_duration":null,"eval_count":null,"eval_duration":null,"thinking_chars":0,"thinking_detected":false,"outcome":"error"}
{"event":"deep_research_model_call","step":"queries","think":false,"attempt":1,"wall_ms":0,"load_duration":null,"prompt_eval_count":null,"prompt_eval_duration":null,"eval_count":null,"eval_duration":null,"thinking_chars":0,"thinking_detected":false,"outcome":"error"}
{"event":"deep_research_model_call","step":"queries","think":false,"attempt":1,"wall_ms":0,"load_duration":null,"prompt_eval_count":null,"prompt_eval_duration":null,"eval_count":null,"eval_duration":null,"thinking_chars":0,"thinking_detected":false,"outcome":"error"}
{"event":"deep_research_model_call","step":"pages","think":false,"attempt":1,"wall_ms":0,"load_duration":null,"prompt_eval_count":null,"prompt_eval_duration":null,"eval_count":null,"eval_duration":null,"thinking_chars":0,"thinking_detected":false,"outcome":"error"}
{"event":"deep_research_model_call","step":"notes","think":false,"attempt":1,"wall_ms":0,"load_duration":null,"prompt_eval_count":null,"prompt_eval_duration":null,"eval_count":null,"eval_duration":null,"thinking_chars":0,"thinking_detected":false,"outcome":"error"}
{"event":"deep_research_model_call","step":"notes","think":false,"attempt":1,"wall_ms":0,"load_duration":null,"prompt_eval_count":null,"prompt_eval_duration":null,"eval_count":null,"eval_duration":null,"thinking_chars":0,"thinking_detected":false,"outcome":"error"}
{"event":"deep_research_run_end","notes_kept":0,"pages_read":2,"status":"failed","elapsed_ms":1}
{"event":"deep_research_model_call","step":"brief","think":false,"attempt":1,"wall_ms":0,"load_duration":0,"prompt_eval_count":0,"prompt_eval_duration":0,"eval_count":5,"eval_duration":500000000,"thinking_chars":16,"thinking_detected":true,"outcome":"ok"}
{"event":"deep_research_model_call","step":"plan","think":true,"attempt":1,"wall_ms":0,"load_duration":0,"prompt_eval_count":0,"prompt_eval_duration":0,"eval_count":5,"eval_duration":500000000,"thinking_chars":16,"thinking_detected":false,"outcome":"ok"}
{"event":"deep_research_model_call","step":"queries","think":false,"attempt":1,"wall_ms":0,"load_duration":0,"prompt_eval_count":0,"prompt_eval_duration":0,"eval_count":5,"eval_duration":500000000,"thinking_chars":16,"thinking_detected":true,"outcome":"ok"}
{"event":"deep_research_model_call","step":"pages","think":false,"attempt":1,"wall_ms":0,"load_duration":0,"prompt_eval_count":0,"prompt_eval_duration":0,"eval_count":5,"eval_duration":500000000,"thinking_chars":16,"thinking_detected":true,"outcome":"ok"}
{"event":"deep_research_model_call","step":"notes","think":false,"attempt":1,"wall_ms":0,"load_duration":0,"prompt_eval_count":0,"prompt_eval_duration":0,"eval_count":5,"eval_duration":500000000,"thinking_chars":16,"thinking_detected":true,"outcome":"ok"}
{"event":"deep_research_model_call","step":"queries","think":false,"attempt":1,"wall_ms":0,"load_duration":0,"prompt_eval_count":0,"prompt_eval_duration":0,"eval_count":5,"eval_duration":500000000,"thinking_chars":16,"thinking_detected":true,"outcome":"ok"}
{"event":"deep_research_model_call","step":"queries","think":false,"attempt":1,"wall_ms":0,"load_duration":0,"prompt_eval_count":0,"prompt_eval_duration":0,"eval_count":5,"eval_duration":500000000,"thinking_chars":16,"thinking_detected":true,"outcome":"ok"}
{"event":"deep_research_model_call","step":"queries","think":false,"attempt":1,"wall_ms":0,"load_duration":0,"prompt_eval_count":0,"prompt_eval_duration":0,"eval_count":5,"eval_duration":500000000,"thinking_chars":16,"thinking_detected":true,"outcome":"ok"}
{"event":"deep_research_model_call","step":"pages","think":false,"attempt":1,"wall_ms":0,"load_duration":0,"prompt_eval_count":0,"prompt_eval_duration":0,"eval_count":5,"eval_duration":500000000,"thinking_chars":16,"thinking_detected":true,"outcome":"ok"}
{"event":"deep_research_model_call","step":"notes","think":false,"attempt":1,"wall_ms":0,"load_duration":0,"prompt_eval_count":0,"prompt_eval_duration":0,"eval_count":5,"eval_duration":500000000,"thinking_chars":17,"thinking_detected":true,"outcome":"ok"}
{"event":"deep_research_model_call","step":"notes","think":false,"attempt":1,"wall_ms":0,"load_duration":0,"prompt_eval_count":0,"prompt_eval_duration":0,"eval_count":5,"eval_duration":500000000,"thinking_chars":17,"thinking_detected":true,"outcome":"ok"}
{"event":"deep_research_model_call","step":"notes","think":false,"attempt":1,"wall_ms":0,"load_duration":0,"prompt_eval_count":0,"prompt_eval_duration":0,"eval_count":5,"eval_duration":500000000,"thinking_chars":17,"thinking_detected":true,"outcome":"ok"}
{"event":"deep_research_model_call","step":"write","think":true,"attempt":1,"wall_ms":0,"load_duration":0,"prompt_eval_count":0,"prompt_eval_duration":0,"eval_count":5,"eval_duration":500000000,"thinking_chars":17,"thinking_detected":false,"outcome":"ok"}
{"event":"deep_research_run_end","notes_kept":4,"pages_read":4,"status":"complete","elapsed_ms":1}
{"event":"deep_research_model_call","step":"brief","think":false,"attempt":1,"wall_ms":0,"load_duration":0,"prompt_eval_count":0,"prompt_eval_duration":0,"eval_count":5,"eval_duration":500000000,"thinking_chars":16,"thinking_detected":true,"outcome":"ok"}
{"event":"deep_research_model_call","step":"plan","think":true,"attempt":1,"wall_ms":0,"load_duration":0,"prompt_eval_count":0,"prompt_eval_duration":0,"eval_count":5,"eval_duration":500000000,"thinking_chars":16,"thinking_detected":false,"outcome":"ok"}
{"event":"deep_research_model_call","step":"queries","think":false,"attempt":1,"wall_ms":0,"load_duration":0,"prompt_eval_count":0,"prompt_eval_duration":0,"eval_count":5,"eval_duration":500000000,"thinking_chars":16,"thinking_detected":true,"outcome":"ok"}
{"event":"deep_research_model_call","step":"pages","think":false,"attempt":1,"wall_ms":0,"load_duration":0,"prompt_eval_count":0,"prompt_eval_duration":0,"eval_count":5,"eval_duration":500000000,"thinking_chars":16,"thinking_detected":true,"outcome":"ok"}
{"event":"deep_research_model_call","step":"notes","think":false,"attempt":1,"wall_ms":0,"load_duration":0,"prompt_eval_count":0,"prompt_eval_duration":0,"eval_count":5,"eval_duration":500000000,"thinking_chars":16,"thinking_detected":true,"outcome":"ok"}
{"event":"deep_research_model_call","step":"gap","think":false,"attempt":1,"wall_ms":0,"load_duration":0,"prompt_eval_count":0,"prompt_eval_duration":0,"eval_count":5,"eval_duration":500000000,"thinking_chars":16,"thinking_detected":true,"outcome":"ok"}
{"event":"deep_research_model_call","step":"pages","think":false,"attempt":1,"wall_ms":0,"load_duration":0,"prompt_eval_count":0,"prompt_eval_duration":0,"eval_count":5,"eval_duration":500000000,"thinking_chars":16,"thinking_detected":true,"outcome":"ok"}
{"event":"deep_research_model_call","step":"notes","think":false,"attempt":1,"wall_ms":0,"load_duration":0,"prompt_eval_count":0,"prompt_eval_duration":0,"eval_count":5,"eval_duration":500000000,"thinking_chars":16,"thinking_detected":true,"outcome":"ok"}
{"event":"deep_research_model_call","step":"write","think":true,"attempt":1,"wall_ms":0,"load_duration":0,"prompt_eval_count":0,"prompt_eval_duration":0,"eval_count":5,"eval_duration":500000000,"thinking_chars":16,"thinking_detected":false,"outcome":"ok"}
{"event":"deep_research_run_end","notes_kept":4,"pages_read":2,"status":"complete","elapsed_ms":1}
{"event":"deep_research_model_call","step":"brief","think":false,"attempt":1,"wall_ms":0,"load_duration":0,"prompt_eval_count":0,"prompt_eval_duration":0,"eval_count":5,"eval_duration":500000000,"thinking_chars":16,"thinking_detected":true,"outcome":"ok"}
{"event":"deep_research_model_call","step":"plan","think":true,"attempt":1,"wall_ms":0,"load_duration":0,"prompt_eval_count":0,"prompt_eval_duration":0,"eval_count":5,"eval_duration":500000000,"thinking_chars":16,"thinking_detected":false,"outcome":"ok"}
{"event":"deep_research_model_call","step":"queries","think":false,"attempt":1,"wall_ms":0,"load_duration":0,"prompt_eval_count":0,"prompt_eval_duration":0,"eval_count":5,"eval_duration":500000000,"thinking_chars":16,"thinking_detected":true,"outcome":"ok"}
{"event":"deep_research_model_call","step":"pages","think":false,"attempt":1,"wall_ms":0,"load_duration":0,"prompt_eval_count":0,"prompt_eval_duration":0,"eval_count":5,"eval_duration":500000000,"thinking_chars":16,"thinking_detected":true,"outcome":"ok"}
{"event":"deep_research_model_call","step":"notes","think":false,"attempt":1,"wall_ms":0,"load_duration":0,"prompt_eval_count":0,"prompt_eval_duration":0,"eval_count":5,"eval_duration":500000000,"thinking_chars":16,"thinking_detected":true,"outcome":"ok"}
{"event":"deep_research_model_call","step":"notes","think":false,"attempt":1,"wall_ms":0,"load_duration":0,"prompt_eval_count":0,"prompt_eval_duration":0,"eval_count":5,"eval_duration":500000000,"thinking_chars":16,"thinking_detected":true,"outcome":"ok"}
{"event":"deep_research_model_call","step":"write","think":true,"attempt":1,"wall_ms":0,"load_duration":0,"prompt_eval_count":0,"prompt_eval_duration":0,"eval_count":5,"eval_duration":500000000,"thinking_chars":16,"thinking_detected":false,"outcome":"ok"}
{"event":"deep_research_run_end","notes_kept":2,"pages_read":2,"status":"complete","elapsed_ms":1}
{"event":"deep_research_model_call","step":"brief","think":false,"attempt":1,"wall_ms":0,"load_duration":0,"prompt_eval_count":0,"prompt_eval_duration":0,"eval_count":5,"eval_duration":500000000,"thinking_chars":16,"thinking_detected":true,"outcome":"ok"}
{"event":"deep_research_model_call","step":"plan","think":true,"attempt":1,"wall_ms":0,"load_duration":0,"prompt_eval_count":0,"prompt_eval_duration":0,"eval_count":5,"eval_duration":500000000,"thinking_chars":16,"thinking_detected":false,"outcome":"ok"}
{"event":"deep_research_model_call","step":"queries","think":false,"attempt":1,"wall_ms":0,"load_duration":0,"prompt_eval_count":0,"prompt_eval_duration":0,"eval_count":5,"eval_duration":500000000,"thinking_chars":16,"thinking_detected":true,"outcome":"ok"}
{"event":"deep_research_model_call","step":"pages","think":false,"attempt":1,"wall_ms":0,"load_duration":0,"prompt_eval_count":0,"prompt_eval_duration":0,"eval_count":5,"eval_duration":500000000,"thinking_chars":16,"thinking_detected":true,"outcome":"ok"}
{"event":"deep_research_model_call","step":"notes","think":false,"attempt":1,"wall_ms":0,"load_duration":0,"prompt_eval_count":0,"prompt_eval_duration":0,"eval_count":5,"eval_duration":500000000,"thinking_chars":16,"thinking_detected":true,"outcome":"ok"}
{"event":"deep_research_model_call","step":"queries","think":false,"attempt":1,"wall_ms":0,"load_duration":0,"prompt_eval_count":0,"prompt_eval_duration":0,"eval_count":5,"eval_duration":500000000,"thinking_chars":16,"thinking_detected":true,"outcome":"ok"}
{"event":"deep_research_model_call","step":"pages","think":false,"attempt":1,"wall_ms":0,"load_duration":0,"prompt_eval_count":0,"prompt_eval_duration":0,"eval_count":5,"eval_duration":500000000,"thinking_chars":16,"thinking_detected":true,"outcome":"ok"}
{"event":"deep_research_model_call","step":"notes","think":false,"attempt":1,"wall_ms":0,"load_duration":0,"prompt_eval_count":0,"prompt_eval_duration":0,"eval_count":5,"eval_duration":500000000,"thinking_chars":16,"thinking_detected":true,"outcome":"ok"}
{"event":"deep_research_model_call","step":"notes","think":false,"attempt":1,"wall_ms":0,"load_duration":0,"prompt_eval_count":0,"prompt_eval_duration":0,"eval_count":5,"eval_duration":500000000,"thinking_chars":16,"thinking_detected":true,"outcome":"ok"}
{"event":"deep_research_model_call","step":"notes","think":false,"attempt":1,"wall_ms":0,"load_duration":0,"prompt_eval_count":0,"prompt_eval_duration":0,"eval_count":5,"eval_duration":500000000,"thinking_chars":17,"thinking_detected":true,"outcome":"ok"}
{"event":"deep_research_model_call","step":"write","think":true,"attempt":1,"wall_ms":1,"load_duration":0,"prompt_eval_count":0,"prompt_eval_duration":0,"eval_count":5,"eval_duration":500000000,"thinking_chars":17,"thinking_detected":false,"outcome":"ok"}
{"event":"deep_research_run_end","notes_kept":4,"pages_read":4,"status":"complete","elapsed_ms":1}
{"event":"deep_research_model_call","step":"brief","think":false,"attempt":1,"wall_ms":0,"load_duration":0,"prompt_eval_count":0,"prompt_eval_duration":0,"eval_count":5,"eval_duration":500000000,"thinking_chars":16,"thinking_detected":true,"outcome":"ok"}
{"event":"deep_research_model_call","step":"plan","think":true,"attempt":1,"wall_ms":0,"load_duration":0,"prompt_eval_count":0,"prompt_eval_duration":0,"eval_count":5,"eval_duration":500000000,"thinking_chars":16,"thinking_detected":false,"outcome":"ok"}
{"event":"deep_research_model_call","step":"queries","think":false,"attempt":1,"wall_ms":0,"load_duration":0,"prompt_eval_count":0,"prompt_eval_duration":0,"eval_count":5,"eval_duration":500000000,"thinking_chars":16,"thinking_detected":true,"outcome":"ok"}
{"event":"deep_research_model_call","step":"brief","think":false,"attempt":1,"wall_ms":0,"load_duration":0,"prompt_eval_count":0,"prompt_eval_duration":0,"eval_count":5,"eval_duration":500000000,"thinking_chars":16,"thinking_detected":true,"outcome":"ok"}
{"event":"deep_research_model_call","step":"plan","think":true,"attempt":1,"wall_ms":0,"load_duration":0,"prompt_eval_count":0,"prompt_eval_duration":0,"eval_count":5,"eval_duration":500000000,"thinking_chars":16,"thinking_detected":false,"outcome":"ok"}
{"event":"deep_research_model_call","step":"queries","think":false,"attempt":1,"wall_ms":0,"load_duration":0,"prompt_eval_count":0,"prompt_eval_duration":0,"eval_count":5,"eval_duration":500000000,"thinking_chars":16,"thinking_detected":true,"outcome":"ok"}
{"event":"deep_research_model_call","step":"pages","think":false,"attempt":1,"wall_ms":0,"load_duration":0,"prompt_eval_count":0,"prompt_eval_duration":0,"eval_count":5,"eval_duration":500000000,"thinking_chars":16,"thinking_detected":true,"outcome":"ok"}
{"event":"deep_research_model_call","step":"notes","think":false,"attempt":1,"wall_ms":0,"load_duration":0,"prompt_eval_count":0,"prompt_eval_duration":0,"eval_count":5,"eval_duration":500000000,"thinking_chars":16,"thinking_detected":true,"outcome":"ok"}
{"event":"deep_research_model_call","step":"queries","think":false,"attempt":1,"wall_ms":0,"load_duration":0,"prompt_eval_count":0,"prompt_eval_duration":0,"eval_count":5,"eval_duration":500000000,"thinking_chars":16,"thinking_detected":true,"outcome":"ok"}
{"event":"deep_research_model_call","step":"pages","think":false,"attempt":1,"wall_ms":0,"load_duration":0,"prompt_eval_count":0,"prompt_eval_duration":0,"eval_count":5,"eval_duration":500000000,"thinking_chars":16,"thinking_detected":true,"outcome":"ok"}
{"event":"deep_research_model_call","step":"notes","think":false,"attempt":1,"wall_ms":0,"load_duration":0,"prompt_eval_count":0,"prompt_eval_duration":0,"eval_count":5,"eval_duration":500000000,"thinking_chars":16,"thinking_detected":true,"outcome":"ok"}
{"event":"deep_research_model_call","step":"notes","think":false,"attempt":1,"wall_ms":0,"load_duration":0,"prompt_eval_count":0,"prompt_eval_duration":0,"eval_count":5,"eval_duration":500000000,"thinking_chars":16,"thinking_detected":true,"outcome":"ok"}
{"event":"deep_research_model_call","step":"write","think":true,"attempt":1,"wall_ms":0,"load_duration":0,"prompt_eval_count":0,"prompt_eval_duration":0,"eval_count":5,"eval_duration":500000000,"thinking_chars":17,"thinking_detected":false,"outcome":"ok"}
{"event":"deep_research_run_end","notes_kept":3,"pages_read":3,"status":"complete","elapsed_ms":1}
{"event":"deep_research_model_call","step":"brief","think":false,"attempt":1,"wall_ms":0,"load_duration":0,"prompt_eval_count":0,"prompt_eval_duration":0,"eval_count":5,"eval_duration":500000000,"thinking_chars":16,"thinking_detected":true,"outcome":"ok"}
{"event":"deep_research_model_call","step":"plan","think":true,"attempt":1,"wall_ms":0,"load_duration":0,"prompt_eval_count":0,"prompt_eval_duration":0,"eval_count":5,"eval_duration":500000000,"thinking_chars":16,"thinking_detected":false,"outcome":"ok"}
{"event":"deep_research_model_call","step":"queries","think":false,"attempt":1,"wall_ms":0,"load_duration":0,"prompt_eval_count":0,"prompt_eval_duration":0,"eval_count":5,"eval_duration":500000000,"thinking_chars":16,"thinking_detected":true,"outcome":"ok"}
{"event":"deep_research_model_call","step":"pages","think":false,"attempt":1,"wall_ms":0,"load_duration":0,"prompt_eval_count":0,"prompt_eval_duration":0,"eval_count":5,"eval_duration":500000000,"thinking_chars":16,"thinking_detected":true,"outcome":"ok"}
{"event":"deep_research_model_call","step":"notes","think":false,"attempt":1,"wall_ms":0,"load_duration":0,"prompt_eval_count":0,"prompt_eval_duration":0,"eval_count":5,"eval_duration":500000000,"thinking_chars":16,"thinking_detected":true,"outcome":"ok"}
{"event":"deep_research_model_call","step":"queries","think":false,"attempt":1,"wall_ms":0,"load_duration":0,"prompt_eval_count":0,"prompt_eval_duration":0,"eval_count":5,"eval_duration":500000000,"thinking_chars":16,"thinking_detected":true,"outcome":"ok"}
{"event":"deep_research_model_call","step":"pages","think":false,"attempt":1,"wall_ms":0,"load_duration":0,"prompt_eval_count":0,"prompt_eval_duration":0,"eval_count":5,"eval_duration":500000000,"thinking_chars":16,"thinking_detected":true,"outcome":"ok"}
{"event":"deep_research_model_call","step":"notes","think":false,"attempt":1,"wall_ms":0,"load_duration":0,"prompt_eval_count":0,"prompt_eval_duration":0,"eval_count":5,"eval_duration":500000000,"thinking_chars":16,"thinking_detected":true,"outcome":"ok"}
{"event":"deep_research_model_call","step":"write","think":true,"attempt":1,"wall_ms":0,"load_duration":0,"prompt_eval_count":0,"prompt_eval_duration":0,"eval_count":5,"eval_duration":500000000,"thinking_chars":16,"thinking_detected":false,"outcome":"ok"}
{"event":"deep_research_run_end","notes_kept":2,"pages_read":2,"status":"complete","elapsed_ms":1}
{"event":"deep_research_model_call","step":"brief","think":false,"attempt":1,"wall_ms":0,"load_duration":0,"prompt_eval_count":0,"prompt_eval_duration":0,"eval_count":5,"eval_duration":500000000,"thinking_chars":16,"thinking_detected":true,"outcome":"ok"}
{"event":"deep_research_model_call","step":"plan","think":true,"attempt":1,"wall_ms":0,"load_duration":0,"prompt_eval_count":0,"prompt_eval_duration":0,"eval_count":5,"eval_duration":500000000,"thinking_chars":16,"thinking_detected":false,"outcome":"ok"}
{"event":"deep_research_model_call","step":"queries","think":false,"attempt":1,"wall_ms":0,"load_duration":0,"prompt_eval_count":0,"prompt_eval_duration":0,"eval_count":5,"eval_duration":500000000,"thinking_chars":16,"thinking_detected":true,"outcome":"ok"}
{"event":"deep_research_model_call","step":"pages","think":false,"attempt":1,"wall_ms":0,"load_duration":0,"prompt_eval_count":0,"prompt_eval_duration":0,"eval_count":5,"eval_duration":500000000,"thinking_chars":16,"thinking_detected":true,"outcome":"ok"}
{"event":"deep_research_model_call","step":"notes","think":false,"attempt":1,"wall_ms":0,"load_duration":0,"prompt_eval_count":0,"prompt_eval_duration":0,"eval_count":5,"eval_duration":500000000,"thinking_chars":16,"thinking_detected":true,"outcome":"ok"}
{"event":"deep_research_model_call","step":"notes","think":false,"attempt":1,"wall_ms":0,"load_duration":0,"prompt_eval_count":0,"prompt_eval_duration":0,"eval_count":5,"eval_duration":500000000,"thinking_chars":16,"thinking_detected":true,"outcome":"ok"}
{"event":"deep_research_model_call","step":"write","think":true,"attempt":1,"wall_ms":0,"load_duration":0,"prompt_eval_count":0,"prompt_eval_duration":0,"eval_count":5,"eval_duration":500000000,"thinking_chars":16,"thinking_detected":false,"outcome":"ok"}
{"event":"deep_research_run_end","notes_kept":2,"pages_read":2,"status":"complete","elapsed_ms":1}
{"event":"deep_research_model_call","step":"brief","think":false,"attempt":1,"wall_ms":0,"load_duration":0,"prompt_eval_count":0,"prompt_eval_duration":0,"eval_count":5,"eval_duration":500000000,"thinking_chars":16,"thinking_detected":true,"outcome":"ok"}
{"event":"deep_research_model_call","step":"plan","think":true,"attempt":1,"wall_ms":0,"load_duration":0,"prompt_eval_count":0,"prompt_eval_duration":0,"eval_count":5,"eval_duration":500000000,"thinking_chars":16,"thinking_detected":false,"outcome":"ok"}
{"event":"deep_research_model_call","step":"queries","think":false,"attempt":1,"wall_ms":0,"load_duration":0,"prompt_eval_count":0,"prompt_eval_duration":0,"eval_count":5,"eval_duration":500000000,"thinking_chars":16,"thinking_detected":true,"outcome":"ok"}
{"event":"deep_research_model_call","step":"pages","think":false,"attempt":1,"wall_ms":0,"load_duration":0,"prompt_eval_count":0,"prompt_eval_duration":0,"eval_count":5,"eval_duration":500000000,"thinking_chars":16,"thinking_detected":true,"outcome":"ok"}
{"event":"deep_research_model_call","step":"notes","think":false,"attempt":1,"wall_ms":0,"load_duration":0,"prompt_eval_count":0,"prompt_eval_duration":0,"eval_count":5,"eval_duration":500000000,"thinking_chars":16,"thinking_detected":true,"outcome":"ok"}
{"event":"deep_research_model_call","step":"notes","think":false,"attempt":1,"wall_ms":0,"load_duration":0,"prompt_eval_count":0,"prompt_eval_duration":0,"eval_count":5,"eval_duration":500000000,"thinking_chars":16,"thinking_detected":true,"outcome":"ok"}
{"event":"deep_research_model_call","step":"write","think":true,"attempt":1,"wall_ms":0,"load_duration":0,"prompt_eval_count":0,"prompt_eval_duration":0,"eval_count":5,"eval_duration":500000000,"thinking_chars":16,"thinking_detected":false,"outcome":"ok"}
{"event":"deep_research_run_end","notes_kept":2,"pages_read":2,"status":"complete","elapsed_ms":0}
{"event":"deep_research_model_call","step":"brief","think":false,"attempt":1,"wall_ms":0,"load_duration":0,"prompt_eval_count":0,"prompt_eval_duration":0,"eval_count":5,"eval_duration":500000000,"thinking_chars":16,"thinking_detected":true,"outcome":"ok"}
{"event":"deep_research_model_call","step":"plan","think":true,"attempt":1,"wall_ms":0,"load_duration":0,"prompt_eval_count":0,"prompt_eval_duration":0,"eval_count":5,"eval_duration":500000000,"thinking_chars":16,"thinking_detected":false,"outcome":"ok"}
{"event":"deep_research_model_call","step":"queries","think":false,"attempt":1,"wall_ms":0,"load_duration":0,"prompt_eval_count":0,"prompt_eval_duration":0,"eval_count":5,"eval_duration":500000000,"thinking_chars":16,"thinking_detected":true,"outcome":"ok"}
{"event":"deep_research_model_call","step":"pages","think":false,"attempt":1,"wall_ms":0,"load_duration":0,"prompt_eval_count":0,"prompt_eval_duration":0,"eval_count":5,"eval_duration":500000000,"thinking_chars":16,"thinking_detected":true,"outcome":"ok"}
{"event":"deep_research_model_call","step":"notes","think":false,"attempt":1,"wall_ms":0,"load_duration":0,"prompt_eval_count":0,"prompt_eval_duration":0,"eval_count":5,"eval_duration":500000000,"thinking_chars":16,"thinking_detected":true,"outcome":"ok"}
{"event":"deep_research_model_call","step":"notes","think":false,"attempt":1,"wall_ms":0,"load_duration":0,"prompt_eval_count":0,"prompt_eval_duration":0,"eval_count":5,"eval_duration":500000000,"thinking_chars":16,"thinking_detected":true,"outcome":"ok"}
{"event":"deep_research_model_call","step":"write","think":true,"attempt":1,"wall_ms":0,"load_duration":0,"prompt_eval_count":0,"prompt_eval_duration":0,"eval_count":5,"eval_duration":500000000,"thinking_chars":16,"thinking_detected":false,"outcome":"ok"}
{"event":"deep_research_run_end","notes_kept":2,"pages_read":2,"status":"complete","elapsed_ms":1}
{"event":"deep_research_model_call","step":"brief","think":false,"attempt":1,"wall_ms":0,"load_duration":0,"prompt_eval_count":0,"prompt_eval_duration":0,"eval_count":5,"eval_duration":500000000,"thinking_chars":16,"thinking_detected":true,"outcome":"ok"}
{"event":"deep_research_model_call","step":"plan","think":true,"attempt":1,"wall_ms":0,"load_duration":0,"prompt_eval_count":0,"prompt_eval_duration":0,"eval_count":5,"eval_duration":500000000,"thinking_chars":16,"thinking_detected":false,"outcome":"ok"}
{"event":"deep_research_model_call","step":"queries","think":false,"attempt":1,"wall_ms":0,"load_duration":0,"prompt_eval_count":0,"prompt_eval_duration":0,"eval_count":5,"eval_duration":500000000,"thinking_chars":16,"thinking_detected":true,"outcome":"ok"}
{"event":"deep_research_model_call","step":"pages","think":false,"attempt":1,"wall_ms":0,"load_duration":0,"prompt_eval_count":0,"prompt_eval_duration":0,"eval_count":5,"eval_duration":500000000,"thinking_chars":16,"thinking_detected":true,"outcome":"ok"}
{"event":"deep_research_model_call","step":"notes","think":false,"attempt":1,"wall_ms":0,"load_duration":0,"prompt_eval_count":0,"prompt_eval_duration":0,"eval_count":5,"eval_duration":500000000,"thinking_chars":16,"thinking_detected":true,"outcome":"ok"}
{"event":"deep_research_model_call","step":"notes","think":false,"attempt":1,"wall_ms":0,"load_duration":0,"prompt_eval_count":0,"prompt_eval_duration":0,"eval_count":5,"eval_duration":500000000,"thinking_chars":16,"thinking_detected":true,"outcome":"ok"}
{"event":"deep_research_model_call","step":"write","think":true,"attempt":1,"wall_ms":0,"load_duration":0,"prompt_eval_count":0,"prompt_eval_duration":0,"eval_count":5,"eval_duration":500000000,"thinking_chars":16,"thinking_detected":false,"outcome":"ok"}
{"event":"deep_research_run_end","notes_kept":2,"pages_read":2,"status":"complete","elapsed_ms":0}
{"event":"deep_research_model_call","step":"brief","think":false,"attempt":1,"wall_ms":0,"load_duration":0,"prompt_eval_count":0,"prompt_eval_duration":0,"eval_count":5,"eval_duration":500000000,"thinking_chars":16,"thinking_detected":true,"outcome":"ok"}
{"event":"deep_research_model_call","step":"plan","think":true,"attempt":1,"wall_ms":0,"load_duration":0,"prompt_eval_count":0,"prompt_eval_duration":0,"eval_count":5,"eval_duration":500000000,"thinking_chars":16,"thinking_detected":false,"outcome":"ok"}
{"event":"deep_research_model_call","step":"queries","think":false,"attempt":1,"wall_ms":0,"load_duration":0,"prompt_eval_count":0,"prompt_eval_duration":0,"eval_count":5,"eval_duration":500000000,"thinking_chars":16,"thinking_detected":true,"outcome":"ok"}
{"event":"deep_research_model_call","step":"pages","think":false,"attempt":1,"wall_ms":0,"load_duration":0,"prompt_eval_count":0,"prompt_eval_duration":0,"eval_count":5,"eval_duration":500000000,"thinking_chars":16,"thinking_detected":true,"outcome":"ok"}
{"event":"deep_research_model_call","step":"notes","think":false,"attempt":1,"wall_ms":0,"load_duration":0,"prompt_eval_count":0,"prompt_eval_duration":0,"eval_count":5,"eval_duration":500000000,"thinking_chars":16,"thinking_detected":true,"outcome":"ok"}
{"event":"deep_research_model_call","step":"queries","think":false,"attempt":1,"wall_ms":0,"load_duration":0,"prompt_eval_count":0,"prompt_eval_duration":0,"eval_count":5,"eval_duration":500000000,"thinking_chars":16,"thinking_detected":true,"outcome":"ok"}
{"event":"deep_research_model_call","step":"pages","think":false,"attempt":1,"wall_ms":0,"load_duration":0,"prompt_eval_count":0,"prompt_eval_duration":0,"eval_count":5,"eval_duration":500000000,"thinking_chars":16,"thinking_detected":true,"outcome":"ok"}
{"event":"deep_research_model_call","step":"notes","think":false,"attempt":1,"wall_ms":0,"load_duration":0,"prompt_eval_count":0,"prompt_eval_duration":0,"eval_count":5,"eval_duration":500000000,"thinking_chars":16,"thinking_detected":true,"outcome":"ok"}
{"event":"deep_research_model_call","step":"notes","think":false,"attempt":1,"wall_ms":0,"load_duration":0,"prompt_eval_count":0,"prompt_eval_duration":0,"eval_count":5,"eval_duration":500000000,"thinking_chars":16,"thinking_detected":true,"outcome":"ok"}
{"event":"deep_research_model_call","step":"notes","think":false,"attempt":1,"wall_ms":0,"load_duration":0,"prompt_eval_count":0,"prompt_eval_duration":0,"eval_count":5,"eval_duration":500000000,"thinking_chars":17,"thinking_detected":true,"outcome":"ok"}
{"event":"deep_research_model_call","step":"write","think":true,"attempt":1,"wall_ms":0,"load_duration":0,"prompt_eval_count":0,"prompt_eval_duration":0,"eval_count":5,"eval_duration":500000000,"thinking_chars":17,"thinking_detected":false,"outcome":"ok"}
{"event":"deep_research_run_end","notes_kept":4,"pages_read":4,"status":"complete","elapsed_ms":0}
{"event":"deep_research_model_call","step":"brief","think":false,"attempt":1,"wall_ms":0,"load_duration":0,"prompt_eval_count":0,"prompt_eval_duration":0,"eval_count":5,"eval_duration":500000000,"thinking_chars":16,"thinking_detected":true,"outcome":"ok"}
{"event":"deep_research_model_call","step":"plan","think":true,"attempt":1,"wall_ms":0,"load_duration":0,"prompt_eval_count":0,"prompt_eval_duration":0,"eval_count":5,"eval_duration":500000000,"thinking_chars":16,"thinking_detected":false,"outcome":"ok"}
{"event":"deep_research_model_call","step":"queries","think":false,"attempt":1,"wall_ms":0,"load_duration":0,"prompt_eval_count":0,"prompt_eval_duration":0,"eval_count":5,"eval_duration":500000000,"thinking_chars":16,"thinking_detected":true,"outcome":"ok"}
{"event":"deep_research_model_call","step":"pages","think":false,"attempt":1,"wall_ms":0,"load_duration":0,"prompt_eval_count":0,"prompt_eval_duration":0,"eval_count":5,"eval_duration":500000000,"thinking_chars":16,"thinking_detected":true,"outcome":"ok"}
{"event":"deep_research_model_call","step":"notes","think":false,"attempt":1,"wall_ms":0,"load_duration":0,"prompt_eval_count":0,"prompt_eval_duration":0,"eval_count":5,"eval_duration":500000000,"thinking_chars":16,"thinking_detected":true,"outcome":"ok"}
{"event":"deep_research_model_call","step":"queries","think":false,"attempt":1,"wall_ms":0,"load_duration":0,"prompt_eval_count":0,"prompt_eval_duration":0,"eval_count":5,"eval_duration":500000000,"thinking_chars":16,"thinking_detected":true,"outcome":"ok"}
{"event":"deep_research_model_call","step":"write","think":true,"attempt":1,"wall_ms":1,"load_duration":0,"prompt_eval_count":0,"prompt_eval_duration":0,"eval_count":5,"eval_duration":500000000,"thinking_chars":16,"thinking_detected":false,"outcome":"ok"}
{"event":"deep_research_run_end","notes_kept":1,"pages_read":2,"status":"partial","elapsed_ms":704}
{"event":"deep_research_model_call","step":"brief","think":false,"attempt":1,"wall_ms":0,"load_duration":0,"prompt_eval_count":0,"prompt_eval_duration":0,"eval_count":5,"eval_duration":500000000,"thinking_chars":16,"thinking_detected":true,"outcome":"ok"}
{"event":"deep_research_model_call","step":"plan","think":true,"attempt":1,"wall_ms":1,"load_duration":0,"prompt_eval_count":0,"prompt_eval_duration":0,"eval_count":5,"eval_duration":500000000,"thinking_chars":16,"thinking_detected":false,"outcome":"ok"}
{"event":"deep_research_model_call","step":"queries","think":false,"attempt":1,"wall_ms":0,"load_duration":0,"prompt_eval_count":0,"prompt_eval_duration":0,"eval_count":5,"eval_duration":500000000,"thinking_chars":16,"thinking_detected":true,"outcome":"ok"}
{"event":"deep_research_model_call","step":"queries","think":false,"attempt":1,"wall_ms":0,"load_duration":0,"prompt_eval_count":0,"prompt_eval_duration":0,"eval_count":5,"eval_duration":500000000,"thinking_chars":16,"thinking_detected":true,"outcome":"ok"}
{"event":"deep_research_model_call","step":"gap","think":false,"attempt":1,"wall_ms":0,"load_duration":0,"prompt_eval_count":0,"prompt_eval_duration":0,"eval_count":5,"eval_duration":500000000,"thinking_chars":16,"thinking_detected":true,"outcome":"ok"}
{"event":"deep_research_model_call","step":"gap","think":false,"attempt":1,"wall_ms":0,"load_duration":0,"prompt_eval_count":0,"prompt_eval_duration":0,"eval_count":5,"eval_duration":500000000,"thinking_chars":16,"thinking_detected":true,"outcome":"ok"}
{"event":"deep_research_run_end","notes_kept":0,"pages_read":0,"status":"failed","elapsed_ms":1}
{"event":"deep_research_model_call","step":"brief","think":false,"attempt":1,"wall_ms":0,"load_duration":0,"prompt_eval_count":0,"prompt_eval_duration":0,"eval_count":5,"eval_duration":500000000,"thinking_chars":16,"thinking_detected":true,"outcome":"ok"}
{"event":"deep_research_model_call","step":"plan","think":true,"attempt":1,"wall_ms":0,"load_duration":0,"prompt_eval_count":0,"prompt_eval_duration":0,"eval_count":5,"eval_duration":500000000,"thinking_chars":16,"thinking_detected":false,"outcome":"ok"}
{"event":"deep_research_model_call","step":"queries","think":false,"attempt":1,"wall_ms":0,"load_duration":0,"prompt_eval_count":0,"prompt_eval_duration":0,"eval_count":5,"eval_duration":500000000,"thinking_chars":16,"thinking_detected":true,"outcome":"ok"}
{"event":"deep_research_model_call","step":"queries","think":false,"attempt":1,"wall_ms":0,"load_duration":0,"prompt_eval_count":0,"prompt_eval_duration":0,"eval_count":5,"eval_duration":500000000,"thinking_chars":16,"thinking_detected":true,"outcome":"ok"}
{"event":"deep_research_model_call","step":"gap","think":false,"attempt":1,"wall_ms":0,"load_duration":0,"prompt_eval_count":0,"prompt_eval_duration":0,"eval_count":5,"eval_duration":500000000,"thinking_chars":16,"thinking_detected":true,"outcome":"ok"}
{"event":"deep_research_model_call","step":"gap","think":false,"attempt":1,"wall_ms":0,"load_duration":0,"prompt_eval_count":0,"prompt_eval_duration":0,"eval_count":5,"eval_duration":500000000,"thinking_chars":16,"thinking_detected":true,"outcome":"ok"}
{"event":"deep_research_run_end","notes_kept":0,"pages_read":0,"status":"failed","elapsed_ms":0}
{"event":"deep_research_model_call","step":"brief","think":false,"attempt":1,"wall_ms":0,"load_duration":0,"prompt_eval_count":0,"prompt_eval_duration":0,"eval_count":5,"eval_duration":500000000,"thinking_chars":16,"thinking_detected":true,"outcome":"ok"}
{"event":"deep_research_model_call","step":"plan","think":true,"attempt":1,"wall_ms":0,"load_duration":0,"prompt_eval_count":0,"prompt_eval_duration":0,"eval_count":5,"eval_duration":500000000,"thinking_chars":16,"thinking_detected":false,"outcome":"ok"}
{"event":"deep_research_model_call","step":"queries","think":false,"attempt":1,"wall_ms":0,"load_duration":0,"prompt_eval_count":0,"prompt_eval_duration":0,"eval_count":5,"eval_duration":500000000,"thinking_chars":16,"thinking_detected":true,"outcome":"ok"}
{"event":"deep_research_run_end","notes_kept":0,"pages_read":0,"status":"failed","elapsed_ms":457}
{"event":"deep_research_model_call","step":"brief","think":false,"attempt":1,"wall_ms":0,"load_duration":0,"prompt_eval_count":0,"prompt_eval_duration":0,"eval_count":5,"eval_duration":500000000,"thinking_chars":16,"thinking_detected":true,"outcome":"ok"}
{"event":"deep_research_model_call","step":"plan","think":true,"attempt":1,"wall_ms":0,"load_duration":0,"prompt_eval_count":0,"prompt_eval_duration":0,"eval_count":5,"eval_duration":500000000,"thinking_chars":16,"thinking_detected":false,"outcome":"ok"}
{"event":"deep_research_model_call","step":"queries","think":false,"attempt":1,"wall_ms":0,"load_duration":0,"prompt_eval_count":0,"prompt_eval_duration":0,"eval_count":5,"eval_duration":500000000,"thinking_chars":16,"thinking_detected":true,"outcome":"ok"}
{"event":"deep_research_run_end","notes_kept":0,"pages_read":0,"status":"failed","elapsed_ms":453}
{"event":"deep_research_model_call","step":"brief","think":false,"attempt":1,"wall_ms":1,"load_duration":0,"prompt_eval_count":0,"prompt_eval_duration":0,"eval_count":5,"eval_duration":500000000,"thinking_chars":16,"thinking_detected":true,"outcome":"ok"}
{"event":"deep_research_model_call","step":"plan","think":true,"attempt":1,"wall_ms":0,"load_duration":0,"prompt_eval_count":0,"prompt_eval_duration":0,"eval_count":5,"eval_duration":500000000,"thinking_chars":16,"thinking_detected":false,"outcome":"ok"}
{"event":"deep_research_model_call","step":"queries","think":false,"attempt":1,"wall_ms":1,"load_duration":0,"prompt_eval_count":0,"prompt_eval_duration":0,"eval_count":5,"eval_duration":500000000,"thinking_chars":16,"thinking_detected":true,"outcome":"ok"}
{"event":"deep_research_model_call","step":"pages","think":false,"attempt":1,"wall_ms":0,"load_duration":0,"prompt_eval_count":0,"prompt_eval_duration":0,"eval_count":5,"eval_duration":500000000,"thinking_chars":16,"thinking_detected":true,"outcome":"ok"}
{"event":"deep_research_model_call","step":"notes","think":false,"attempt":1,"wall_ms":0,"load_duration":0,"prompt_eval_count":0,"prompt_eval_duration":0,"eval_count":5,"eval_duration":500000000,"thinking_chars":16,"thinking_detected":true,"outcome":"ok"}
{"event":"deep_research_model_call","step":"queries","think":false,"attempt":1,"wall_ms":0,"load_duration":0,"prompt_eval_count":0,"prompt_eval_duration":0,"eval_count":5,"eval_duration":500000000,"thinking_chars":16,"thinking_detected":true,"outcome":"ok"}
{"event":"deep_research_model_call","step":"pages","think":false,"attempt":1,"wall_ms":0,"load_duration":0,"prompt_eval_count":0,"prompt_eval_duration":0,"eval_count":5,"eval_duration":500000000,"thinking_chars":16,"thinking_detected":true,"outcome":"ok"}
{"event":"deep_research_model_call","step":"write","think":true,"attempt":1,"wall_ms":2,"load_duration":0,"prompt_eval_count":0,"prompt_eval_duration":0,"eval_count":5,"eval_duration":500000000,"thinking_chars":16,"thinking_detected":false,"outcome":"ok"}
{"event":"deep_research_run_end","notes_kept":1,"pages_read":1,"status":"partial","elapsed_ms":607}
{"event":"deep_research_model_call","step":"brief","think":false,"attempt":1,"wall_ms":0,"load_duration":0,"prompt_eval_count":0,"prompt_eval_duration":0,"eval_count":5,"eval_duration":500000000,"thinking_chars":16,"thinking_detected":true,"outcome":"ok"}
{"event":"deep_research_model_call","step":"plan","think":true,"attempt":1,"wall_ms":0,"load_duration":0,"prompt_eval_count":0,"prompt_eval_duration":0,"eval_count":5,"eval_duration":500000000,"thinking_chars":16,"thinking_detected":false,"outcome":"ok"}
{"event":"deep_research_model_call","step":"queries","think":false,"attempt":1,"wall_ms":601,"load_duration":null,"prompt_eval_count":null,"prompt_eval_duration":null,"eval_count":null,"eval_duration":null,"thinking_chars":0,"thinking_detected":false,"outcome":"aborted"}
{"event":"deep_research_model_call","step":"write","think":true,"attempt":1,"wall_ms":0,"load_duration":0,"prompt_eval_count":0,"prompt_eval_duration":0,"eval_count":5,"eval_duration":500000000,"thinking_chars":16,"thinking_detected":false,"outcome":"ok"}
{"event":"deep_research_run_end","notes_kept":0,"pages_read":0,"status":"partial","elapsed_ms":603}
{"event":"deep_research_model_call","step":"brief","think":false,"attempt":1,"wall_ms":1,"load_duration":0,"prompt_eval_count":0,"prompt_eval_duration":0,"eval_count":5,"eval_duration":500000000,"thinking_chars":16,"thinking_detected":true,"outcome":"ok"}
{"event":"deep_research_model_call","step":"plan","think":true,"attempt":1,"wall_ms":0,"load_duration":0,"prompt_eval_count":0,"prompt_eval_duration":0,"eval_count":5,"eval_duration":500000000,"thinking_chars":16,"thinking_detected":false,"outcome":"ok"}
{"event":"deep_research_model_call","step":"queries","think":false,"attempt":1,"wall_ms":0,"load_duration":0,"prompt_eval_count":0,"prompt_eval_duration":0,"eval_count":5,"eval_duration":500000000,"thinking_chars":16,"thinking_detected":true,"outcome":"ok"}
{"event":"deep_research_model_call","step":"pages","think":false,"attempt":1,"wall_ms":0,"load_duration":0,"prompt_eval_count":0,"prompt_eval_duration":0,"eval_count":5,"eval_duration":500000000,"thinking_chars":16,"thinking_detected":true,"outcome":"ok"}
{"event":"deep_research_model_call","step":"notes","think":false,"attempt":1,"wall_ms":0,"load_duration":0,"prompt_eval_count":0,"prompt_eval_duration":0,"eval_count":5,"eval_duration":500000000,"thinking_chars":16,"thinking_detected":true,"outcome":"ok"}
{"event":"deep_research_model_call","step":"queries","think":false,"attempt":1,"wall_ms":0,"load_duration":0,"prompt_eval_count":0,"prompt_eval_duration":0,"eval_count":5,"eval_duration":500000000,"thinking_chars":16,"thinking_detected":true,"outcome":"ok"}
{"event":"deep_research_model_call","step":"pages","think":false,"attempt":1,"wall_ms":0,"load_duration":0,"prompt_eval_count":0,"prompt_eval_duration":0,"eval_count":5,"eval_duration":500000000,"thinking_chars":16,"thinking_detected":true,"outcome":"ok"}
{"event":"deep_research_model_call","step":"notes","think":false,"attempt":1,"wall_ms":0,"load_duration":0,"prompt_eval_count":0,"prompt_eval_duration":0,"eval_count":5,"eval_duration":500000000,"thinking_chars":16,"thinking_detected":true,"outcome":"ok"}
{"event":"deep_research_model_call","step":"notes","think":false,"attempt":1,"wall_ms":0,"load_duration":0,"prompt_eval_count":0,"prompt_eval_duration":0,"eval_count":5,"eval_duration":500000000,"thinking_chars":16,"thinking_detected":true,"outcome":"ok"}
{"event":"deep_research_model_call","step":"notes","think":false,"attempt":1,"wall_ms":0,"load_duration":0,"prompt_eval_count":0,"prompt_eval_duration":0,"eval_count":5,"eval_duration":500000000,"thinking_chars":17,"thinking_detected":true,"outcome":"ok"}
{"event":"deep_research_model_call","step":"write","think":true,"attempt":1,"wall_ms":700,"load_duration":null,"prompt_eval_count":null,"prompt_eval_duration":null,"eval_count":null,"eval_duration":null,"thinking_chars":0,"thinking_detected":false,"outcome":"aborted"}
{"event":"deep_research_run_end","notes_kept":4,"pages_read":4,"status":"partial","elapsed_ms":703}
{"event":"deep_research_model_call","step":"brief","think":false,"attempt":1,"wall_ms":0,"load_duration":0,"prompt_eval_count":0,"prompt_eval_duration":0,"eval_count":5,"eval_duration":500000000,"thinking_chars":16,"thinking_detected":true,"outcome":"ok"}
{"event":"deep_research_model_call","step":"plan","think":true,"attempt":1,"wall_ms":0,"load_duration":0,"prompt_eval_count":0,"prompt_eval_duration":0,"eval_count":5,"eval_duration":500000000,"thinking_chars":16,"thinking_detected":false,"outcome":"ok"}
{"event":"deep_research_model_call","step":"queries","think":false,"attempt":1,"wall_ms":0,"load_duration":0,"prompt_eval_count":0,"prompt_eval_duration":0,"eval_count":5,"eval_duration":500000000,"thinking_chars":16,"thinking_detected":true,"outcome":"ok"}
{"event":"deep_research_model_call","step":"pages","think":false,"attempt":1,"wall_ms":0,"load_duration":0,"prompt_eval_count":0,"prompt_eval_duration":0,"eval_count":5,"eval_duration":500000000,"thinking_chars":16,"thinking_detected":true,"outcome":"ok"}
{"event":"deep_research_model_call","step":"queries","think":false,"attempt":1,"wall_ms":0,"load_duration":0,"prompt_eval_count":0,"prompt_eval_duration":0,"eval_count":5,"eval_duration":500000000,"thinking_chars":16,"thinking_detected":true,"outcome":"ok"}
{"event":"deep_research_model_call","step":"pages","think":false,"attempt":1,"wall_ms":0,"load_duration":0,"prompt_eval_count":0,"prompt_eval_duration":0,"eval_count":5,"eval_duration":500000000,"thinking_chars":16,"thinking_detected":true,"outcome":"ok"}
{"event":"deep_research_run_end","notes_kept":0,"pages_read":0,"status":"failed","elapsed_ms":1}
{"event":"deep_research_model_call","step":"brief","think":false,"attempt":1,"wall_ms":0,"load_duration":0,"prompt_eval_count":0,"prompt_eval_duration":0,"eval_count":5,"eval_duration":500000000,"thinking_chars":16,"thinking_detected":true,"outcome":"ok"}
{"event":"deep_research_model_call","step":"plan","think":true,"attempt":1,"wall_ms":0,"load_duration":0,"prompt_eval_count":0,"prompt_eval_duration":0,"eval_count":5,"eval_duration":500000000,"thinking_chars":16,"thinking_detected":false,"outcome":"ok"}
{"event":"deep_research_model_call","step":"queries","think":false,"attempt":1,"wall_ms":1,"load_duration":0,"prompt_eval_count":0,"prompt_eval_duration":0,"eval_count":5,"eval_duration":500000000,"thinking_chars":16,"thinking_detected":true,"outcome":"ok"}
{"event":"deep_research_model_call","step":"pages","think":false,"attempt":1,"wall_ms":0,"load_duration":0,"prompt_eval_count":0,"prompt_eval_duration":0,"eval_count":5,"eval_duration":500000000,"thinking_chars":16,"thinking_detected":true,"outcome":"ok"}
{"event":"deep_research_model_call","step":"notes","think":false,"attempt":1,"wall_ms":0,"load_duration":0,"prompt_eval_count":0,"prompt_eval_duration":0,"eval_count":5,"eval_duration":500000000,"thinking_chars":16,"thinking_detected":true,"outcome":"ok"}
{"event":"deep_research_model_call","step":"queries","think":false,"attempt":1,"wall_ms":0,"load_duration":0,"prompt_eval_count":0,"prompt_eval_duration":0,"eval_count":5,"eval_duration":500000000,"thinking_chars":16,"thinking_detected":true,"outcome":"ok"}
{"event":"deep_research_model_call","step":"pages","think":false,"attempt":1,"wall_ms":0,"load_duration":0,"prompt_eval_count":0,"prompt_eval_duration":0,"eval_count":5,"eval_duration":500000000,"thinking_chars":16,"thinking_detected":true,"outcome":"ok"}
{"event":"deep_research_model_call","step":"notes","think":false,"attempt":1,"wall_ms":0,"load_duration":0,"prompt_eval_count":0,"prompt_eval_duration":0,"eval_count":5,"eval_duration":500000000,"thinking_chars":16,"thinking_detected":true,"outcome":"ok"}
{"event":"deep_research_model_call","step":"notes","think":false,"attempt":1,"wall_ms":0,"load_duration":0,"prompt_eval_count":0,"prompt_eval_duration":0,"eval_count":5,"eval_duration":500000000,"thinking_chars":16,"thinking_detected":true,"outcome":"ok"}
{"event":"deep_research_model_call","step":"notes","think":false,"attempt":1,"wall_ms":0,"load_duration":0,"prompt_eval_count":0,"prompt_eval_duration":0,"eval_count":5,"eval_duration":500000000,"thinking_chars":17,"thinking_detected":true,"outcome":"ok"}
{"event":"deep_research_run_end","notes_kept":0,"pages_read":4,"status":"failed","elapsed_ms":2}
{"event":"deep_research_model_call","step":"brief","think":false,"attempt":1,"wall_ms":0,"load_duration":0,"prompt_eval_count":0,"prompt_eval_duration":0,"eval_count":5,"eval_duration":500000000,"thinking_chars":16,"thinking_detected":true,"outcome":"ok"}
{"event":"deep_research_model_call","step":"plan","think":true,"attempt":1,"wall_ms":0,"load_duration":0,"prompt_eval_count":0,"prompt_eval_duration":0,"eval_count":5,"eval_duration":500000000,"thinking_chars":16,"thinking_detected":false,"outcome":"ok"}
{"event":"deep_research_model_call","step":"queries","think":false,"attempt":1,"wall_ms":0,"load_duration":0,"prompt_eval_count":0,"prompt_eval_duration":0,"eval_count":5,"eval_duration":500000000,"thinking_chars":16,"thinking_detected":true,"outcome":"ok"}
{"event":"deep_research_model_call","step":"brief","think":false,"attempt":1,"wall_ms":0,"load_duration":0,"prompt_eval_count":0,"prompt_eval_duration":0,"eval_count":5,"eval_duration":500000000,"thinking_chars":16,"thinking_detected":true,"outcome":"ok"}
{"event":"deep_research_model_call","step":"plan","think":true,"attempt":1,"wall_ms":0,"load_duration":0,"prompt_eval_count":0,"prompt_eval_duration":0,"eval_count":5,"eval_duration":500000000,"thinking_chars":16,"thinking_detected":false,"outcome":"ok"}
{"event":"deep_research_model_call","step":"queries","think":false,"attempt":1,"wall_ms":0,"load_duration":0,"prompt_eval_count":0,"prompt_eval_duration":0,"eval_count":5,"eval_duration":500000000,"thinking_chars":16,"thinking_detected":true,"outcome":"ok"}
{"event":"deep_research_model_call","step":"pages","think":false,"attempt":1,"wall_ms":0,"load_duration":0,"prompt_eval_count":0,"prompt_eval_duration":0,"eval_count":5,"eval_duration":500000000,"thinking_chars":16,"thinking_detected":true,"outcome":"ok"}
{"event":"deep_research_model_call","step":"notes","think":false,"attempt":1,"wall_ms":0,"load_duration":0,"prompt_eval_count":0,"prompt_eval_duration":0,"eval_count":5,"eval_duration":500000000,"thinking_chars":16,"thinking_detected":true,"outcome":"ok"}
{"event":"deep_research_model_call","step":"queries","think":false,"attempt":1,"wall_ms":0,"load_duration":0,"prompt_eval_count":0,"prompt_eval_duration":0,"eval_count":5,"eval_duration":500000000,"thinking_chars":16,"thinking_detected":true,"outcome":"ok"}
{"event":"deep_research_model_call","step":"write","think":true,"attempt":1,"wall_ms":0,"load_duration":0,"prompt_eval_count":0,"prompt_eval_duration":0,"eval_count":5,"eval_duration":500000000,"thinking_chars":16,"thinking_detected":false,"outcome":"ok"}
{"event":"deep_research_run_end","notes_kept":1,"pages_read":2,"status":"partial","elapsed_ms":27}
{"event":"deep_research_model_call","step":"brief","think":false,"attempt":1,"wall_ms":0,"load_duration":0,"prompt_eval_count":0,"prompt_eval_duration":0,"eval_count":5,"eval_duration":500000000,"thinking_chars":16,"thinking_detected":true,"outcome":"ok"}
{"event":"deep_research_model_call","step":"plan","think":true,"attempt":1,"wall_ms":0,"load_duration":0,"prompt_eval_count":0,"prompt_eval_duration":0,"eval_count":5,"eval_duration":500000000,"thinking_chars":16,"thinking_detected":false,"outcome":"ok"}
{"event":"deep_research_model_call","step":"queries","think":false,"attempt":1,"wall_ms":0,"load_duration":0,"prompt_eval_count":0,"prompt_eval_duration":0,"eval_count":5,"eval_duration":500000000,"thinking_chars":16,"thinking_detected":true,"outcome":"ok"}
{"event":"deep_research_model_call","step":"pages","think":false,"attempt":1,"wall_ms":2,"load_duration":0,"prompt_eval_count":0,"prompt_eval_duration":0,"eval_count":5,"eval_duration":500000000,"thinking_chars":16,"thinking_detected":true,"outcome":"ok"}
{"event":"deep_research_model_call","step":"notes","think":false,"attempt":1,"wall_ms":0,"load_duration":0,"prompt_eval_count":0,"prompt_eval_duration":0,"eval_count":5,"eval_duration":500000000,"thinking_chars":16,"thinking_detected":true,"outcome":"ok"}
{"event":"deep_research_model_call","step":"queries","think":false,"attempt":1,"wall_ms":0,"load_duration":0,"prompt_eval_count":0,"prompt_eval_duration":0,"eval_count":5,"eval_duration":500000000,"thinking_chars":16,"thinking_detected":true,"outcome":"ok"}
{"event":"deep_research_model_call","step":"write","think":true,"attempt":1,"wall_ms":0,"load_duration":0,"prompt_eval_count":0,"prompt_eval_duration":0,"eval_count":5,"eval_duration":500000000,"thinking_chars":16,"thinking_detected":false,"outcome":"ok"}
{"event":"deep_research_run_end","notes_kept":1,"pages_read":2,"status":"partial","elapsed_ms":29}
{"event":"deep_research_model_call","step":"brief","think":false,"attempt":1,"wall_ms":1,"load_duration":0,"prompt_eval_count":0,"prompt_eval_duration":0,"eval_count":5,"eval_duration":500000000,"thinking_chars":16,"thinking_detected":true,"outcome":"ok"}
{"event":"deep_research_model_call","step":"plan","think":true,"attempt":1,"wall_ms":0,"load_duration":0,"prompt_eval_count":0,"prompt_eval_duration":0,"eval_count":5,"eval_duration":500000000,"thinking_chars":16,"thinking_detected":false,"outcome":"ok"}
{"event":"deep_research_model_call","step":"queries","think":false,"attempt":1,"wall_ms":0,"load_duration":0,"prompt_eval_count":0,"prompt_eval_duration":0,"eval_count":5,"eval_duration":500000000,"thinking_chars":16,"thinking_detected":true,"outcome":"ok"}
{"event":"deep_research_model_call","step":"pages","think":false,"attempt":1,"wall_ms":0,"load_duration":0,"prompt_eval_count":0,"prompt_eval_duration":0,"eval_count":5,"eval_duration":500000000,"thinking_chars":16,"thinking_detected":true,"outcome":"ok"}
{"event":"deep_research_model_call","step":"notes","think":false,"attempt":1,"wall_ms":0,"load_duration":0,"prompt_eval_count":0,"prompt_eval_duration":0,"eval_count":5,"eval_duration":500000000,"thinking_chars":16,"thinking_detected":true,"outcome":"ok"}
{"event":"deep_research_model_call","step":"queries","think":false,"attempt":1,"wall_ms":1,"load_duration":0,"prompt_eval_count":0,"prompt_eval_duration":0,"eval_count":5,"eval_duration":500000000,"thinking_chars":16,"thinking_detected":true,"outcome":"ok"}
{"event":"deep_research_model_call","step":"pages","think":false,"attempt":1,"wall_ms":0,"load_duration":0,"prompt_eval_count":0,"prompt_eval_duration":0,"eval_count":5,"eval_duration":500000000,"thinking_chars":16,"thinking_detected":true,"outcome":"ok"}
{"event":"deep_research_model_call","step":"notes","think":false,"attempt":1,"wall_ms":0,"load_duration":0,"prompt_eval_count":0,"prompt_eval_duration":0,"eval_count":5,"eval_duration":500000000,"thinking_chars":16,"thinking_detected":true,"outcome":"ok"}
{"event":"deep_research_model_call","step":"write","think":true,"attempt":1,"wall_ms":0,"load_duration":0,"prompt_eval_count":0,"prompt_eval_duration":0,"eval_count":5,"eval_duration":500000000,"thinking_chars":16,"thinking_detected":false,"outcome":"ok"}
{"event":"deep_research_run_end","notes_kept":2,"pages_read":3,"status":"partial","elapsed_ms":26}
{"event":"deep_research_model_call","step":"brief","think":false,"attempt":1,"wall_ms":0,"load_duration":0,"prompt_eval_count":0,"prompt_eval_duration":0,"eval_count":5,"eval_duration":500000000,"thinking_chars":16,"thinking_detected":true,"outcome":"ok"}
{"event":"deep_research_model_call","step":"plan","think":true,"attempt":1,"wall_ms":0,"load_duration":0,"prompt_eval_count":0,"prompt_eval_duration":0,"eval_count":5,"eval_duration":500000000,"thinking_chars":16,"thinking_detected":false,"outcome":"ok"}
{"event":"deep_research_model_call","step":"queries","think":false,"attempt":1,"wall_ms":0,"load_duration":0,"prompt_eval_count":0,"prompt_eval_duration":0,"eval_count":5,"eval_duration":500000000,"thinking_chars":16,"thinking_detected":true,"outcome":"ok"}
{"event":"deep_research_model_call","step":"pages","think":false,"attempt":1,"wall_ms":0,"load_duration":0,"prompt_eval_count":0,"prompt_eval_duration":0,"eval_count":5,"eval_duration":500000000,"thinking_chars":16,"thinking_detected":true,"outcome":"ok"}
{"event":"deep_research_model_call","step":"notes","think":false,"attempt":1,"wall_ms":0,"load_duration":0,"prompt_eval_count":0,"prompt_eval_duration":0,"eval_count":5,"eval_duration":500000000,"thinking_chars":16,"thinking_detected":true,"outcome":"ok"}
{"event":"deep_research_model_call","step":"queries","think":false,"attempt":1,"wall_ms":0,"load_duration":0,"prompt_eval_count":0,"prompt_eval_duration":0,"eval_count":5,"eval_duration":500000000,"thinking_chars":16,"thinking_detected":true,"outcome":"ok"}
{"event":"deep_research_model_call","step":"write","think":true,"attempt":1,"wall_ms":206,"load_duration":null,"prompt_eval_count":null,"prompt_eval_duration":null,"eval_count":null,"eval_duration":null,"thinking_chars":0,"thinking_detected":false,"outcome":"aborted"}
{"event":"deep_research_run_end","notes_kept":1,"pages_read":2,"status":"partial","elapsed_ms":229}
{"event":"deep_research_model_call","step":"brief","think":false,"attempt":1,"wall_ms":0,"load_duration":0,"prompt_eval_count":0,"prompt_eval_duration":0,"eval_count":5,"eval_duration":500000000,"thinking_chars":16,"thinking_detected":true,"outcome":"ok"}
{"event":"deep_research_model_call","step":"plan","think":true,"attempt":1,"wall_ms":1,"load_duration":0,"prompt_eval_count":0,"prompt_eval_duration":0,"eval_count":5,"eval_duration":500000000,"thinking_chars":16,"thinking_detected":false,"outcome":"ok"}
{"event":"deep_research_model_call","step":"queries","think":false,"attempt":1,"wall_ms":0,"load_duration":0,"prompt_eval_count":0,"prompt_eval_duration":0,"eval_count":5,"eval_duration":500000000,"thinking_chars":16,"thinking_detected":true,"outcome":"ok"}
{"event":"deep_research_model_call","step":"pages","think":false,"attempt":1,"wall_ms":0,"load_duration":0,"prompt_eval_count":0,"prompt_eval_duration":0,"eval_count":5,"eval_duration":500000000,"thinking_chars":16,"thinking_detected":true,"outcome":"ok"}
{"event":"deep_research_model_call","step":"notes","think":false,"attempt":1,"wall_ms":0,"load_duration":0,"prompt_eval_count":0,"prompt_eval_duration":0,"eval_count":5,"eval_duration":500000000,"thinking_chars":16,"thinking_detected":true,"outcome":"ok"}
{"event":"deep_research_model_call","step":"queries","think":false,"attempt":1,"wall_ms":0,"load_duration":0,"prompt_eval_count":0,"prompt_eval_duration":0,"eval_count":5,"eval_duration":500000000,"thinking_chars":16,"thinking_detected":true,"outcome":"ok"}
{"event":"deep_research_model_call","step":"pages","think":false,"attempt":1,"wall_ms":0,"load_duration":0,"prompt_eval_count":0,"prompt_eval_duration":0,"eval_count":5,"eval_duration":500000000,"thinking_chars":16,"thinking_detected":true,"outcome":"ok"}
{"event":"deep_research_model_call","step":"notes","think":false,"attempt":1,"wall_ms":0,"load_duration":0,"prompt_eval_count":0,"prompt_eval_duration":0,"eval_count":5,"eval_duration":500000000,"thinking_chars":16,"thinking_detected":true,"outcome":"ok"}
{"event":"deep_research_model_call","step":"notes","think":false,"attempt":1,"wall_ms":0,"load_duration":0,"prompt_eval_count":0,"prompt_eval_duration":0,"eval_count":5,"eval_duration":500000000,"thinking_chars":16,"thinking_detected":true,"outcome":"ok"}
{"event":"deep_research_model_call","step":"notes","think":false,"attempt":1,"wall_ms":0,"load_duration":0,"prompt_eval_count":0,"prompt_eval_duration":0,"eval_count":5,"eval_duration":500000000,"thinking_chars":17,"thinking_detected":true,"outcome":"ok"}
{"event":"deep_research_model_call","step":"write","think":true,"attempt":1,"wall_ms":202,"load_duration":null,"prompt_eval_count":null,"prompt_eval_duration":null,"eval_count":null,"eval_duration":null,"thinking_chars":0,"thinking_detected":false,"outcome":"aborted"}
{"event":"deep_research_run_end","notes_kept":4,"pages_read":4,"status":"partial","elapsed_ms":205}
{"event":"deep_research_model_call","step":"brief","think":false,"attempt":1,"wall_ms":0,"load_duration":0,"prompt_eval_count":0,"prompt_eval_duration":0,"eval_count":5,"eval_duration":500000000,"thinking_chars":16,"thinking_detected":true,"outcome":"ok"}
{"event":"deep_research_model_call","step":"plan","think":true,"attempt":1,"wall_ms":1,"load_duration":0,"prompt_eval_count":0,"prompt_eval_duration":0,"eval_count":5,"eval_duration":500000000,"thinking_chars":16,"thinking_detected":false,"outcome":"ok"}
{"event":"deep_research_model_call","step":"queries","think":false,"attempt":1,"wall_ms":0,"load_duration":0,"prompt_eval_count":0,"prompt_eval_duration":0,"eval_count":5,"eval_duration":500000000,"thinking_chars":16,"thinking_detected":true,"outcome":"ok"}
{"event":"deep_research_model_call","step":"pages","think":false,"attempt":1,"wall_ms":0,"load_duration":0,"prompt_eval_count":0,"prompt_eval_duration":0,"eval_count":5,"eval_duration":500000000,"thinking_chars":16,"thinking_detected":true,"outcome":"ok"}
{"event":"deep_research_model_call","step":"notes","think":false,"attempt":1,"wall_ms":1,"load_duration":0,"prompt_eval_count":0,"prompt_eval_duration":0,"eval_count":5,"eval_duration":500000000,"thinking_chars":16,"thinking_detected":true,"outcome":"ok"}
{"event":"deep_research_model_call","step":"queries","think":false,"attempt":1,"wall_ms":0,"load_duration":0,"prompt_eval_count":0,"prompt_eval_duration":0,"eval_count":5,"eval_duration":500000000,"thinking_chars":16,"thinking_detected":true,"outcome":"ok"}
{"event":"deep_research_model_call","step":"write","think":true,"attempt":1,"wall_ms":22,"load_duration":null,"prompt_eval_count":null,"prompt_eval_duration":null,"eval_count":null,"eval_duration":null,"thinking_chars":0,"thinking_detected":false,"outcome":"aborted"}
{"event":"deep_research_model_call","step":"brief","think":false,"attempt":1,"wall_ms":0,"load_duration":0,"prompt_eval_count":0,"prompt_eval_duration":0,"eval_count":5,"eval_duration":500000000,"thinking_chars":16,"thinking_detected":true,"outcome":"ok"}
{"event":"deep_research_model_call","step":"plan","think":true,"attempt":1,"wall_ms":0,"load_duration":0,"prompt_eval_count":0,"prompt_eval_duration":0,"eval_count":5,"eval_duration":500000000,"thinking_chars":16,"thinking_detected":false,"outcome":"ok"}
{"event":"deep_research_model_call","step":"queries","think":false,"attempt":1,"wall_ms":1,"load_duration":0,"prompt_eval_count":0,"prompt_eval_duration":0,"eval_count":5,"eval_duration":500000000,"thinking_chars":16,"thinking_detected":true,"outcome":"ok"}
{"event":"deep_research_run_end","notes_kept":0,"pages_read":0,"status":"partial","elapsed_ms":23}

 380 pass
 0 fail
 3282 expect() calls
Ran 380 tests across 27 files. [18.57s]
exit 0
=== typecheck ===
$ tsc --noEmit
exit 0
