bun test v1.4.0 (1381054db)

src/http/deepResearchPassages.test.ts:
{"event":"deep_research_model_call","step":"brief","think":false,"attempt":1,"wall_ms":0,"load_duration":0,"prompt_eval_count":0,"prompt_eval_duration":0,"eval_count":0,"eval_duration":0,"thinking_chars":0,"thinking_detected":false,"outcome":"ok"}
{"event":"deep_research_model_call","step":"plan","think":true,"attempt":1,"wall_ms":0,"load_duration":0,"prompt_eval_count":0,"prompt_eval_duration":0,"eval_count":0,"eval_duration":0,"thinking_chars":0,"thinking_detected":false,"outcome":"ok"}
{"event":"deep_research_model_call","step":"plan","think":false,"attempt":1,"wall_ms":0,"load_duration":0,"prompt_eval_count":0,"prompt_eval_duration":0,"eval_count":0,"eval_duration":0,"thinking_chars":0,"thinking_detected":false,"outcome":"ok"}
{"event":"deep_research_model_call","step":"queries","think":false,"attempt":1,"wall_ms":0,"load_duration":0,"prompt_eval_count":0,"prompt_eval_duration":0,"eval_count":0,"eval_duration":0,"thinking_chars":0,"thinking_detected":false,"outcome":"ok"}
{"event":"deep_research_model_call","step":"pages","think":false,"attempt":1,"wall_ms":0,"load_duration":0,"prompt_eval_count":0,"prompt_eval_duration":0,"eval_count":0,"eval_duration":0,"thinking_chars":0,"thinking_detected":false,"outcome":"ok"}
{"event":"deep_research_model_call","step":"notes","think":false,"attempt":1,"wall_ms":0,"load_duration":0,"prompt_eval_count":0,"prompt_eval_duration":0,"eval_count":0,"eval_duration":0,"thinking_chars":0,"thinking_detected":false,"outcome":"ok"}
{"event":"deep_research_model_call","step":"queries","think":false,"attempt":1,"wall_ms":0,"load_duration":0,"prompt_eval_count":0,"prompt_eval_duration":0,"eval_count":0,"eval_duration":0,"thinking_chars":0,"thinking_detected":false,"outcome":"ok"}
{"event":"deep_research_model_call","step":"queries","think":false,"attempt":1,"wall_ms":0,"load_duration":0,"prompt_eval_count":0,"prompt_eval_duration":0,"eval_count":0,"eval_duration":0,"thinking_chars":0,"thinking_detected":false,"outcome":"ok"}
{"event":"deep_research_model_call","step":"queries","think":false,"attempt":1,"wall_ms":0,"load_duration":0,"prompt_eval_count":0,"prompt_eval_duration":0,"eval_count":0,"eval_duration":0,"thinking_chars":0,"thinking_detected":false,"outcome":"ok"}
{"event":"deep_research_model_call","step":"pages","think":false,"attempt":1,"wall_ms":0,"load_duration":0,"prompt_eval_count":0,"prompt_eval_duration":0,"eval_count":0,"eval_duration":0,"thinking_chars":0,"thinking_detected":false,"outcome":"ok"}
{"event":"deep_research_page_skipped","n":2,"url":"https://gamma.example/1","reason":"empty","detail":"No passage matches the search terms"}
{"event":"deep_research_model_call","step":"queries","think":false,"attempt":1,"wall_ms":0,"load_duration":0,"prompt_eval_count":0,"prompt_eval_duration":0,"eval_count":0,"eval_duration":0,"thinking_chars":0,"thinking_detected":false,"outcome":"ok"}
{"event":"deep_research_model_call","step":"queries","think":false,"attempt":1,"wall_ms":0,"load_duration":0,"prompt_eval_count":0,"prompt_eval_duration":0,"eval_count":0,"eval_duration":0,"thinking_chars":0,"thinking_detected":false,"outcome":"ok"}
{"event":"deep_research_model_call","step":"queries","think":false,"attempt":1,"wall_ms":0,"load_duration":0,"prompt_eval_count":0,"prompt_eval_duration":0,"eval_count":0,"eval_duration":0,"thinking_chars":0,"thinking_detected":false,"outcome":"ok"}
{"event":"deep_research_model_call","step":"pages","think":false,"attempt":1,"wall_ms":0,"load_duration":0,"prompt_eval_count":0,"prompt_eval_duration":0,"eval_count":0,"eval_duration":0,"thinking_chars":0,"thinking_detected":false,"outcome":"ok"}
{"event":"deep_research_page_skipped","n":3,"url":"https://cats?.example/1","reason":"empty","detail":"No passage matches the search terms"}
{"event":"deep_research_run_end","notes_kept":0,"pages_read":3,"status":"failed","elapsed_ms":19}
{"event":"deep_research_model_call","step":"brief","think":false,"attempt":1,"wall_ms":1,"load_duration":0,"prompt_eval_count":0,"prompt_eval_duration":0,"eval_count":0,"eval_duration":0,"thinking_chars":0,"thinking_detected":false,"outcome":"ok"}
{"event":"deep_research_model_call","step":"plan","think":true,"attempt":1,"wall_ms":0,"load_duration":0,"prompt_eval_count":0,"prompt_eval_duration":0,"eval_count":0,"eval_duration":0,"thinking_chars":0,"thinking_detected":false,"outcome":"ok"}
{"event":"deep_research_model_call","step":"plan","think":false,"attempt":1,"wall_ms":0,"load_duration":0,"prompt_eval_count":0,"prompt_eval_duration":0,"eval_count":0,"eval_duration":0,"thinking_chars":0,"thinking_detected":false,"outcome":"ok"}
{"event":"deep_research_model_call","step":"queries","think":false,"attempt":1,"wall_ms":0,"load_duration":0,"prompt_eval_count":0,"prompt_eval_duration":0,"eval_count":0,"eval_duration":0,"thinking_chars":0,"thinking_detected":false,"outcome":"ok"}
{"event":"deep_research_model_call","step":"pages","think":false,"attempt":1,"wall_ms":0,"load_duration":0,"prompt_eval_count":0,"prompt_eval_duration":0,"eval_count":0,"eval_duration":0,"thinking_chars":0,"thinking_detected":false,"outcome":"ok"}
{"event":"deep_research_model_call","step":"notes","think":false,"attempt":1,"wall_ms":0,"load_duration":0,"prompt_eval_count":0,"prompt_eval_duration":0,"eval_count":0,"eval_duration":0,"thinking_chars":0,"thinking_detected":false,"outcome":"ok"}
{"event":"deep_research_model_call","step":"queries","think":false,"attempt":1,"wall_ms":0,"load_duration":0,"prompt_eval_count":0,"prompt_eval_duration":0,"eval_count":0,"eval_duration":0,"thinking_chars":0,"thinking_detected":false,"outcome":"ok"}
{"event":"deep_research_model_call","step":"queries","think":false,"attempt":1,"wall_ms":0,"load_duration":0,"prompt_eval_count":0,"prompt_eval_duration":0,"eval_count":0,"eval_duration":0,"thinking_chars":0,"thinking_detected":false,"outcome":"ok"}
{"event":"deep_research_model_call","step":"queries","think":false,"attempt":1,"wall_ms":0,"load_duration":0,"prompt_eval_count":0,"prompt_eval_duration":0,"eval_count":0,"eval_duration":0,"thinking_chars":0,"thinking_detected":false,"outcome":"ok"}
{"event":"deep_research_model_call","step":"pages","think":false,"attempt":1,"wall_ms":0,"load_duration":0,"prompt_eval_count":0,"prompt_eval_duration":0,"eval_count":0,"eval_duration":0,"thinking_chars":0,"thinking_detected":false,"outcome":"ok"}
{"event":"deep_research_page_skipped","n":2,"url":"https://gamma.example/1","reason":"empty","detail":"No passage matches the search terms"}
{"event":"deep_research_model_call","step":"queries","think":false,"attempt":1,"wall_ms":0,"load_duration":0,"prompt_eval_count":0,"prompt_eval_duration":0,"eval_count":0,"eval_duration":0,"thinking_chars":0,"thinking_detected":false,"outcome":"ok"}
{"event":"deep_research_model_call","step":"queries","think":false,"attempt":1,"wall_ms":0,"load_duration":0,"prompt_eval_count":0,"prompt_eval_duration":0,"eval_count":0,"eval_duration":0,"thinking_chars":0,"thinking_detected":false,"outcome":"ok"}
{"event":"deep_research_model_call","step":"queries","think":false,"attempt":1,"wall_ms":0,"load_duration":0,"prompt_eval_count":0,"prompt_eval_duration":0,"eval_count":0,"eval_duration":0,"thinking_chars":0,"thinking_detected":false,"outcome":"ok"}
{"event":"deep_research_model_call","step":"pages","think":false,"attempt":1,"wall_ms":0,"load_duration":0,"prompt_eval_count":0,"prompt_eval_duration":0,"eval_count":0,"eval_duration":0,"thinking_chars":0,"thinking_detected":false,"outcome":"ok"}
{"event":"deep_research_page_skipped","n":3,"url":"https://cats?.example/1","reason":"empty","detail":"No passage matches the search terms"}
{"event":"deep_research_run_end","notes_kept":0,"pages_read":3,"status":"failed","elapsed_ms":13}
{"event":"deep_research_model_call","step":"brief","think":false,"attempt":1,"wall_ms":0,"load_duration":0,"prompt_eval_count":0,"prompt_eval_duration":0,"eval_count":0,"eval_duration":0,"thinking_chars":0,"thinking_detected":false,"outcome":"ok"}
{"event":"deep_research_model_call","step":"plan","think":true,"attempt":1,"wall_ms":0,"load_duration":0,"prompt_eval_count":0,"prompt_eval_duration":0,"eval_count":0,"eval_duration":0,"thinking_chars":0,"thinking_detected":false,"outcome":"ok"}
{"event":"deep_research_model_call","step":"plan","think":false,"attempt":1,"wall_ms":0,"load_duration":0,"prompt_eval_count":0,"prompt_eval_duration":0,"eval_count":0,"eval_duration":0,"thinking_chars":0,"thinking_detected":false,"outcome":"ok"}
{"event":"deep_research_model_call","step":"queries","think":false,"attempt":1,"wall_ms":0,"load_duration":0,"prompt_eval_count":0,"prompt_eval_duration":0,"eval_count":0,"eval_duration":0,"thinking_chars":0,"thinking_detected":false,"outcome":"ok"}
{"event":"deep_research_model_call","step":"pages","think":false,"attempt":1,"wall_ms":0,"load_duration":0,"prompt_eval_count":0,"prompt_eval_duration":0,"eval_count":0,"eval_duration":0,"thinking_chars":0,"thinking_detected":false,"outcome":"ok"}
{"event":"deep_research_model_call","step":"notes","think":false,"attempt":1,"wall_ms":0,"load_duration":0,"prompt_eval_count":0,"prompt_eval_duration":0,"eval_count":0,"eval_duration":0,"thinking_chars":0,"thinking_detected":false,"outcome":"ok"}
{"event":"deep_research_model_call","step":"queries","think":false,"attempt":1,"wall_ms":0,"load_duration":0,"prompt_eval_count":0,"prompt_eval_duration":0,"eval_count":0,"eval_duration":0,"thinking_chars":0,"thinking_detected":false,"outcome":"ok"}
{"event":"deep_research_model_call","step":"queries","think":false,"attempt":1,"wall_ms":0,"load_duration":0,"prompt_eval_count":0,"prompt_eval_duration":0,"eval_count":0,"eval_duration":0,"thinking_chars":0,"thinking_detected":false,"outcome":"ok"}
{"event":"deep_research_model_call","step":"queries","think":false,"attempt":1,"wall_ms":0,"load_duration":0,"prompt_eval_count":0,"prompt_eval_duration":0,"eval_count":0,"eval_duration":0,"thinking_chars":0,"thinking_detected":false,"outcome":"ok"}
{"event":"deep_research_model_call","step":"pages","think":false,"attempt":1,"wall_ms":0,"load_duration":0,"prompt_eval_count":0,"prompt_eval_duration":0,"eval_count":0,"eval_duration":0,"thinking_chars":0,"thinking_detected":false,"outcome":"ok"}
{"event":"deep_research_page_skipped","n":2,"url":"https://gamma.example/1","reason":"empty","detail":"No passage matches the search terms"}
{"event":"deep_research_model_call","step":"queries","think":false,"attempt":1,"wall_ms":1,"load_duration":0,"prompt_eval_count":0,"prompt_eval_duration":0,"eval_count":0,"eval_duration":0,"thinking_chars":0,"thinking_detected":false,"outcome":"ok"}
{"event":"deep_research_model_call","step":"queries","think":false,"attempt":1,"wall_ms":0,"load_duration":0,"prompt_eval_count":0,"prompt_eval_duration":0,"eval_count":0,"eval_duration":0,"thinking_chars":0,"thinking_detected":false,"outcome":"ok"}
{"event":"deep_research_model_call","step":"queries","think":false,"attempt":1,"wall_ms":0,"load_duration":0,"prompt_eval_count":0,"prompt_eval_duration":0,"eval_count":0,"eval_duration":0,"thinking_chars":0,"thinking_detected":false,"outcome":"ok"}
{"event":"deep_research_model_call","step":"pages","think":false,"attempt":1,"wall_ms":0,"load_duration":0,"prompt_eval_count":0,"prompt_eval_duration":0,"eval_count":0,"eval_duration":0,"thinking_chars":0,"thinking_detected":false,"outcome":"ok"}
{"event":"deep_research_page_skipped","n":3,"url":"https://cats?.example/1","reason":"empty","detail":"No passage matches the search terms"}
{"event":"deep_research_model_call","step":"write","think":true,"attempt":1,"wall_ms":0,"load_duration":0,"prompt_eval_count":0,"prompt_eval_duration":0,"eval_count":0,"eval_duration":0,"thinking_chars":0,"thinking_detected":false,"outcome":"ok"}
{"event":"deep_research_run_end","notes_kept":2,"pages_read":3,"status":"complete","elapsed_ms":12}
{"event":"deep_research_model_call","step":"brief","think":false,"attempt":1,"wall_ms":0,"load_duration":0,"prompt_eval_count":0,"prompt_eval_duration":0,"eval_count":0,"eval_duration":0,"thinking_chars":0,"thinking_detected":false,"outcome":"ok"}
{"event":"deep_research_model_call","step":"plan","think":true,"attempt":1,"wall_ms":0,"load_duration":0,"prompt_eval_count":0,"prompt_eval_duration":0,"eval_count":0,"eval_duration":0,"thinking_chars":0,"thinking_detected":false,"outcome":"ok"}
{"event":"deep_research_model_call","step":"queries","think":false,"attempt":1,"wall_ms":0,"load_duration":0,"prompt_eval_count":0,"prompt_eval_duration":0,"eval_count":0,"eval_duration":0,"thinking_chars":0,"thinking_detected":false,"outcome":"ok"}
{"event":"deep_research_model_call","step":"pages","think":false,"attempt":1,"wall_ms":0,"load_duration":0,"prompt_eval_count":0,"prompt_eval_duration":0,"eval_count":0,"eval_duration":0,"thinking_chars":0,"thinking_detected":false,"outcome":"ok"}
{"event":"deep_research_page_skipped","url":"https://alpha.example/1","reason":"empty","detail":"Page has only 7 words (minimum 40)"}
{"event":"deep_research_page_skipped","url":"https://alpha.example/2","reason":"blocked","detail":"Page appears to be a bot challenge or access verification"}
{"event":"deep_research_model_call","step":"notes","think":false,"attempt":1,"wall_ms":0,"load_duration":0,"prompt_eval_count":0,"prompt_eval_duration":0,"eval_count":0,"eval_duration":0,"thinking_chars":0,"thinking_detected":false,"outcome":"ok"}
{"event":"deep_research_model_call","step":"queries","think":false,"attempt":1,"wall_ms":0,"load_duration":0,"prompt_eval_count":0,"prompt_eval_duration":0,"eval_count":0,"eval_duration":0,"thinking_chars":0,"thinking_detected":false,"outcome":"ok"}
{"event":"deep_research_model_call","step":"queries","think":false,"attempt":1,"wall_ms":0,"load_duration":0,"prompt_eval_count":0,"prompt_eval_duration":0,"eval_count":0,"eval_duration":0,"thinking_chars":0,"thinking_detected":false,"outcome":"ok"}
{"event":"deep_research_model_call","step":"queries","think":false,"attempt":1,"wall_ms":0,"load_duration":0,"prompt_eval_count":0,"prompt_eval_duration":0,"eval_count":0,"eval_duration":0,"thinking_chars":0,"thinking_detected":false,"outcome":"ok"}
{"event":"deep_research_model_call","step":"pages","think":false,"attempt":1,"wall_ms":0,"load_duration":0,"prompt_eval_count":0,"prompt_eval_duration":0,"eval_count":0,"eval_duration":0,"thinking_chars":0,"thinking_detected":false,"outcome":"ok"}
{"event":"deep_research_model_call","step":"queries","think":false,"attempt":1,"wall_ms":0,"load_duration":0,"prompt_eval_count":0,"prompt_eval_duration":0,"eval_count":0,"eval_duration":0,"thinking_chars":0,"thinking_detected":false,"outcome":"ok"}
{"event":"deep_research_model_call","step":"queries","think":false,"attempt":1,"wall_ms":0,"load_duration":0,"prompt_eval_count":0,"prompt_eval_duration":0,"eval_count":0,"eval_duration":0,"thinking_chars":0,"thinking_detected":false,"outcome":"ok"}
{"event":"deep_research_model_call","step":"queries","think":false,"attempt":1,"wall_ms":0,"load_duration":0,"prompt_eval_count":0,"prompt_eval_duration":0,"eval_count":0,"eval_duration":0,"thinking_chars":0,"thinking_detected":false,"outcome":"ok"}
{"event":"deep_research_model_call","step":"pages","think":false,"attempt":1,"wall_ms":0,"load_duration":0,"prompt_eval_count":0,"prompt_eval_duration":0,"eval_count":0,"eval_duration":0,"thinking_chars":0,"thinking_detected":false,"outcome":"ok"}
{"event":"deep_research_page_skipped","n":2,"url":"https://beta.example/1","reason":"empty","detail":"No passage matches the search terms"}
{"event":"deep_research_model_call","step":"gap","think":false,"attempt":1,"wall_ms":0,"load_duration":0,"prompt_eval_count":0,"prompt_eval_duration":0,"eval_count":0,"eval_duration":0,"thinking_chars":0,"thinking_detected":false,"outcome":"ok"}
{"event":"deep_research_model_call","step":"write","think":true,"attempt":1,"wall_ms":0,"load_duration":0,"prompt_eval_count":0,"prompt_eval_duration":0,"eval_count":0,"eval_duration":0,"thinking_chars":0,"thinking_detected":false,"outcome":"ok"}
{"event":"deep_research_run_end","notes_kept":1,"pages_read":2,"status":"complete","elapsed_ms":5}

 42 pass
 0 fail
 252 expect() calls
Ran 42 tests across 3 files. [233.00ms]
bun test v1.4.0 (1381054db)

src/http/deepResearchPassages.test.ts:
{"event":"deep_research_model_call","step":"brief","think":false,"attempt":1,"wall_ms":0,"load_duration":0,"prompt_eval_count":0,"prompt_eval_duration":0,"eval_count":0,"eval_duration":0,"thinking_chars":0,"thinking_detected":false,"outcome":"ok"}
{"event":"deep_research_model_call","step":"plan","think":true,"attempt":1,"wall_ms":0,"load_duration":0,"prompt_eval_count":0,"prompt_eval_duration":0,"eval_count":0,"eval_duration":0,"thinking_chars":0,"thinking_detected":false,"outcome":"ok"}
{"event":"deep_research_model_call","step":"plan","think":false,"attempt":1,"wall_ms":1,"load_duration":0,"prompt_eval_count":0,"prompt_eval_duration":0,"eval_count":0,"eval_duration":0,"thinking_chars":0,"thinking_detected":false,"outcome":"ok"}
{"event":"deep_research_model_call","step":"queries","think":false,"attempt":1,"wall_ms":0,"load_duration":0,"prompt_eval_count":0,"prompt_eval_duration":0,"eval_count":0,"eval_duration":0,"thinking_chars":0,"thinking_detected":false,"outcome":"ok"}
{"event":"deep_research_model_call","step":"pages","think":false,"attempt":1,"wall_ms":0,"load_duration":0,"prompt_eval_count":0,"prompt_eval_duration":0,"eval_count":0,"eval_duration":0,"thinking_chars":0,"thinking_detected":false,"outcome":"ok"}
{"event":"deep_research_model_call","step":"notes","think":false,"attempt":1,"wall_ms":0,"load_duration":0,"prompt_eval_count":0,"prompt_eval_duration":0,"eval_count":0,"eval_duration":0,"thinking_chars":0,"thinking_detected":false,"outcome":"ok"}
{"event":"deep_research_model_call","step":"queries","think":false,"attempt":1,"wall_ms":0,"load_duration":0,"prompt_eval_count":0,"prompt_eval_duration":0,"eval_count":0,"eval_duration":0,"thinking_chars":0,"thinking_detected":false,"outcome":"ok"}
{"event":"deep_research_model_call","step":"queries","think":false,"attempt":1,"wall_ms":0,"load_duration":0,"prompt_eval_count":0,"prompt_eval_duration":0,"eval_count":0,"eval_duration":0,"thinking_chars":0,"thinking_detected":false,"outcome":"ok"}
{"event":"deep_research_model_call","step":"queries","think":false,"attempt":1,"wall_ms":0,"load_duration":0,"prompt_eval_count":0,"prompt_eval_duration":0,"eval_count":0,"eval_duration":0,"thinking_chars":0,"thinking_detected":false,"outcome":"ok"}
{"event":"deep_research_model_call","step":"pages","think":false,"attempt":1,"wall_ms":0,"load_duration":0,"prompt_eval_count":0,"prompt_eval_duration":0,"eval_count":0,"eval_duration":0,"thinking_chars":0,"thinking_detected":false,"outcome":"ok"}
{"event":"deep_research_page_skipped","n":2,"url":"https://gamma.example/1","reason":"empty","detail":"No passage matches the search terms"}
{"event":"deep_research_model_call","step":"queries","think":false,"attempt":1,"wall_ms":0,"load_duration":0,"prompt_eval_count":0,"prompt_eval_duration":0,"eval_count":0,"eval_duration":0,"thinking_chars":0,"thinking_detected":false,"outcome":"ok"}
{"event":"deep_research_model_call","step":"queries","think":false,"attempt":1,"wall_ms":0,"load_duration":0,"prompt_eval_count":0,"prompt_eval_duration":0,"eval_count":0,"eval_duration":0,"thinking_chars":0,"thinking_detected":false,"outcome":"ok"}
{"event":"deep_research_model_call","step":"queries","think":false,"attempt":1,"wall_ms":0,"load_duration":0,"prompt_eval_count":0,"prompt_eval_duration":0,"eval_count":0,"eval_duration":0,"thinking_chars":0,"thinking_detected":false,"outcome":"ok"}
{"event":"deep_research_model_call","step":"pages","think":false,"attempt":1,"wall_ms":0,"load_duration":0,"prompt_eval_count":0,"prompt_eval_duration":0,"eval_count":0,"eval_duration":0,"thinking_chars":0,"thinking_detected":false,"outcome":"ok"}
{"event":"deep_research_page_skipped","n":3,"url":"https://cats?.example/1","reason":"empty","detail":"No passage matches the search terms"}
{"event":"deep_research_run_end","notes_kept":0,"pages_read":3,"status":"failed","elapsed_ms":17}
{"event":"deep_research_model_call","step":"brief","think":false,"attempt":1,"wall_ms":1,"load_duration":0,"prompt_eval_count":0,"prompt_eval_duration":0,"eval_count":0,"eval_duration":0,"thinking_chars":0,"thinking_detected":false,"outcome":"ok"}
{"event":"deep_research_model_call","step":"plan","think":true,"attempt":1,"wall_ms":0,"load_duration":0,"prompt_eval_count":0,"prompt_eval_duration":0,"eval_count":0,"eval_duration":0,"thinking_chars":0,"thinking_detected":false,"outcome":"ok"}
{"event":"deep_research_model_call","step":"plan","think":false,"attempt":1,"wall_ms":0,"load_duration":0,"prompt_eval_count":0,"prompt_eval_duration":0,"eval_count":0,"eval_duration":0,"thinking_chars":0,"thinking_detected":false,"outcome":"ok"}
{"event":"deep_research_model_call","step":"queries","think":false,"attempt":1,"wall_ms":0,"load_duration":0,"prompt_eval_count":0,"prompt_eval_duration":0,"eval_count":0,"eval_duration":0,"thinking_chars":0,"thinking_detected":false,"outcome":"ok"}
{"event":"deep_research_model_call","step":"pages","think":false,"attempt":1,"wall_ms":0,"load_duration":0,"prompt_eval_count":0,"prompt_eval_duration":0,"eval_count":0,"eval_duration":0,"thinking_chars":0,"thinking_detected":false,"outcome":"ok"}
{"event":"deep_research_model_call","step":"notes","think":false,"attempt":1,"wall_ms":0,"load_duration":0,"prompt_eval_count":0,"prompt_eval_duration":0,"eval_count":0,"eval_duration":0,"thinking_chars":0,"thinking_detected":false,"outcome":"ok"}
{"event":"deep_research_model_call","step":"queries","think":false,"attempt":1,"wall_ms":0,"load_duration":0,"prompt_eval_count":0,"prompt_eval_duration":0,"eval_count":0,"eval_duration":0,"thinking_chars":0,"thinking_detected":false,"outcome":"ok"}
{"event":"deep_research_model_call","step":"queries","think":false,"attempt":1,"wall_ms":1,"load_duration":0,"prompt_eval_count":0,"prompt_eval_duration":0,"eval_count":0,"eval_duration":0,"thinking_chars":0,"thinking_detected":false,"outcome":"ok"}
{"event":"deep_research_model_call","step":"queries","think":false,"attempt":1,"wall_ms":0,"load_duration":0,"prompt_eval_count":0,"prompt_eval_duration":0,"eval_count":0,"eval_duration":0,"thinking_chars":0,"thinking_detected":false,"outcome":"ok"}
{"event":"deep_research_model_call","step":"pages","think":false,"attempt":1,"wall_ms":0,"load_duration":0,"prompt_eval_count":0,"prompt_eval_duration":0,"eval_count":0,"eval_duration":0,"thinking_chars":0,"thinking_detected":false,"outcome":"ok"}
{"event":"deep_research_page_skipped","n":2,"url":"https://gamma.example/1","reason":"empty","detail":"No passage matches the search terms"}
{"event":"deep_research_model_call","step":"queries","think":false,"attempt":1,"wall_ms":0,"load_duration":0,"prompt_eval_count":0,"prompt_eval_duration":0,"eval_count":0,"eval_duration":0,"thinking_chars":0,"thinking_detected":false,"outcome":"ok"}
{"event":"deep_research_model_call","step":"queries","think":false,"attempt":1,"wall_ms":0,"load_duration":0,"prompt_eval_count":0,"prompt_eval_duration":0,"eval_count":0,"eval_duration":0,"thinking_chars":0,"thinking_detected":false,"outcome":"ok"}
{"event":"deep_research_model_call","step":"queries","think":false,"attempt":1,"wall_ms":0,"load_duration":0,"prompt_eval_count":0,"prompt_eval_duration":0,"eval_count":0,"eval_duration":0,"thinking_chars":0,"thinking_detected":false,"outcome":"ok"}
{"event":"deep_research_model_call","step":"pages","think":false,"attempt":1,"wall_ms":0,"load_duration":0,"prompt_eval_count":0,"prompt_eval_duration":0,"eval_count":0,"eval_duration":0,"thinking_chars":0,"thinking_detected":false,"outcome":"ok"}
{"event":"deep_research_page_skipped","n":3,"url":"https://cats?.example/1","reason":"empty","detail":"No passage matches the search terms"}
{"event":"deep_research_run_end","notes_kept":0,"pages_read":3,"status":"failed","elapsed_ms":12}
{"event":"deep_research_model_call","step":"brief","think":false,"attempt":1,"wall_ms":0,"load_duration":0,"prompt_eval_count":0,"prompt_eval_duration":0,"eval_count":0,"eval_duration":0,"thinking_chars":0,"thinking_detected":false,"outcome":"ok"}
{"event":"deep_research_model_call","step":"plan","think":true,"attempt":1,"wall_ms":0,"load_duration":0,"prompt_eval_count":0,"prompt_eval_duration":0,"eval_count":0,"eval_duration":0,"thinking_chars":0,"thinking_detected":false,"outcome":"ok"}
{"event":"deep_research_model_call","step":"plan","think":false,"attempt":1,"wall_ms":0,"load_duration":0,"prompt_eval_count":0,"prompt_eval_duration":0,"eval_count":0,"eval_duration":0,"thinking_chars":0,"thinking_detected":false,"outcome":"ok"}
{"event":"deep_research_model_call","step":"queries","think":false,"attempt":1,"wall_ms":0,"load_duration":0,"prompt_eval_count":0,"prompt_eval_duration":0,"eval_count":0,"eval_duration":0,"thinking_chars":0,"thinking_detected":false,"outcome":"ok"}
{"event":"deep_research_model_call","step":"pages","think":false,"attempt":1,"wall_ms":0,"load_duration":0,"prompt_eval_count":0,"prompt_eval_duration":0,"eval_count":0,"eval_duration":0,"thinking_chars":0,"thinking_detected":false,"outcome":"ok"}
{"event":"deep_research_model_call","step":"notes","think":false,"attempt":1,"wall_ms":0,"load_duration":0,"prompt_eval_count":0,"prompt_eval_duration":0,"eval_count":0,"eval_duration":0,"thinking_chars":0,"thinking_detected":false,"outcome":"ok"}
{"event":"deep_research_model_call","step":"queries","think":false,"attempt":1,"wall_ms":0,"load_duration":0,"prompt_eval_count":0,"prompt_eval_duration":0,"eval_count":0,"eval_duration":0,"thinking_chars":0,"thinking_detected":false,"outcome":"ok"}
{"event":"deep_research_model_call","step":"queries","think":false,"attempt":1,"wall_ms":0,"load_duration":0,"prompt_eval_count":0,"prompt_eval_duration":0,"eval_count":0,"eval_duration":0,"thinking_chars":0,"thinking_detected":false,"outcome":"ok"}
{"event":"deep_research_model_call","step":"queries","think":false,"attempt":1,"wall_ms":0,"load_duration":0,"prompt_eval_count":0,"prompt_eval_duration":0,"eval_count":0,"eval_duration":0,"thinking_chars":0,"thinking_detected":false,"outcome":"ok"}
{"event":"deep_research_model_call","step":"pages","think":false,"attempt":1,"wall_ms":0,"load_duration":0,"prompt_eval_count":0,"prompt_eval_duration":0,"eval_count":0,"eval_duration":0,"thinking_chars":0,"thinking_detected":false,"outcome":"ok"}
{"event":"deep_research_page_skipped","n":2,"url":"https://gamma.example/1","reason":"empty","detail":"No passage matches the search terms"}
{"event":"deep_research_model_call","step":"queries","think":false,"attempt":1,"wall_ms":0,"load_duration":0,"prompt_eval_count":0,"prompt_eval_duration":0,"eval_count":0,"eval_duration":0,"thinking_chars":0,"thinking_detected":false,"outcome":"ok"}
{"event":"deep_research_model_call","step":"queries","think":false,"attempt":1,"wall_ms":0,"load_duration":0,"prompt_eval_count":0,"prompt_eval_duration":0,"eval_count":0,"eval_duration":0,"thinking_chars":0,"thinking_detected":false,"outcome":"ok"}
{"event":"deep_research_model_call","step":"queries","think":false,"attempt":1,"wall_ms":0,"load_duration":0,"prompt_eval_count":0,"prompt_eval_duration":0,"eval_count":0,"eval_duration":0,"thinking_chars":0,"thinking_detected":false,"outcome":"ok"}
{"event":"deep_research_model_call","step":"pages","think":false,"attempt":1,"wall_ms":0,"load_duration":0,"prompt_eval_count":0,"prompt_eval_duration":0,"eval_count":0,"eval_duration":0,"thinking_chars":0,"thinking_detected":false,"outcome":"ok"}
{"event":"deep_research_page_skipped","n":3,"url":"https://cats?.example/1","reason":"empty","detail":"No passage matches the search terms"}
{"event":"deep_research_model_call","step":"write","think":true,"attempt":1,"wall_ms":0,"load_duration":0,"prompt_eval_count":0,"prompt_eval_duration":0,"eval_count":0,"eval_duration":0,"thinking_chars":0,"thinking_detected":false,"outcome":"ok"}
{"event":"deep_research_run_end","notes_kept":2,"pages_read":3,"status":"complete","elapsed_ms":12}
{"event":"deep_research_model_call","step":"brief","think":false,"attempt":1,"wall_ms":0,"load_duration":0,"prompt_eval_count":0,"prompt_eval_duration":0,"eval_count":0,"eval_duration":0,"thinking_chars":0,"thinking_detected":false,"outcome":"ok"}
{"event":"deep_research_model_call","step":"plan","think":true,"attempt":1,"wall_ms":0,"load_duration":0,"prompt_eval_count":0,"prompt_eval_duration":0,"eval_count":0,"eval_duration":0,"thinking_chars":0,"thinking_detected":false,"outcome":"ok"}
{"event":"deep_research_model_call","step":"queries","think":false,"attempt":1,"wall_ms":0,"load_duration":0,"prompt_eval_count":0,"prompt_eval_duration":0,"eval_count":0,"eval_duration":0,"thinking_chars":0,"thinking_detected":false,"outcome":"ok"}
{"event":"deep_research_model_call","step":"pages","think":false,"attempt":1,"wall_ms":0,"load_duration":0,"prompt_eval_count":0,"prompt_eval_duration":0,"eval_count":0,"eval_duration":0,"thinking_chars":0,"thinking_detected":false,"outcome":"ok"}
{"event":"deep_research_page_skipped","url":"https://alpha.example/1","reason":"empty","detail":"Page has only 7 words (minimum 40)"}
{"event":"deep_research_page_skipped","url":"https://alpha.example/2","reason":"blocked","detail":"Page appears to be a bot challenge or access verification"}
{"event":"deep_research_model_call","step":"notes","think":false,"attempt":1,"wall_ms":0,"load_duration":0,"prompt_eval_count":0,"prompt_eval_duration":0,"eval_count":0,"eval_duration":0,"thinking_chars":0,"thinking_detected":false,"outcome":"ok"}
{"event":"deep_research_model_call","step":"queries","think":false,"attempt":1,"wall_ms":0,"load_duration":0,"prompt_eval_count":0,"prompt_eval_duration":0,"eval_count":0,"eval_duration":0,"thinking_chars":0,"thinking_detected":false,"outcome":"ok"}
{"event":"deep_research_model_call","step":"queries","think":false,"attempt":1,"wall_ms":0,"load_duration":0,"prompt_eval_count":0,"prompt_eval_duration":0,"eval_count":0,"eval_duration":0,"thinking_chars":0,"thinking_detected":false,"outcome":"ok"}
{"event":"deep_research_model_call","step":"queries","think":false,"attempt":1,"wall_ms":0,"load_duration":0,"prompt_eval_count":0,"prompt_eval_duration":0,"eval_count":0,"eval_duration":0,"thinking_chars":0,"thinking_detected":false,"outcome":"ok"}
{"event":"deep_research_model_call","step":"pages","think":false,"attempt":1,"wall_ms":0,"load_duration":0,"prompt_eval_count":0,"prompt_eval_duration":0,"eval_count":0,"eval_duration":0,"thinking_chars":0,"thinking_detected":false,"outcome":"ok"}
{"event":"deep_research_model_call","step":"queries","think":false,"attempt":1,"wall_ms":0,"load_duration":0,"prompt_eval_count":0,"prompt_eval_duration":0,"eval_count":0,"eval_duration":0,"thinking_chars":0,"thinking_detected":false,"outcome":"ok"}
{"event":"deep_research_model_call","step":"queries","think":false,"attempt":1,"wall_ms":0,"load_duration":0,"prompt_eval_count":0,"prompt_eval_duration":0,"eval_count":0,"eval_duration":0,"thinking_chars":0,"thinking_detected":false,"outcome":"ok"}
{"event":"deep_research_model_call","step":"queries","think":false,"attempt":1,"wall_ms":0,"load_duration":0,"prompt_eval_count":0,"prompt_eval_duration":0,"eval_count":0,"eval_duration":0,"thinking_chars":0,"thinking_detected":false,"outcome":"ok"}
{"event":"deep_research_model_call","step":"pages","think":false,"attempt":1,"wall_ms":0,"load_duration":0,"prompt_eval_count":0,"prompt_eval_duration":0,"eval_count":0,"eval_duration":0,"thinking_chars":0,"thinking_detected":false,"outcome":"ok"}
{"event":"deep_research_page_skipped","n":2,"url":"https://beta.example/1","reason":"empty","detail":"No passage matches the search terms"}
{"event":"deep_research_model_call","step":"gap","think":false,"attempt":1,"wall_ms":1,"load_duration":0,"prompt_eval_count":0,"prompt_eval_duration":0,"eval_count":0,"eval_duration":0,"thinking_chars":0,"thinking_detected":false,"outcome":"ok"}
{"event":"deep_research_model_call","step":"write","think":true,"attempt":1,"wall_ms":0,"load_duration":0,"prompt_eval_count":0,"prompt_eval_duration":0,"eval_count":0,"eval_duration":0,"thinking_chars":0,"thinking_detected":false,"outcome":"ok"}
{"event":"deep_research_run_end","notes_kept":1,"pages_read":2,"status":"complete","elapsed_ms":6}

src/http/deepResearchDate.test.ts:
{"event":"deep_research_run_end","notes_kept":4,"pages_read":6,"status":"complete","elapsed_ms":1}
{"event":"deep_research_run_end","notes_kept":4,"pages_read":6,"status":"complete","elapsed_ms":2}

src/http/deepResearchStop.test.ts:
{"event":"deep_research_model_call","step":"brief","think":false,"attempt":1,"wall_ms":1,"load_duration":0,"prompt_eval_count":0,"prompt_eval_duration":0,"eval_count":3,"eval_duration":0,"thinking_chars":0,"thinking_detected":false,"outcome":"ok"}
{"event":"deep_research_model_call","step":"plan","think":true,"attempt":1,"wall_ms":0,"load_duration":0,"prompt_eval_count":0,"prompt_eval_duration":0,"eval_count":3,"eval_duration":0,"thinking_chars":0,"thinking_detected":false,"outcome":"ok"}
{"event":"deep_research_model_call","step":"plan","think":false,"attempt":1,"wall_ms":0,"load_duration":0,"prompt_eval_count":0,"prompt_eval_duration":0,"eval_count":3,"eval_duration":0,"thinking_chars":0,"thinking_detected":false,"outcome":"ok"}
{"event":"deep_research_model_call","step":"queries","think":false,"attempt":1,"wall_ms":0,"load_duration":0,"prompt_eval_count":0,"prompt_eval_duration":0,"eval_count":3,"eval_duration":0,"thinking_chars":0,"thinking_detected":false,"outcome":"ok"}
{"event":"deep_research_model_call","step":"pages","think":false,"attempt":1,"wall_ms":0,"load_duration":0,"prompt_eval_count":0,"prompt_eval_duration":0,"eval_count":3,"eval_duration":0,"thinking_chars":0,"thinking_detected":false,"outcome":"ok"}
{"event":"deep_research_model_call","step":"notes","think":false,"attempt":1,"wall_ms":0,"load_duration":0,"prompt_eval_count":0,"prompt_eval_duration":0,"eval_count":3,"eval_duration":0,"thinking_chars":0,"thinking_detected":false,"outcome":"ok"}
{"event":"deep_research_model_call","step":"queries","think":false,"attempt":1,"wall_ms":0,"load_duration":0,"prompt_eval_count":0,"prompt_eval_duration":0,"eval_count":3,"eval_duration":0,"thinking_chars":0,"thinking_detected":false,"outcome":"ok"}
{"event":"deep_research_model_call","step":"write","think":true,"attempt":1,"wall_ms":1,"load_duration":0,"prompt_eval_count":0,"prompt_eval_duration":0,"eval_count":3,"eval_duration":0,"thinking_chars":0,"thinking_detected":false,"outcome":"ok"}
{"event":"deep_research_run_end","notes_kept":1,"pages_read":2,"status":"partial","elapsed_ms":11}
{"event":"deep_research_model_call","step":"brief","think":false,"attempt":1,"wall_ms":0,"load_duration":0,"prompt_eval_count":0,"prompt_eval_duration":0,"eval_count":3,"eval_duration":0,"thinking_chars":0,"thinking_detected":false,"outcome":"ok"}
{"event":"deep_research_model_call","step":"plan","think":true,"attempt":1,"wall_ms":0,"load_duration":0,"prompt_eval_count":0,"prompt_eval_duration":0,"eval_count":3,"eval_duration":0,"thinking_chars":0,"thinking_detected":false,"outcome":"ok"}
{"event":"deep_research_model_call","step":"plan","think":false,"attempt":1,"wall_ms":0,"load_duration":0,"prompt_eval_count":0,"prompt_eval_duration":0,"eval_count":3,"eval_duration":0,"thinking_chars":0,"thinking_detected":false,"outcome":"ok"}
{"event":"deep_research_model_call","step":"queries","think":false,"attempt":1,"wall_ms":0,"load_duration":0,"prompt_eval_count":0,"prompt_eval_duration":0,"eval_count":3,"eval_duration":0,"thinking_chars":0,"thinking_detected":false,"outcome":"ok"}
{"event":"deep_research_model_call","step":"pages","think":false,"attempt":1,"wall_ms":0,"load_duration":0,"prompt_eval_count":0,"prompt_eval_duration":0,"eval_count":3,"eval_duration":0,"thinking_chars":0,"thinking_detected":false,"outcome":"ok"}
{"event":"deep_research_model_call","step":"notes","think":false,"attempt":1,"wall_ms":0,"load_duration":0,"prompt_eval_count":0,"prompt_eval_duration":0,"eval_count":3,"eval_duration":0,"thinking_chars":0,"thinking_detected":false,"outcome":"ok"}
{"event":"deep_research_model_call","step":"queries","think":false,"attempt":1,"wall_ms":0,"load_duration":0,"prompt_eval_count":0,"prompt_eval_duration":0,"eval_count":3,"eval_duration":0,"thinking_chars":0,"thinking_detected":false,"outcome":"ok"}
{"event":"deep_research_model_call","step":"write","think":true,"attempt":1,"wall_ms":0,"load_duration":null,"prompt_eval_count":null,"prompt_eval_duration":null,"eval_count":null,"eval_duration":null,"thinking_chars":0,"thinking_detected":false,"outcome":"aborted"}

src/http/deepResearchBreadthFirst.test.ts:
{"event":"deep_research_model_call","step":"brief","think":false,"attempt":1,"wall_ms":0,"load_duration":0,"prompt_eval_count":0,"prompt_eval_duration":0,"eval_count":3,"eval_duration":0,"thinking_chars":0,"thinking_detected":false,"outcome":"ok"}
{"event":"deep_research_model_call","step":"plan","think":true,"attempt":1,"wall_ms":0,"load_duration":0,"prompt_eval_count":0,"prompt_eval_duration":0,"eval_count":3,"eval_duration":0,"thinking_chars":0,"thinking_detected":false,"outcome":"ok"}
{"event":"deep_research_model_call","step":"queries","think":false,"attempt":1,"wall_ms":0,"load_duration":0,"prompt_eval_count":0,"prompt_eval_duration":0,"eval_count":3,"eval_duration":0,"thinking_chars":0,"thinking_detected":false,"outcome":"ok"}
{"event":"deep_research_model_call","step":"pages","think":false,"attempt":1,"wall_ms":0,"load_duration":0,"prompt_eval_count":0,"prompt_eval_duration":0,"eval_count":3,"eval_duration":0,"thinking_chars":0,"thinking_detected":false,"outcome":"ok"}
{"event":"deep_research_model_call","step":"notes","think":false,"attempt":1,"wall_ms":0,"load_duration":0,"prompt_eval_count":0,"prompt_eval_duration":0,"eval_count":3,"eval_duration":0,"thinking_chars":0,"thinking_detected":false,"outcome":"ok"}
{"event":"deep_research_model_call","step":"queries","think":false,"attempt":1,"wall_ms":0,"load_duration":0,"prompt_eval_count":0,"prompt_eval_duration":0,"eval_count":3,"eval_duration":0,"thinking_chars":0,"thinking_detected":false,"outcome":"ok"}
{"event":"deep_research_model_call","step":"pages","think":false,"attempt":1,"wall_ms":0,"load_duration":0,"prompt_eval_count":0,"prompt_eval_duration":0,"eval_count":3,"eval_duration":0,"thinking_chars":0,"thinking_detected":false,"outcome":"ok"}
{"event":"deep_research_model_call","step":"notes","think":false,"attempt":1,"wall_ms":0,"load_duration":0,"prompt_eval_count":0,"prompt_eval_duration":0,"eval_count":3,"eval_duration":0,"thinking_chars":0,"thinking_detected":false,"outcome":"ok"}
{"event":"deep_research_model_call","step":"queries","think":false,"attempt":1,"wall_ms":0,"load_duration":0,"prompt_eval_count":0,"prompt_eval_duration":0,"eval_count":3,"eval_duration":0,"thinking_chars":0,"thinking_detected":false,"outcome":"ok"}
{"event":"deep_research_model_call","step":"pages","think":false,"attempt":1,"wall_ms":0,"load_duration":0,"prompt_eval_count":0,"prompt_eval_duration":0,"eval_count":3,"eval_duration":0,"thinking_chars":0,"thinking_detected":false,"outcome":"ok"}
{"event":"deep_research_model_call","step":"notes","think":false,"attempt":1,"wall_ms":0,"load_duration":0,"prompt_eval_count":0,"prompt_eval_duration":0,"eval_count":3,"eval_duration":0,"thinking_chars":0,"thinking_detected":false,"outcome":"ok"}
{"event":"deep_research_model_call","step":"notes","think":false,"attempt":1,"wall_ms":0,"load_duration":0,"prompt_eval_count":0,"prompt_eval_duration":0,"eval_count":3,"eval_duration":0,"thinking_chars":0,"thinking_detected":false,"outcome":"ok"}
{"event":"deep_research_model_call","step":"notes","think":false,"attempt":1,"wall_ms":0,"load_duration":0,"prompt_eval_count":0,"prompt_eval_duration":0,"eval_count":3,"eval_duration":0,"thinking_chars":0,"thinking_detected":false,"outcome":"ok"}
{"event":"deep_research_model_call","step":"notes","think":false,"attempt":1,"wall_ms":0,"load_duration":0,"prompt_eval_count":0,"prompt_eval_duration":0,"eval_count":3,"eval_duration":0,"thinking_chars":0,"thinking_detected":false,"outcome":"ok"}
{"event":"deep_research_model_call","step":"write","think":true,"attempt":1,"wall_ms":0,"load_duration":0,"prompt_eval_count":0,"prompt_eval_duration":0,"eval_count":3,"eval_duration":0,"thinking_chars":0,"thinking_detected":false,"outcome":"ok"}
{"event":"deep_research_run_end","notes_kept":6,"pages_read":6,"status":"complete","elapsed_ms":3}
{"event":"deep_research_model_call","step":"brief","think":false,"attempt":1,"wall_ms":0,"load_duration":0,"prompt_eval_count":0,"prompt_eval_duration":0,"eval_count":3,"eval_duration":0,"thinking_chars":0,"thinking_detected":false,"outcome":"ok"}
{"event":"deep_research_model_call","step":"plan","think":true,"attempt":1,"wall_ms":0,"load_duration":0,"prompt_eval_count":0,"prompt_eval_duration":0,"eval_count":3,"eval_duration":0,"thinking_chars":0,"thinking_detected":false,"outcome":"ok"}
{"event":"deep_research_model_call","step":"queries","think":false,"attempt":1,"wall_ms":0,"load_duration":0,"prompt_eval_count":0,"prompt_eval_duration":0,"eval_count":3,"eval_duration":0,"thinking_chars":0,"thinking_detected":false,"outcome":"ok"}
{"event":"deep_research_model_call","step":"pages","think":false,"attempt":1,"wall_ms":0,"load_duration":0,"prompt_eval_count":0,"prompt_eval_duration":0,"eval_count":3,"eval_duration":0,"thinking_chars":0,"thinking_detected":false,"outcome":"ok"}
{"event":"deep_research_model_call","step":"notes","think":false,"attempt":1,"wall_ms":0,"load_duration":0,"prompt_eval_count":0,"prompt_eval_duration":0,"eval_count":3,"eval_duration":0,"thinking_chars":0,"thinking_detected":false,"outcome":"ok"}
{"event":"deep_research_model_call","step":"queries","think":false,"attempt":1,"wall_ms":0,"load_duration":0,"prompt_eval_count":0,"prompt_eval_duration":0,"eval_count":3,"eval_duration":0,"thinking_chars":0,"thinking_detected":false,"outcome":"ok"}
{"event":"deep_research_model_call","step":"pages","think":false,"attempt":1,"wall_ms":0,"load_duration":0,"prompt_eval_count":0,"prompt_eval_duration":0,"eval_count":3,"eval_duration":0,"thinking_chars":0,"thinking_detected":false,"outcome":"ok"}
{"event":"deep_research_model_call","step":"notes","think":false,"attempt":1,"wall_ms":0,"load_duration":0,"prompt_eval_count":0,"prompt_eval_duration":0,"eval_count":3,"eval_duration":0,"thinking_chars":0,"thinking_detected":false,"outcome":"ok"}
{"event":"deep_research_model_call","step":"queries","think":false,"attempt":1,"wall_ms":0,"load_duration":0,"prompt_eval_count":0,"prompt_eval_duration":0,"eval_count":3,"eval_duration":0,"thinking_chars":0,"thinking_detected":false,"outcome":"ok"}
{"event":"deep_research_model_call","step":"pages","think":false,"attempt":1,"wall_ms":0,"load_duration":0,"prompt_eval_count":0,"prompt_eval_duration":0,"eval_count":3,"eval_duration":0,"thinking_chars":0,"thinking_detected":false,"outcome":"ok"}
{"event":"deep_research_model_call","step":"notes","think":false,"attempt":1,"wall_ms":0,"load_duration":0,"prompt_eval_count":0,"prompt_eval_duration":0,"eval_count":3,"eval_duration":0,"thinking_chars":0,"thinking_detected":false,"outcome":"ok"}
{"event":"deep_research_model_call","step":"notes","think":false,"attempt":1,"wall_ms":0,"load_duration":0,"prompt_eval_count":0,"prompt_eval_duration":0,"eval_count":3,"eval_duration":0,"thinking_chars":0,"thinking_detected":false,"outcome":"ok"}
{"event":"deep_research_model_call","step":"notes","think":false,"attempt":1,"wall_ms":0,"load_duration":0,"prompt_eval_count":0,"prompt_eval_duration":0,"eval_count":3,"eval_duration":0,"thinking_chars":0,"thinking_detected":false,"outcome":"ok"}
{"event":"deep_research_model_call","step":"write","think":true,"attempt":1,"wall_ms":0,"load_duration":0,"prompt_eval_count":0,"prompt_eval_duration":0,"eval_count":3,"eval_duration":0,"thinking_chars":0,"thinking_detected":false,"outcome":"ok"}
{"event":"deep_research_run_end","notes_kept":5,"pages_read":5,"status":"complete","elapsed_ms":2}
{"event":"deep_research_model_call","step":"brief","think":false,"attempt":1,"wall_ms":0,"load_duration":0,"prompt_eval_count":0,"prompt_eval_duration":0,"eval_count":3,"eval_duration":0,"thinking_chars":0,"thinking_detected":false,"outcome":"ok"}
{"event":"deep_research_model_call","step":"plan","think":true,"attempt":1,"wall_ms":0,"load_duration":0,"prompt_eval_count":0,"prompt_eval_duration":0,"eval_count":3,"eval_duration":0,"thinking_chars":0,"thinking_detected":false,"outcome":"ok"}
{"event":"deep_research_model_call","step":"queries","think":false,"attempt":1,"wall_ms":0,"load_duration":0,"prompt_eval_count":0,"prompt_eval_duration":0,"eval_count":3,"eval_duration":0,"thinking_chars":0,"thinking_detected":false,"outcome":"ok"}
{"event":"deep_research_model_call","step":"pages","think":false,"attempt":1,"wall_ms":0,"load_duration":0,"prompt_eval_count":0,"prompt_eval_duration":0,"eval_count":3,"eval_duration":0,"thinking_chars":0,"thinking_detected":false,"outcome":"ok"}
{"event":"deep_research_model_call","step":"notes","think":false,"attempt":1,"wall_ms":0,"load_duration":0,"prompt_eval_count":0,"prompt_eval_duration":0,"eval_count":3,"eval_duration":0,"thinking_chars":0,"thinking_detected":false,"outcome":"ok"}
{"event":"deep_research_model_call","step":"queries","think":false,"attempt":1,"wall_ms":0,"load_duration":0,"prompt_eval_count":0,"prompt_eval_duration":0,"eval_count":3,"eval_duration":0,"thinking_chars":0,"thinking_detected":false,"outcome":"ok"}
{"event":"deep_research_model_call","step":"pages","think":false,"attempt":1,"wall_ms":0,"load_duration":0,"prompt_eval_count":0,"prompt_eval_duration":0,"eval_count":3,"eval_duration":0,"thinking_chars":0,"thinking_detected":false,"outcome":"ok"}
{"event":"deep_research_model_call","step":"notes","think":false,"attempt":1,"wall_ms":0,"load_duration":0,"prompt_eval_count":0,"prompt_eval_duration":0,"eval_count":3,"eval_duration":0,"thinking_chars":0,"thinking_detected":false,"outcome":"ok"}
{"event":"deep_research_model_call","step":"queries","think":false,"attempt":1,"wall_ms":0,"load_duration":0,"prompt_eval_count":0,"prompt_eval_duration":0,"eval_count":3,"eval_duration":0,"thinking_chars":0,"thinking_detected":false,"outcome":"ok"}
{"event":"deep_research_model_call","step":"pages","think":false,"attempt":1,"wall_ms":0,"load_duration":0,"prompt_eval_count":0,"prompt_eval_duration":0,"eval_count":3,"eval_duration":0,"thinking_chars":0,"thinking_detected":false,"outcome":"ok"}
{"event":"deep_research_model_call","step":"notes","think":false,"attempt":1,"wall_ms":0,"load_duration":0,"prompt_eval_count":0,"prompt_eval_duration":0,"eval_count":3,"eval_duration":0,"thinking_chars":0,"thinking_detected":false,"outcome":"ok"}
{"event":"deep_research_model_call","step":"notes","think":false,"attempt":1,"wall_ms":0,"load_duration":0,"prompt_eval_count":0,"prompt_eval_duration":0,"eval_count":3,"eval_duration":0,"thinking_chars":0,"thinking_detected":false,"outcome":"ok"}
{"event":"deep_research_model_call","step":"notes","think":false,"attempt":1,"wall_ms":0,"load_duration":0,"prompt_eval_count":0,"prompt_eval_duration":0,"eval_count":3,"eval_duration":0,"thinking_chars":0,"thinking_detected":false,"outcome":"ok"}
{"event":"deep_research_model_call","step":"notes","think":false,"attempt":1,"wall_ms":0,"load_duration":0,"prompt_eval_count":0,"prompt_eval_duration":0,"eval_count":3,"eval_duration":0,"thinking_chars":0,"thinking_detected":false,"outcome":"ok"}
{"event":"deep_research_model_call","step":"gap","think":false,"attempt":1,"wall_ms":0,"load_duration":0,"prompt_eval_count":0,"prompt_eval_duration":0,"eval_count":3,"eval_duration":0,"thinking_chars":0,"thinking_detected":false,"outcome":"ok"}
{"event":"deep_research_model_call","step":"pages","think":false,"attempt":1,"wall_ms":0,"load_duration":0,"prompt_eval_count":0,"prompt_eval_duration":0,"eval_count":3,"eval_duration":0,"thinking_chars":0,"thinking_detected":false,"outcome":"ok"}
{"event":"deep_research_model_call","step":"notes","think":false,"attempt":1,"wall_ms":0,"load_duration":0,"prompt_eval_count":0,"prompt_eval_duration":0,"eval_count":3,"eval_duration":0,"thinking_chars":0,"thinking_detected":false,"outcome":"ok"}
{"event":"deep_research_model_call","step":"gap","think":false,"attempt":1,"wall_ms":0,"load_duration":0,"prompt_eval_count":0,"prompt_eval_duration":0,"eval_count":3,"eval_duration":0,"thinking_chars":0,"thinking_detected":false,"outcome":"ok"}
{"event":"deep_research_model_call","step":"pages","think":false,"attempt":1,"wall_ms":0,"load_duration":0,"prompt_eval_count":0,"prompt_eval_duration":0,"eval_count":3,"eval_duration":0,"thinking_chars":0,"thinking_detected":false,"outcome":"ok"}
{"event":"deep_research_model_call","step":"notes","think":false,"attempt":1,"wall_ms":0,"load_duration":0,"prompt_eval_count":0,"prompt_eval_duration":0,"eval_count":3,"eval_duration":0,"thinking_chars":0,"thinking_detected":false,"outcome":"ok"}
{"event":"deep_research_model_call","step":"notes","think":false,"attempt":1,"wall_ms":0,"load_duration":0,"prompt_eval_count":0,"prompt_eval_duration":0,"eval_count":3,"eval_duration":0,"thinking_chars":0,"thinking_detected":false,"outcome":"ok"}
{"event":"deep_research_model_call","step":"notes","think":false,"attempt":1,"wall_ms":0,"load_duration":0,"prompt_eval_count":0,"prompt_eval_duration":0,"eval_count":3,"eval_duration":0,"thinking_chars":0,"thinking_detected":false,"outcome":"ok"}
{"event":"deep_research_model_call","step":"write","think":true,"attempt":1,"wall_ms":0,"load_duration":0,"prompt_eval_count":0,"prompt_eval_duration":0,"eval_count":3,"eval_duration":0,"thinking_chars":0,"thinking_detected":false,"outcome":"ok"}
{"event":"deep_research_run_end","notes_kept":10,"pages_read":10,"status":"complete","elapsed_ms":3}
{"event":"deep_research_model_call","step":"brief","think":false,"attempt":1,"wall_ms":0,"load_duration":0,"prompt_eval_count":0,"prompt_eval_duration":0,"eval_count":3,"eval_duration":0,"thinking_chars":0,"thinking_detected":false,"outcome":"ok"}
{"event":"deep_research_model_call","step":"plan","think":true,"attempt":1,"wall_ms":0,"load_duration":0,"prompt_eval_count":0,"prompt_eval_duration":0,"eval_count":3,"eval_duration":0,"thinking_chars":0,"thinking_detected":false,"outcome":"ok"}
{"event":"deep_research_model_call","step":"queries","think":false,"attempt":1,"wall_ms":0,"load_duration":0,"prompt_eval_count":0,"prompt_eval_duration":0,"eval_count":3,"eval_duration":0,"thinking_chars":0,"thinking_detected":false,"outcome":"ok"}
{"event":"deep_research_model_call","step":"pages","think":false,"attempt":1,"wall_ms":0,"load_duration":0,"prompt_eval_count":0,"prompt_eval_duration":0,"eval_count":3,"eval_duration":0,"thinking_chars":0,"thinking_detected":false,"outcome":"ok"}
{"event":"deep_research_model_call","step":"notes","think":false,"attempt":1,"wall_ms":0,"load_duration":0,"prompt_eval_count":0,"prompt_eval_duration":0,"eval_count":3,"eval_duration":0,"thinking_chars":0,"thinking_detected":false,"outcome":"ok"}
{"event":"deep_research_model_call","step":"queries","think":false,"attempt":1,"wall_ms":0,"load_duration":0,"prompt_eval_count":0,"prompt_eval_duration":0,"eval_count":3,"eval_duration":0,"thinking_chars":0,"thinking_detected":false,"outcome":"ok"}
{"event":"deep_research_model_call","step":"pages","think":false,"attempt":1,"wall_ms":1,"load_duration":0,"prompt_eval_count":0,"prompt_eval_duration":0,"eval_count":3,"eval_duration":0,"thinking_chars":0,"thinking_detected":false,"outcome":"ok"}
{"event":"deep_research_model_call","step":"notes","think":false,"attempt":1,"wall_ms":0,"load_duration":0,"prompt_eval_count":0,"prompt_eval_duration":0,"eval_count":3,"eval_duration":0,"thinking_chars":0,"thinking_detected":false,"outcome":"ok"}
{"event":"deep_research_model_call","step":"gap","think":false,"attempt":1,"wall_ms":0,"load_duration":0,"prompt_eval_count":0,"prompt_eval_duration":0,"eval_count":3,"eval_duration":0,"thinking_chars":0,"thinking_detected":false,"outcome":"ok"}
{"event":"deep_research_model_call","step":"gap","think":false,"attempt":1,"wall_ms":0,"load_duration":0,"prompt_eval_count":0,"prompt_eval_duration":0,"eval_count":3,"eval_duration":0,"thinking_chars":0,"thinking_detected":false,"outcome":"ok"}
{"event":"deep_research_model_call","step":"pages","think":false,"attempt":1,"wall_ms":0,"load_duration":0,"prompt_eval_count":0,"prompt_eval_duration":0,"eval_count":3,"eval_duration":0,"thinking_chars":0,"thinking_detected":false,"outcome":"ok"}
{"event":"deep_research_model_call","step":"notes","think":false,"attempt":1,"wall_ms":0,"load_duration":0,"prompt_eval_count":0,"prompt_eval_duration":0,"eval_count":3,"eval_duration":0,"thinking_chars":0,"thinking_detected":false,"outcome":"ok"}
{"event":"deep_research_model_call","step":"gap","think":false,"attempt":1,"wall_ms":0,"load_duration":0,"prompt_eval_count":0,"prompt_eval_duration":0,"eval_count":3,"eval_duration":0,"thinking_chars":0,"thinking_detected":false,"outcome":"ok"}
{"event":"deep_research_model_call","step":"pages","think":false,"attempt":1,"wall_ms":0,"load_duration":0,"prompt_eval_count":0,"prompt_eval_duration":0,"eval_count":3,"eval_duration":0,"thinking_chars":0,"thinking_detected":false,"outcome":"ok"}
{"event":"deep_research_model_call","step":"notes","think":false,"attempt":1,"wall_ms":0,"load_duration":0,"prompt_eval_count":0,"prompt_eval_duration":0,"eval_count":3,"eval_duration":0,"thinking_chars":0,"thinking_detected":false,"outcome":"ok"}
{"event":"deep_research_model_call","step":"write","think":true,"attempt":1,"wall_ms":0,"load_duration":0,"prompt_eval_count":0,"prompt_eval_duration":0,"eval_count":3,"eval_duration":0,"thinking_chars":0,"thinking_detected":false,"outcome":"ok"}
{"event":"deep_research_run_end","notes_kept":4,"pages_read":4,"status":"complete","elapsed_ms":1}
{"event":"deep_research_model_call","step":"brief","think":false,"attempt":1,"wall_ms":0,"load_duration":0,"prompt_eval_count":0,"prompt_eval_duration":0,"eval_count":3,"eval_duration":0,"thinking_chars":0,"thinking_detected":false,"outcome":"ok"}
{"event":"deep_research_model_call","step":"plan","think":true,"attempt":1,"wall_ms":0,"load_duration":0,"prompt_eval_count":0,"prompt_eval_duration":0,"eval_count":3,"eval_duration":0,"thinking_chars":0,"thinking_detected":false,"outcome":"ok"}
{"event":"deep_research_model_call","step":"queries","think":false,"attempt":1,"wall_ms":0,"load_duration":0,"prompt_eval_count":0,"prompt_eval_duration":0,"eval_count":3,"eval_duration":0,"thinking_chars":0,"thinking_detected":false,"outcome":"ok"}
{"event":"deep_research_model_call","step":"pages","think":false,"attempt":1,"wall_ms":0,"load_duration":0,"prompt_eval_count":0,"prompt_eval_duration":0,"eval_count":3,"eval_duration":0,"thinking_chars":0,"thinking_detected":false,"outcome":"ok"}
{"event":"deep_research_model_call","step":"notes","think":false,"attempt":1,"wall_ms":0,"load_duration":0,"prompt_eval_count":0,"prompt_eval_duration":0,"eval_count":3,"eval_duration":0,"thinking_chars":0,"thinking_detected":false,"outcome":"ok"}
{"event":"deep_research_model_call","step":"queries","think":false,"attempt":1,"wall_ms":0,"load_duration":0,"prompt_eval_count":0,"prompt_eval_duration":0,"eval_count":3,"eval_duration":0,"thinking_chars":0,"thinking_detected":false,"outcome":"ok"}
{"event":"deep_research_model_call","step":"pages","think":false,"attempt":1,"wall_ms":1,"load_duration":0,"prompt_eval_count":0,"prompt_eval_duration":0,"eval_count":3,"eval_duration":0,"thinking_chars":0,"thinking_detected":false,"outcome":"ok"}
{"event":"deep_research_model_call","step":"notes","think":false,"attempt":1,"wall_ms":0,"load_duration":0,"prompt_eval_count":0,"prompt_eval_duration":0,"eval_count":3,"eval_duration":0,"thinking_chars":0,"thinking_detected":false,"outcome":"ok"}
{"event":"deep_research_model_call","step":"queries","think":false,"attempt":1,"wall_ms":0,"load_duration":0,"prompt_eval_count":0,"prompt_eval_duration":0,"eval_count":3,"eval_duration":0,"thinking_chars":0,"thinking_detected":false,"outcome":"ok"}
{"event":"deep_research_model_call","step":"pages","think":false,"attempt":1,"wall_ms":0,"load_duration":0,"prompt_eval_count":0,"prompt_eval_duration":0,"eval_count":3,"eval_duration":0,"thinking_chars":0,"thinking_detected":false,"outcome":"ok"}
{"event":"deep_research_model_call","step":"notes","think":false,"attempt":1,"wall_ms":0,"load_duration":0,"prompt_eval_count":0,"prompt_eval_duration":0,"eval_count":3,"eval_duration":0,"thinking_chars":0,"thinking_detected":false,"outcome":"ok"}
{"event":"deep_research_model_call","step":"notes","think":false,"attempt":1,"wall_ms":0,"load_duration":0,"prompt_eval_count":0,"prompt_eval_duration":0,"eval_count":3,"eval_duration":0,"thinking_chars":0,"thinking_detected":false,"outcome":"ok"}
{"event":"deep_research_model_call","step":"notes","think":false,"attempt":1,"wall_ms":0,"load_duration":0,"prompt_eval_count":0,"prompt_eval_duration":0,"eval_count":3,"eval_duration":0,"thinking_chars":0,"thinking_detected":false,"outcome":"ok"}
{"event":"deep_research_model_call","step":"notes","think":false,"attempt":1,"wall_ms":0,"load_duration":0,"prompt_eval_count":0,"prompt_eval_duration":0,"eval_count":3,"eval_duration":0,"thinking_chars":0,"thinking_detected":false,"outcome":"ok"}
{"event":"deep_research_model_call","step":"write","think":true,"attempt":1,"wall_ms":0,"load_duration":0,"prompt_eval_count":0,"prompt_eval_duration":0,"eval_count":3,"eval_duration":0,"thinking_chars":0,"thinking_detected":false,"outcome":"ok"}
{"event":"deep_research_run_end","notes_kept":6,"pages_read":6,"status":"complete","elapsed_ms":1}
{"event":"deep_research_model_call","step":"brief","think":false,"attempt":1,"wall_ms":0,"load_duration":0,"prompt_eval_count":0,"prompt_eval_duration":0,"eval_count":3,"eval_duration":0,"thinking_chars":0,"thinking_detected":false,"outcome":"ok"}
{"event":"deep_research_model_call","step":"plan","think":true,"attempt":1,"wall_ms":0,"load_duration":0,"prompt_eval_count":0,"prompt_eval_duration":0,"eval_count":3,"eval_duration":0,"thinking_chars":0,"thinking_detected":false,"outcome":"ok"}
{"event":"deep_research_model_call","step":"queries","think":false,"attempt":1,"wall_ms":0,"load_duration":0,"prompt_eval_count":0,"prompt_eval_duration":0,"eval_count":3,"eval_duration":0,"thinking_chars":0,"thinking_detected":false,"outcome":"ok"}
{"event":"deep_research_model_call","step":"pages","think":false,"attempt":1,"wall_ms":0,"load_duration":0,"prompt_eval_count":0,"prompt_eval_duration":0,"eval_count":3,"eval_duration":0,"thinking_chars":0,"thinking_detected":false,"outcome":"ok"}
{"event":"deep_research_model_call","step":"notes","think":false,"attempt":1,"wall_ms":0,"load_duration":0,"prompt_eval_count":0,"prompt_eval_duration":0,"eval_count":3,"eval_duration":0,"thinking_chars":0,"thinking_detected":false,"outcome":"ok"}
{"event":"deep_research_model_call","step":"queries","think":false,"attempt":1,"wall_ms":0,"load_duration":0,"prompt_eval_count":0,"prompt_eval_duration":0,"eval_count":3,"eval_duration":0,"thinking_chars":0,"thinking_detected":false,"outcome":"ok"}
{"event":"deep_research_model_call","step":"pages","think":false,"attempt":1,"wall_ms":0,"load_duration":0,"prompt_eval_count":0,"prompt_eval_duration":0,"eval_count":3,"eval_duration":0,"thinking_chars":0,"thinking_detected":false,"outcome":"ok"}
{"event":"deep_research_model_call","step":"notes","think":false,"attempt":1,"wall_ms":0,"load_duration":0,"prompt_eval_count":0,"prompt_eval_duration":0,"eval_count":3,"eval_duration":0,"thinking_chars":0,"thinking_detected":false,"outcome":"ok"}
{"event":"deep_research_model_call","step":"queries","think":false,"attempt":1,"wall_ms":0,"load_duration":0,"prompt_eval_count":0,"prompt_eval_duration":0,"eval_count":3,"eval_duration":0,"thinking_chars":0,"thinking_detected":false,"outcome":"ok"}
{"event":"deep_research_model_call","step":"pages","think":false,"attempt":1,"wall_ms":0,"load_duration":0,"prompt_eval_count":0,"prompt_eval_duration":0,"eval_count":3,"eval_duration":0,"thinking_chars":0,"thinking_detected":false,"outcome":"ok"}
{"event":"deep_research_model_call","step":"notes","think":false,"attempt":1,"wall_ms":0,"load_duration":0,"prompt_eval_count":0,"prompt_eval_duration":0,"eval_count":3,"eval_duration":0,"thinking_chars":0,"thinking_detected":false,"outcome":"ok"}
{"event":"deep_research_model_call","step":"notes","think":false,"attempt":1,"wall_ms":0,"load_duration":0,"prompt_eval_count":0,"prompt_eval_duration":0,"eval_count":3,"eval_duration":0,"thinking_chars":0,"thinking_detected":false,"outcome":"ok"}
{"event":"deep_research_model_call","step":"notes","think":false,"attempt":1,"wall_ms":0,"load_duration":0,"prompt_eval_count":0,"prompt_eval_duration":0,"eval_count":3,"eval_duration":0,"thinking_chars":0,"thinking_detected":false,"outcome":"ok"}
{"event":"deep_research_model_call","step":"notes","think":false,"attempt":1,"wall_ms":0,"load_duration":0,"prompt_eval_count":0,"prompt_eval_duration":0,"eval_count":3,"eval_duration":0,"thinking_chars":0,"thinking_detected":false,"outcome":"ok"}
{"event":"deep_research_model_call","step":"write","think":true,"attempt":1,"wall_ms":0,"load_duration":0,"prompt_eval_count":0,"prompt_eval_duration":0,"eval_count":3,"eval_duration":0,"thinking_chars":0,"thinking_detected":false,"outcome":"ok"}
{"event":"deep_research_run_end","notes_kept":6,"pages_read":6,"status":"complete","elapsed_ms":2}
{"event":"deep_research_model_call","step":"brief","think":false,"attempt":1,"wall_ms":0,"load_duration":0,"prompt_eval_count":0,"prompt_eval_duration":0,"eval_count":3,"eval_duration":0,"thinking_chars":0,"thinking_detected":false,"outcome":"ok"}
{"event":"deep_research_model_call","step":"plan","think":true,"attempt":1,"wall_ms":0,"load_duration":0,"prompt_eval_count":0,"prompt_eval_duration":0,"eval_count":3,"eval_duration":0,"thinking_chars":0,"thinking_detected":false,"outcome":"ok"}
{"event":"deep_research_model_call","step":"queries","think":false,"attempt":1,"wall_ms":0,"load_duration":0,"prompt_eval_count":0,"prompt_eval_duration":0,"eval_count":3,"eval_duration":0,"thinking_chars":0,"thinking_detected":false,"outcome":"ok"}
{"event":"deep_research_model_call","step":"pages","think":false,"attempt":1,"wall_ms":0,"load_duration":0,"prompt_eval_count":0,"prompt_eval_duration":0,"eval_count":3,"eval_duration":0,"thinking_chars":0,"thinking_detected":false,"outcome":"ok"}
{"event":"deep_research_model_call","step":"notes","think":false,"attempt":1,"wall_ms":0,"load_duration":0,"prompt_eval_count":0,"prompt_eval_duration":0,"eval_count":3,"eval_duration":0,"thinking_chars":0,"thinking_detected":false,"outcome":"ok"}
{"event":"deep_research_model_call","step":"queries","think":false,"attempt":1,"wall_ms":0,"load_duration":0,"prompt_eval_count":0,"prompt_eval_duration":0,"eval_count":3,"eval_duration":0,"thinking_chars":0,"thinking_detected":false,"outcome":"ok"}
{"event":"deep_research_model_call","step":"pages","think":false,"attempt":1,"wall_ms":0,"load_duration":0,"prompt_eval_count":0,"prompt_eval_duration":0,"eval_count":3,"eval_duration":0,"thinking_chars":0,"thinking_detected":false,"outcome":"ok"}
{"event":"deep_research_model_call","step":"notes","think":false,"attempt":1,"wall_ms":0,"load_duration":0,"prompt_eval_count":0,"prompt_eval_duration":0,"eval_count":3,"eval_duration":0,"thinking_chars":0,"thinking_detected":false,"outcome":"ok"}
{"event":"deep_research_model_call","step":"gap","think":false,"attempt":1,"wall_ms":0,"load_duration":0,"prompt_eval_count":0,"prompt_eval_duration":0,"eval_count":3,"eval_duration":0,"thinking_chars":0,"thinking_detected":false,"outcome":"ok"}
{"event":"deep_research_model_call","step":"gap","think":false,"attempt":1,"wall_ms":0,"load_duration":0,"prompt_eval_count":0,"prompt_eval_duration":0,"eval_count":3,"eval_duration":0,"thinking_chars":0,"thinking_detected":false,"outcome":"ok"}
{"event":"deep_research_model_call","step":"pages","think":false,"attempt":1,"wall_ms":0,"load_duration":0,"prompt_eval_count":0,"prompt_eval_duration":0,"eval_count":3,"eval_duration":0,"thinking_chars":0,"thinking_detected":false,"outcome":"ok"}
{"event":"deep_research_model_call","step":"notes","think":false,"attempt":1,"wall_ms":0,"load_duration":0,"prompt_eval_count":0,"prompt_eval_duration":0,"eval_count":3,"eval_duration":0,"thinking_chars":0,"thinking_detected":false,"outcome":"ok"}
{"event":"deep_research_model_call","step":"gap","think":false,"attempt":1,"wall_ms":0,"load_duration":0,"prompt_eval_count":0,"prompt_eval_duration":0,"eval_count":3,"eval_duration":0,"thinking_chars":0,"thinking_detected":false,"outcome":"ok"}
{"event":"deep_research_model_call","step":"pages","think":false,"attempt":1,"wall_ms":0,"load_duration":0,"prompt_eval_count":0,"prompt_eval_duration":0,"eval_count":3,"eval_duration":0,"thinking_chars":0,"thinking_detected":false,"outcome":"ok"}
{"event":"deep_research_model_call","step":"notes","think":false,"attempt":1,"wall_ms":0,"load_duration":0,"prompt_eval_count":0,"prompt_eval_duration":0,"eval_count":3,"eval_duration":0,"thinking_chars":0,"thinking_detected":false,"outcome":"ok"}
{"event":"deep_research_model_call","step":"gap","think":false,"attempt":1,"wall_ms":0,"load_duration":0,"prompt_eval_count":0,"prompt_eval_duration":0,"eval_count":3,"eval_duration":0,"thinking_chars":0,"thinking_detected":false,"outcome":"ok"}
{"event":"deep_research_model_call","step":"pages","think":false,"attempt":1,"wall_ms":0,"load_duration":0,"prompt_eval_count":0,"prompt_eval_duration":0,"eval_count":3,"eval_duration":0,"thinking_chars":0,"thinking_detected":false,"outcome":"ok"}
{"event":"deep_research_model_call","step":"notes","think":false,"attempt":1,"wall_ms":0,"load_duration":0,"prompt_eval_count":0,"prompt_eval_duration":0,"eval_count":3,"eval_duration":0,"thinking_chars":0,"thinking_detected":false,"outcome":"ok"}
{"event":"deep_research_model_call","step":"write","think":true,"attempt":1,"wall_ms":0,"load_duration":0,"prompt_eval_count":0,"prompt_eval_duration":0,"eval_count":3,"eval_duration":0,"thinking_chars":0,"thinking_detected":false,"outcome":"ok"}
{"event":"deep_research_run_end","notes_kept":5,"pages_read":5,"status":"complete","elapsed_ms":2}
{"event":"deep_research_model_call","step":"brief","think":false,"attempt":1,"wall_ms":4,"load_duration":0,"prompt_eval_count":0,"prompt_eval_duration":0,"eval_count":3,"eval_duration":0,"thinking_chars":0,"thinking_detected":false,"outcome":"ok"}
{"event":"deep_research_model_call","step":"plan","think":true,"attempt":1,"wall_ms":4,"load_duration":0,"prompt_eval_count":0,"prompt_eval_duration":0,"eval_count":3,"eval_duration":0,"thinking_chars":0,"thinking_detected":false,"outcome":"ok"}
{"event":"deep_research_model_call","step":"queries","think":false,"attempt":1,"wall_ms":3,"load_duration":0,"prompt_eval_count":0,"prompt_eval_duration":0,"eval_count":3,"eval_duration":0,"thinking_chars":0,"thinking_detected":false,"outcome":"ok"}
{"event":"deep_research_model_call","step":"pages","think":false,"attempt":1,"wall_ms":3,"load_duration":0,"prompt_eval_count":0,"prompt_eval_duration":0,"eval_count":3,"eval_duration":0,"thinking_chars":0,"thinking_detected":false,"outcome":"ok"}
{"event":"deep_research_model_call","step":"notes","think":false,"attempt":1,"wall_ms":4,"load_duration":0,"prompt_eval_count":0,"prompt_eval_duration":0,"eval_count":3,"eval_duration":0,"thinking_chars":0,"thinking_detected":false,"outcome":"ok"}
{"event":"deep_research_model_call","step":"queries","think":false,"attempt":1,"wall_ms":4,"load_duration":0,"prompt_eval_count":0,"prompt_eval_duration":0,"eval_count":3,"eval_duration":0,"thinking_chars":0,"thinking_detected":false,"outcome":"ok"}
{"event":"deep_research_model_call","step":"pages","think":false,"attempt":1,"wall_ms":4,"load_duration":0,"prompt_eval_count":0,"prompt_eval_duration":0,"eval_count":3,"eval_duration":0,"thinking_chars":0,"thinking_detected":false,"outcome":"ok"}
{"event":"deep_research_model_call","step":"notes","think":false,"attempt":1,"wall_ms":4,"load_duration":0,"prompt_eval_count":0,"prompt_eval_duration":0,"eval_count":3,"eval_duration":0,"thinking_chars":0,"thinking_detected":false,"outcome":"ok"}
{"event":"deep_research_model_call","step":"queries","think":false,"attempt":1,"wall_ms":4,"load_duration":0,"prompt_eval_count":0,"prompt_eval_duration":0,"eval_count":3,"eval_duration":0,"thinking_chars":0,"thinking_detected":false,"outcome":"ok"}
{"event":"deep_research_model_call","step":"pages","think":false,"attempt":1,"wall_ms":4,"load_duration":0,"prompt_eval_count":0,"prompt_eval_duration":0,"eval_count":3,"eval_duration":0,"thinking_chars":0,"thinking_detected":false,"outcome":"ok"}
{"event":"deep_research_model_call","step":"notes","think":false,"attempt":1,"wall_ms":4,"load_duration":0,"prompt_eval_count":0,"prompt_eval_duration":0,"eval_count":3,"eval_duration":0,"thinking_chars":0,"thinking_detected":false,"outcome":"ok"}
{"event":"deep_research_model_call","step":"notes","think":false,"attempt":1,"wall_ms":4,"load_duration":0,"prompt_eval_count":0,"prompt_eval_duration":0,"eval_count":3,"eval_duration":0,"thinking_chars":0,"thinking_detected":false,"outcome":"ok"}
{"event":"deep_research_model_call","step":"notes","think":false,"attempt":1,"wall_ms":4,"load_duration":0,"prompt_eval_count":0,"prompt_eval_duration":0,"eval_count":3,"eval_duration":0,"thinking_chars":0,"thinking_detected":false,"outcome":"ok"}
{"event":"deep_research_model_call","step":"notes","think":false,"attempt":1,"wall_ms":4,"load_duration":0,"prompt_eval_count":0,"prompt_eval_duration":0,"eval_count":3,"eval_duration":0,"thinking_chars":0,"thinking_detected":false,"outcome":"ok"}
{"event":"deep_research_model_call","step":"write","think":true,"attempt":1,"wall_ms":4,"load_duration":0,"prompt_eval_count":0,"prompt_eval_duration":0,"eval_count":3,"eval_duration":0,"thinking_chars":0,"thinking_detected":false,"outcome":"ok"}
{"event":"deep_research_run_end","notes_kept":6,"pages_read":6,"status":"complete","elapsed_ms":429}
{"event":"deep_research_model_call","step":"brief","think":false,"attempt":1,"wall_ms":1,"load_duration":0,"prompt_eval_count":0,"prompt_eval_duration":0,"eval_count":3,"eval_duration":0,"thinking_chars":0,"thinking_detected":false,"outcome":"ok"}
{"event":"deep_research_model_call","step":"plan","think":true,"attempt":1,"wall_ms":0,"load_duration":0,"prompt_eval_count":0,"prompt_eval_duration":0,"eval_count":3,"eval_duration":0,"thinking_chars":0,"thinking_detected":false,"outcome":"ok"}
{"event":"deep_research_model_call","step":"queries","think":false,"attempt":1,"wall_ms":0,"load_duration":0,"prompt_eval_count":0,"prompt_eval_duration":0,"eval_count":3,"eval_duration":0,"thinking_chars":0,"thinking_detected":false,"outcome":"ok"}
{"event":"deep_research_model_call","step":"pages","think":false,"attempt":1,"wall_ms":0,"load_duration":0,"prompt_eval_count":0,"prompt_eval_duration":0,"eval_count":3,"eval_duration":0,"thinking_chars":0,"thinking_detected":false,"outcome":"ok"}
{"event":"deep_research_model_call","step":"notes","think":false,"attempt":1,"wall_ms":0,"load_duration":0,"prompt_eval_count":0,"prompt_eval_duration":0,"eval_count":3,"eval_duration":0,"thinking_chars":0,"thinking_detected":false,"outcome":"ok"}
{"event":"deep_research_model_call","step":"queries","think":false,"attempt":1,"wall_ms":0,"load_duration":0,"prompt_eval_count":0,"prompt_eval_duration":0,"eval_count":3,"eval_duration":0,"thinking_chars":0,"thinking_detected":false,"outcome":"ok"}
{"event":"deep_research_model_call","step":"pages","think":false,"attempt":1,"wall_ms":0,"load_duration":0,"prompt_eval_count":0,"prompt_eval_duration":0,"eval_count":3,"eval_duration":0,"thinking_chars":0,"thinking_detected":false,"outcome":"ok"}
{"event":"deep_research_model_call","step":"write","think":true,"attempt":1,"wall_ms":0,"load_duration":0,"prompt_eval_count":0,"prompt_eval_duration":0,"eval_count":3,"eval_duration":0,"thinking_chars":0,"thinking_detected":false,"outcome":"ok"}
{"event":"deep_research_run_end","notes_kept":1,"pages_read":2,"status":"partial","elapsed_ms":605}
{"event":"deep_research_model_call","step":"brief","think":false,"attempt":1,"wall_ms":1,"load_duration":0,"prompt_eval_count":0,"prompt_eval_duration":0,"eval_count":3,"eval_duration":0,"thinking_chars":0,"thinking_detected":false,"outcome":"ok"}
{"event":"deep_research_model_call","step":"plan","think":true,"attempt":1,"wall_ms":0,"load_duration":0,"prompt_eval_count":0,"prompt_eval_duration":0,"eval_count":3,"eval_duration":0,"thinking_chars":0,"thinking_detected":false,"outcome":"ok"}
{"event":"deep_research_model_call","step":"queries","think":false,"attempt":1,"wall_ms":0,"load_duration":0,"prompt_eval_count":0,"prompt_eval_duration":0,"eval_count":3,"eval_duration":0,"thinking_chars":0,"thinking_detected":false,"outcome":"ok"}
{"event":"deep_research_model_call","step":"pages","think":false,"attempt":1,"wall_ms":0,"load_duration":0,"prompt_eval_count":0,"prompt_eval_duration":0,"eval_count":3,"eval_duration":0,"thinking_chars":0,"thinking_detected":false,"outcome":"ok"}
{"event":"deep_research_model_call","step":"notes","think":false,"attempt":1,"wall_ms":0,"load_duration":0,"prompt_eval_count":0,"prompt_eval_duration":0,"eval_count":3,"eval_duration":0,"thinking_chars":0,"thinking_detected":false,"outcome":"ok"}
{"event":"deep_research_model_call","step":"queries","think":false,"attempt":1,"wall_ms":0,"load_duration":0,"prompt_eval_count":0,"prompt_eval_duration":0,"eval_count":3,"eval_duration":0,"thinking_chars":0,"thinking_detected":false,"outcome":"ok"}
{"event":"deep_research_model_call","step":"pages","think":false,"attempt":1,"wall_ms":0,"load_duration":0,"prompt_eval_count":0,"prompt_eval_duration":0,"eval_count":3,"eval_duration":0,"thinking_chars":0,"thinking_detected":false,"outcome":"ok"}
{"event":"deep_research_model_call","step":"write","think":true,"attempt":1,"wall_ms":0,"load_duration":0,"prompt_eval_count":0,"prompt_eval_duration":0,"eval_count":3,"eval_duration":0,"thinking_chars":0,"thinking_detected":false,"outcome":"ok"}
{"event":"deep_research_run_end","notes_kept":1,"pages_read":1,"status":"partial","elapsed_ms":4}

src/http/deepResearchPlanCount.test.ts:
{"event":"deep_research_run_end","notes_kept":4,"pages_read":6,"status":"complete","elapsed_ms":2}
{"event":"deep_research_run_end","notes_kept":4,"pages_read":6,"status":"complete","elapsed_ms":2}
{"event":"deep_research_run_end","notes_kept":4,"pages_read":6,"status":"complete","elapsed_ms":2}
{"event":"deep_research_run_end","notes_kept":6,"pages_read":6,"status":"complete","elapsed_ms":1}
{"event":"deep_research_run_end","notes_kept":6,"pages_read":6,"status":"complete","elapsed_ms":1}

src/http/deepResearchPrices.test.ts:
{"event":"deep_research_run_end","notes_kept":4,"pages_read":6,"status":"complete","elapsed_ms":2}
{"event":"deep_research_run_end","notes_kept":4,"pages_read":6,"status":"complete","elapsed_ms":1}
{"event":"deep_research_run_end","notes_kept":4,"pages_read":6,"status":"complete","elapsed_ms":1}
{"event":"deep_research_run_end","notes_kept":4,"pages_read":6,"status":"complete","elapsed_ms":1}
{"event":"deep_research_run_end","notes_kept":4,"pages_read":6,"status":"complete","elapsed_ms":1}
{"event":"deep_research_run_end","notes_kept":4,"pages_read":6,"status":"complete","elapsed_ms":1}

src/http/deepResearchResume.test.ts:
{"event":"deep_research_model_call","step":"brief","think":false,"attempt":1,"wall_ms":0,"load_duration":0,"prompt_eval_count":0,"prompt_eval_duration":0,"eval_count":3,"eval_duration":0,"thinking_chars":0,"thinking_detected":false,"outcome":"ok"}
{"event":"deep_research_model_call","step":"plan","think":true,"attempt":1,"wall_ms":0,"load_duration":0,"prompt_eval_count":0,"prompt_eval_duration":0,"eval_count":3,"eval_duration":0,"thinking_chars":0,"thinking_detected":false,"outcome":"ok"}
{"event":"deep_research_model_call","step":"plan","think":false,"attempt":1,"wall_ms":0,"load_duration":0,"prompt_eval_count":0,"prompt_eval_duration":0,"eval_count":3,"eval_duration":0,"thinking_chars":0,"thinking_detected":false,"outcome":"ok"}
{"event":"deep_research_model_call","step":"queries","think":false,"attempt":1,"wall_ms":0,"load_duration":0,"prompt_eval_count":0,"prompt_eval_duration":0,"eval_count":3,"eval_duration":0,"thinking_chars":0,"thinking_detected":false,"outcome":"ok"}
{"event":"deep_research_model_call","step":"pages","think":false,"attempt":1,"wall_ms":0,"load_duration":0,"prompt_eval_count":0,"prompt_eval_duration":0,"eval_count":3,"eval_duration":0,"thinking_chars":0,"thinking_detected":false,"outcome":"ok"}
{"event":"deep_research_model_call","step":"notes","think":false,"attempt":1,"wall_ms":0,"load_duration":0,"prompt_eval_count":0,"prompt_eval_duration":0,"eval_count":3,"eval_duration":0,"thinking_chars":0,"thinking_detected":false,"outcome":"ok"}
{"event":"deep_research_model_call","step":"queries","think":false,"attempt":1,"wall_ms":0,"load_duration":0,"prompt_eval_count":0,"prompt_eval_duration":0,"eval_count":3,"eval_duration":0,"thinking_chars":0,"thinking_detected":false,"outcome":"ok"}
{"event":"deep_research_model_call","step":"queries","think":false,"attempt":1,"wall_ms":0,"load_duration":0,"prompt_eval_count":0,"prompt_eval_duration":0,"eval_count":3,"eval_duration":0,"thinking_chars":0,"thinking_detected":false,"outcome":"ok"}
{"event":"deep_research_model_call","step":"queries","think":false,"attempt":1,"wall_ms":0,"load_duration":0,"prompt_eval_count":0,"prompt_eval_duration":0,"eval_count":3,"eval_duration":0,"thinking_chars":0,"thinking_detected":false,"outcome":"ok"}
{"event":"deep_research_model_call","step":"pages","think":false,"attempt":1,"wall_ms":0,"load_duration":0,"prompt_eval_count":0,"prompt_eval_duration":0,"eval_count":3,"eval_duration":0,"thinking_chars":0,"thinking_detected":false,"outcome":"ok"}
{"event":"deep_research_model_call","step":"notes","think":false,"attempt":1,"wall_ms":0,"load_duration":0,"prompt_eval_count":0,"prompt_eval_duration":0,"eval_count":3,"eval_duration":0,"thinking_chars":0,"thinking_detected":false,"outcome":"ok"}
{"event":"deep_research_model_call","step":"queries","think":false,"attempt":1,"wall_ms":0,"load_duration":0,"prompt_eval_count":0,"prompt_eval_duration":0,"eval_count":3,"eval_duration":0,"thinking_chars":0,"thinking_detected":false,"outcome":"ok"}
{"event":"deep_research_model_call","step":"queries","think":false,"attempt":1,"wall_ms":0,"load_duration":0,"prompt_eval_count":0,"prompt_eval_duration":0,"eval_count":3,"eval_duration":0,"thinking_chars":0,"thinking_detected":false,"outcome":"ok"}
{"event":"deep_research_model_call","step":"queries","think":false,"attempt":1,"wall_ms":1,"load_duration":0,"prompt_eval_count":0,"prompt_eval_duration":0,"eval_count":3,"eval_duration":0,"thinking_chars":0,"thinking_detected":false,"outcome":"ok"}
{"event":"deep_research_model_call","step":"pages","think":false,"attempt":1,"wall_ms":0,"load_duration":0,"prompt_eval_count":0,"prompt_eval_duration":0,"eval_count":3,"eval_duration":0,"thinking_chars":0,"thinking_detected":false,"outcome":"ok"}
{"event":"deep_research_model_call","step":"notes","think":false,"attempt":1,"wall_ms":0,"load_duration":0,"prompt_eval_count":0,"prompt_eval_duration":0,"eval_count":3,"eval_duration":0,"thinking_chars":0,"thinking_detected":false,"outcome":"ok"}
{"event":"deep_research_model_call","step":"notes","think":false,"attempt":1,"wall_ms":0,"load_duration":0,"prompt_eval_count":0,"prompt_eval_duration":0,"eval_count":3,"eval_duration":0,"thinking_chars":0,"thinking_detected":false,"outcome":"ok"}
{"event":"deep_research_model_call","step":"notes","think":false,"attempt":1,"wall_ms":0,"load_duration":0,"prompt_eval_count":0,"prompt_eval_duration":0,"eval_count":3,"eval_duration":0,"thinking_chars":0,"thinking_detected":false,"outcome":"ok"}
{"event":"deep_research_model_call","step":"notes","think":false,"attempt":1,"wall_ms":0,"load_duration":0,"prompt_eval_count":0,"prompt_eval_duration":0,"eval_count":3,"eval_duration":0,"thinking_chars":0,"thinking_detected":false,"outcome":"ok"}
{"event":"deep_research_model_call","step":"write","think":true,"attempt":1,"wall_ms":0,"load_duration":0,"prompt_eval_count":0,"prompt_eval_duration":0,"eval_count":3,"eval_duration":0,"thinking_chars":0,"thinking_detected":false,"outcome":"ok"}
{"event":"deep_research_run_end","notes_kept":4,"pages_read":6,"status":"complete","elapsed_ms":55}
{"event":"deep_research_model_call","step":"brief","think":false,"attempt":1,"wall_ms":0,"load_duration":0,"prompt_eval_count":0,"prompt_eval_duration":0,"eval_count":3,"eval_duration":0,"thinking_chars":0,"thinking_detected":false,"outcome":"ok"}
{"event":"deep_research_model_call","step":"plan","think":true,"attempt":1,"wall_ms":0,"load_duration":0,"prompt_eval_count":0,"prompt_eval_duration":0,"eval_count":3,"eval_duration":0,"thinking_chars":0,"thinking_detected":false,"outcome":"ok"}
{"event":"deep_research_model_call","step":"plan","think":false,"attempt":1,"wall_ms":0,"load_duration":0,"prompt_eval_count":0,"prompt_eval_duration":0,"eval_count":3,"eval_duration":0,"thinking_chars":0,"thinking_detected":false,"outcome":"ok"}
{"event":"deep_research_model_call","step":"queries","think":false,"attempt":1,"wall_ms":0,"load_duration":0,"prompt_eval_count":0,"prompt_eval_duration":0,"eval_count":3,"eval_duration":0,"thinking_chars":0,"thinking_detected":false,"outcome":"ok"}
{"event":"deep_research_model_call","step":"pages","think":false,"attempt":1,"wall_ms":0,"load_duration":0,"prompt_eval_count":0,"prompt_eval_duration":0,"eval_count":3,"eval_duration":0,"thinking_chars":0,"thinking_detected":false,"outcome":"ok"}
{"event":"deep_research_model_call","step":"notes","think":false,"attempt":1,"wall_ms":0,"load_duration":0,"prompt_eval_count":0,"prompt_eval_duration":0,"eval_count":3,"eval_duration":0,"thinking_chars":0,"thinking_detected":false,"outcome":"ok"}
{"event":"deep_research_model_call","step":"queries","think":false,"attempt":1,"wall_ms":0,"load_duration":0,"prompt_eval_count":0,"prompt_eval_duration":0,"eval_count":3,"eval_duration":0,"thinking_chars":0,"thinking_detected":false,"outcome":"ok"}
{"event":"deep_research_model_call","step":"queries","think":false,"attempt":1,"wall_ms":0,"load_duration":0,"prompt_eval_count":0,"prompt_eval_duration":0,"eval_count":3,"eval_duration":0,"thinking_chars":0,"thinking_detected":false,"outcome":"ok"}
{"event":"deep_research_model_call","step":"queries","think":false,"attempt":1,"wall_ms":0,"load_duration":0,"prompt_eval_count":0,"prompt_eval_duration":0,"eval_count":3,"eval_duration":0,"thinking_chars":0,"thinking_detected":false,"outcome":"ok"}
{"event":"deep_research_model_call","step":"pages","think":false,"attempt":1,"wall_ms":0,"load_duration":0,"prompt_eval_count":0,"prompt_eval_duration":0,"eval_count":3,"eval_duration":0,"thinking_chars":0,"thinking_detected":false,"outcome":"ok"}
{"event":"deep_research_model_call","step":"notes","think":false,"attempt":1,"wall_ms":0,"load_duration":0,"prompt_eval_count":0,"prompt_eval_duration":0,"eval_count":3,"eval_duration":0,"thinking_chars":0,"thinking_detected":false,"outcome":"ok"}
{"event":"deep_research_model_call","step":"queries","think":false,"attempt":1,"wall_ms":0,"load_duration":0,"prompt_eval_count":0,"prompt_eval_duration":0,"eval_count":3,"eval_duration":0,"thinking_chars":0,"thinking_detected":false,"outcome":"ok"}
{"event":"deep_research_model_call","step":"queries","think":false,"attempt":1,"wall_ms":0,"load_duration":0,"prompt_eval_count":0,"prompt_eval_duration":0,"eval_count":3,"eval_duration":0,"thinking_chars":0,"thinking_detected":false,"outcome":"ok"}
{"event":"deep_research_model_call","step":"queries","think":false,"attempt":1,"wall_ms":0,"load_duration":0,"prompt_eval_count":0,"prompt_eval_duration":0,"eval_count":3,"eval_duration":0,"thinking_chars":0,"thinking_detected":false,"outcome":"ok"}
{"event":"deep_research_model_call","step":"pages","think":false,"attempt":1,"wall_ms":1,"load_duration":0,"prompt_eval_count":0,"prompt_eval_duration":0,"eval_count":3,"eval_duration":0,"thinking_chars":0,"thinking_detected":false,"outcome":"ok"}
{"event":"deep_research_model_call","step":"notes","think":false,"attempt":1,"wall_ms":0,"load_duration":0,"prompt_eval_count":0,"prompt_eval_duration":0,"eval_count":3,"eval_duration":0,"thinking_chars":0,"thinking_detected":false,"outcome":"ok"}
{"event":"deep_research_model_call","step":"notes","think":false,"attempt":1,"wall_ms":0,"load_duration":0,"prompt_eval_count":0,"prompt_eval_duration":0,"eval_count":3,"eval_duration":0,"thinking_chars":0,"thinking_detected":false,"outcome":"ok"}
{"event":"deep_research_model_call","step":"notes","think":false,"attempt":1,"wall_ms":0,"load_duration":0,"prompt_eval_count":0,"prompt_eval_duration":0,"eval_count":3,"eval_duration":0,"thinking_chars":0,"thinking_detected":false,"outcome":"ok"}
{"event":"deep_research_model_call","step":"notes","think":false,"attempt":1,"wall_ms":0,"load_duration":0,"prompt_eval_count":0,"prompt_eval_duration":0,"eval_count":3,"eval_duration":0,"thinking_chars":0,"thinking_detected":false,"outcome":"ok"}
{"event":"deep_research_model_call","step":"write","think":true,"attempt":1,"wall_ms":0,"load_duration":0,"prompt_eval_count":0,"prompt_eval_duration":0,"eval_count":3,"eval_duration":0,"thinking_chars":0,"thinking_detected":false,"outcome":"ok"}
{"event":"deep_research_run_end","notes_kept":4,"pages_read":6,"status":"complete","elapsed_ms":2}
{"event":"deep_research_model_call","step":"brief","think":false,"attempt":1,"wall_ms":0,"load_duration":0,"prompt_eval_count":0,"prompt_eval_duration":0,"eval_count":3,"eval_duration":0,"thinking_chars":0,"thinking_detected":false,"outcome":"ok"}
{"event":"deep_research_model_call","step":"plan","think":true,"attempt":1,"wall_ms":0,"load_duration":0,"prompt_eval_count":0,"prompt_eval_duration":0,"eval_count":3,"eval_duration":0,"thinking_chars":0,"thinking_detected":false,"outcome":"ok"}
{"event":"deep_research_model_call","step":"plan","think":false,"attempt":1,"wall_ms":0,"load_duration":0,"prompt_eval_count":0,"prompt_eval_duration":0,"eval_count":3,"eval_duration":0,"thinking_chars":0,"thinking_detected":false,"outcome":"ok"}
{"event":"deep_research_model_call","step":"queries","think":false,"attempt":1,"wall_ms":0,"load_duration":0,"prompt_eval_count":0,"prompt_eval_duration":0,"eval_count":3,"eval_duration":0,"thinking_chars":0,"thinking_detected":false,"outcome":"ok"}
{"event":"deep_research_model_call","step":"pages","think":false,"attempt":1,"wall_ms":0,"load_duration":0,"prompt_eval_count":0,"prompt_eval_duration":0,"eval_count":3,"eval_duration":0,"thinking_chars":0,"thinking_detected":false,"outcome":"ok"}

src/http/deepResearch.test.ts:
{"event":"deep_research_model_call","step":"brief","think":false,"attempt":1,"wall_ms":0,"load_duration":0,"prompt_eval_count":0,"prompt_eval_duration":0,"eval_count":3,"eval_duration":0,"thinking_chars":0,"thinking_detected":false,"outcome":"ok"}
{"event":"deep_research_model_call","step":"plan","think":true,"attempt":1,"wall_ms":0,"load_duration":0,"prompt_eval_count":0,"prompt_eval_duration":0,"eval_count":3,"eval_duration":0,"thinking_chars":0,"thinking_detected":false,"outcome":"ok"}
{"event":"deep_research_model_call","step":"plan","think":false,"attempt":1,"wall_ms":0,"load_duration":0,"prompt_eval_count":0,"prompt_eval_duration":0,"eval_count":3,"eval_duration":0,"thinking_chars":0,"thinking_detected":false,"outcome":"ok"}
{"event":"deep_research_model_call","step":"queries","think":false,"attempt":1,"wall_ms":0,"load_duration":0,"prompt_eval_count":0,"prompt_eval_duration":0,"eval_count":3,"eval_duration":0,"thinking_chars":0,"thinking_detected":false,"outcome":"ok"}
{"event":"deep_research_model_call","step":"pages","think":false,"attempt":1,"wall_ms":1,"load_duration":0,"prompt_eval_count":0,"prompt_eval_duration":0,"eval_count":3,"eval_duration":0,"thinking_chars":0,"thinking_detected":false,"outcome":"ok"}
{"event":"deep_research_model_call","step":"notes","think":false,"attempt":1,"wall_ms":0,"load_duration":0,"prompt_eval_count":0,"prompt_eval_duration":0,"eval_count":3,"eval_duration":0,"thinking_chars":0,"thinking_detected":false,"outcome":"ok"}
{"event":"deep_research_model_call","step":"queries","think":false,"attempt":1,"wall_ms":0,"load_duration":0,"prompt_eval_count":0,"prompt_eval_duration":0,"eval_count":3,"eval_duration":0,"thinking_chars":0,"thinking_detected":false,"outcome":"ok"}
{"event":"deep_research_model_call","step":"queries","think":false,"attempt":1,"wall_ms":0,"load_duration":0,"prompt_eval_count":0,"prompt_eval_duration":0,"eval_count":3,"eval_duration":0,"thinking_chars":0,"thinking_detected":false,"outcome":"ok"}
{"event":"deep_research_model_call","step":"queries","think":false,"attempt":1,"wall_ms":0,"load_duration":0,"prompt_eval_count":0,"prompt_eval_duration":0,"eval_count":3,"eval_duration":0,"thinking_chars":0,"thinking_detected":false,"outcome":"ok"}
{"event":"deep_research_model_call","step":"pages","think":false,"attempt":1,"wall_ms":0,"load_duration":0,"prompt_eval_count":0,"prompt_eval_duration":0,"eval_count":3,"eval_duration":0,"thinking_chars":0,"thinking_detected":false,"outcome":"ok"}
{"event":"deep_research_model_call","step":"notes","think":false,"attempt":1,"wall_ms":0,"load_duration":0,"prompt_eval_count":0,"prompt_eval_duration":0,"eval_count":3,"eval_duration":0,"thinking_chars":0,"thinking_detected":false,"outcome":"ok"}
{"event":"deep_research_model_call","step":"queries","think":false,"attempt":1,"wall_ms":0,"load_duration":0,"prompt_eval_count":0,"prompt_eval_duration":0,"eval_count":3,"eval_duration":0,"thinking_chars":0,"thinking_detected":false,"outcome":"ok"}
{"event":"deep_research_model_call","step":"queries","think":false,"attempt":1,"wall_ms":0,"load_duration":0,"prompt_eval_count":0,"prompt_eval_duration":0,"eval_count":3,"eval_duration":0,"thinking_chars":0,"thinking_detected":false,"outcome":"ok"}
{"event":"deep_research_model_call","step":"queries","think":false,"attempt":1,"wall_ms":0,"load_duration":0,"prompt_eval_count":0,"prompt_eval_duration":0,"eval_count":3,"eval_duration":0,"thinking_chars":0,"thinking_detected":false,"outcome":"ok"}
{"event":"deep_research_model_call","step":"pages","think":false,"attempt":1,"wall_ms":0,"load_duration":0,"prompt_eval_count":0,"prompt_eval_duration":0,"eval_count":3,"eval_duration":0,"thinking_chars":0,"thinking_detected":false,"outcome":"ok"}
{"event":"deep_research_model_call","step":"notes","think":false,"attempt":1,"wall_ms":0,"load_duration":0,"prompt_eval_count":0,"prompt_eval_duration":0,"eval_count":3,"eval_duration":0,"thinking_chars":0,"thinking_detected":false,"outcome":"ok"}
{"event":"deep_research_model_call","step":"notes","think":false,"attempt":1,"wall_ms":0,"load_duration":0,"prompt_eval_count":0,"prompt_eval_duration":0,"eval_count":3,"eval_duration":0,"thinking_chars":0,"thinking_detected":false,"outcome":"ok"}
{"event":"deep_research_model_call","step":"notes","think":false,"attempt":1,"wall_ms":1,"load_duration":0,"prompt_eval_count":0,"prompt_eval_duration":0,"eval_count":3,"eval_duration":0,"thinking_chars":0,"thinking_detected":false,"outcome":"ok"}
{"event":"deep_research_model_call","step":"notes","think":false,"attempt":1,"wall_ms":0,"load_duration":0,"prompt_eval_count":0,"prompt_eval_duration":0,"eval_count":3,"eval_duration":0,"thinking_chars":0,"thinking_detected":false,"outcome":"ok"}
{"event":"deep_research_model_call","step":"write","think":true,"attempt":1,"wall_ms":0,"load_duration":0,"prompt_eval_count":0,"prompt_eval_duration":0,"eval_count":3,"eval_duration":0,"thinking_chars":0,"thinking_detected":false,"outcome":"ok"}
{"event":"deep_research_run_end","notes_kept":4,"pages_read":6,"status":"complete","elapsed_ms":4}
{"event":"deep_research_model_call","step":"brief","think":false,"attempt":1,"wall_ms":0,"load_duration":0,"prompt_eval_count":0,"prompt_eval_duration":0,"eval_count":3,"eval_duration":0,"thinking_chars":0,"thinking_detected":false,"outcome":"ok"}
{"event":"deep_research_model_call","step":"plan","think":true,"attempt":1,"wall_ms":1,"load_duration":0,"prompt_eval_count":0,"prompt_eval_duration":0,"eval_count":3,"eval_duration":0,"thinking_chars":0,"thinking_detected":false,"outcome":"ok"}
{"event":"deep_research_model_call","step":"plan","think":false,"attempt":1,"wall_ms":0,"load_duration":0,"prompt_eval_count":0,"prompt_eval_duration":0,"eval_count":3,"eval_duration":0,"thinking_chars":0,"thinking_detected":false,"outcome":"ok"}
{"event":"deep_research_model_call","step":"queries","think":false,"attempt":1,"wall_ms":0,"load_duration":0,"prompt_eval_count":0,"prompt_eval_duration":0,"eval_count":3,"eval_duration":0,"thinking_chars":0,"thinking_detected":false,"outcome":"ok"}
{"event":"deep_research_model_call","step":"pages","think":false,"attempt":1,"wall_ms":0,"load_duration":0,"prompt_eval_count":0,"prompt_eval_duration":0,"eval_count":3,"eval_duration":0,"thinking_chars":0,"thinking_detected":false,"outcome":"ok"}
{"event":"deep_research_model_call","step":"notes","think":false,"attempt":1,"wall_ms":0,"load_duration":0,"prompt_eval_count":0,"prompt_eval_duration":0,"eval_count":3,"eval_duration":0,"thinking_chars":0,"thinking_detected":false,"outcome":"ok"}
{"event":"deep_research_model_call","step":"queries","think":false,"attempt":1,"wall_ms":0,"load_duration":0,"prompt_eval_count":0,"prompt_eval_duration":0,"eval_count":3,"eval_duration":0,"thinking_chars":0,"thinking_detected":false,"outcome":"ok"}
{"event":"deep_research_model_call","step":"queries","think":false,"attempt":1,"wall_ms":0,"load_duration":0,"prompt_eval_count":0,"prompt_eval_duration":0,"eval_count":3,"eval_duration":0,"thinking_chars":0,"thinking_detected":false,"outcome":"ok"}
{"event":"deep_research_model_call","step":"queries","think":false,"attempt":1,"wall_ms":0,"load_duration":0,"prompt_eval_count":0,"prompt_eval_duration":0,"eval_count":3,"eval_duration":0,"thinking_chars":0,"thinking_detected":false,"outcome":"ok"}
{"event":"deep_research_model_call","step":"write","think":true,"attempt":1,"wall_ms":0,"load_duration":0,"prompt_eval_count":0,"prompt_eval_duration":0,"eval_count":3,"eval_duration":0,"thinking_chars":0,"thinking_detected":false,"outcome":"ok"}
{"event":"deep_research_run_end","notes_kept":1,"pages_read":2,"status":"partial","elapsed_ms":708}
{"event":"deep_research_model_call","step":"brief","think":false,"attempt":1,"wall_ms":0,"load_duration":0,"prompt_eval_count":0,"prompt_eval_duration":0,"eval_count":3,"eval_duration":0,"thinking_chars":0,"thinking_detected":false,"outcome":"ok"}
{"event":"deep_research_model_call","step":"plan","think":true,"attempt":1,"wall_ms":0,"load_duration":0,"prompt_eval_count":0,"prompt_eval_duration":0,"eval_count":3,"eval_duration":0,"thinking_chars":0,"thinking_detected":false,"outcome":"ok"}
{"event":"deep_research_model_call","step":"plan","think":false,"attempt":1,"wall_ms":0,"load_duration":0,"prompt_eval_count":0,"prompt_eval_duration":0,"eval_count":3,"eval_duration":0,"thinking_chars":0,"thinking_detected":false,"outcome":"ok"}
{"event":"deep_research_model_call","step":"queries","think":false,"attempt":1,"wall_ms":0,"load_duration":0,"prompt_eval_count":0,"prompt_eval_duration":0,"eval_count":3,"eval_duration":0,"thinking_chars":0,"thinking_detected":false,"outcome":"ok"}
{"event":"deep_research_model_call","step":"queries","think":false,"attempt":1,"wall_ms":0,"load_duration":0,"prompt_eval_count":0,"prompt_eval_duration":0,"eval_count":3,"eval_duration":0,"thinking_chars":0,"thinking_detected":false,"outcome":"ok"}
{"event":"deep_research_model_call","step":"queries","think":false,"attempt":1,"wall_ms":0,"load_duration":0,"prompt_eval_count":0,"prompt_eval_duration":0,"eval_count":3,"eval_duration":0,"thinking_chars":0,"thinking_detected":false,"outcome":"ok"}
{"event":"deep_research_model_call","step":"queries","think":false,"attempt":1,"wall_ms":0,"load_duration":0,"prompt_eval_count":0,"prompt_eval_duration":0,"eval_count":3,"eval_duration":0,"thinking_chars":0,"thinking_detected":false,"outcome":"ok"}
{"event":"deep_research_model_call","step":"queries","think":false,"attempt":1,"wall_ms":1,"load_duration":0,"prompt_eval_count":0,"prompt_eval_duration":0,"eval_count":3,"eval_duration":0,"thinking_chars":0,"thinking_detected":false,"outcome":"ok"}
{"event":"deep_research_model_call","step":"queries","think":false,"attempt":1,"wall_ms":0,"load_duration":0,"prompt_eval_count":0,"prompt_eval_duration":0,"eval_count":3,"eval_duration":0,"thinking_chars":0,"thinking_detected":false,"outcome":"ok"}
{"event":"deep_research_model_call","step":"queries","think":false,"attempt":1,"wall_ms":0,"load_duration":0,"prompt_eval_count":0,"prompt_eval_duration":0,"eval_count":3,"eval_duration":0,"thinking_chars":0,"thinking_detected":false,"outcome":"ok"}
{"event":"deep_research_model_call","step":"gap","think":false,"attempt":1,"wall_ms":0,"load_duration":0,"prompt_eval_count":0,"prompt_eval_duration":0,"eval_count":3,"eval_duration":0,"thinking_chars":0,"thinking_detected":false,"outcome":"ok"}
{"event":"deep_research_model_call","step":"gap","think":false,"attempt":1,"wall_ms":0,"load_duration":0,"prompt_eval_count":0,"prompt_eval_duration":0,"eval_count":3,"eval_duration":0,"thinking_chars":0,"thinking_detected":false,"outcome":"ok"}
{"event":"deep_research_run_end","notes_kept":0,"pages_read":0,"status":"failed","elapsed_ms":2}
{"event":"deep_research_model_call","step":"brief","think":false,"attempt":1,"wall_ms":1,"load_duration":0,"prompt_eval_count":0,"prompt_eval_duration":0,"eval_count":3,"eval_duration":0,"thinking_chars":0,"thinking_detected":false,"outcome":"ok"}
{"event":"deep_research_model_call","step":"plan","think":true,"attempt":1,"wall_ms":0,"load_duration":0,"prompt_eval_count":0,"prompt_eval_duration":0,"eval_count":3,"eval_duration":0,"thinking_chars":0,"thinking_detected":false,"outcome":"ok"}
{"event":"deep_research_model_call","step":"plan","think":false,"attempt":1,"wall_ms":0,"load_duration":0,"prompt_eval_count":0,"prompt_eval_duration":0,"eval_count":3,"eval_duration":0,"thinking_chars":0,"thinking_detected":false,"outcome":"ok"}
{"event":"deep_research_model_call","step":"queries","think":false,"attempt":1,"wall_ms":0,"load_duration":0,"prompt_eval_count":0,"prompt_eval_duration":0,"eval_count":3,"eval_duration":0,"thinking_chars":0,"thinking_detected":false,"outcome":"ok"}
{"event":"deep_research_run_end","notes_kept":0,"pages_read":0,"status":"failed","elapsed_ms":603}
{"event":"deep_research_model_call","step":"brief","think":false,"attempt":1,"wall_ms":0,"load_duration":0,"prompt_eval_count":0,"prompt_eval_duration":0,"eval_count":3,"eval_duration":0,"thinking_chars":0,"thinking_detected":false,"outcome":"ok"}
{"event":"deep_research_model_call","step":"plan","think":true,"attempt":1,"wall_ms":1,"load_duration":0,"prompt_eval_count":0,"prompt_eval_duration":0,"eval_count":3,"eval_duration":0,"thinking_chars":0,"thinking_detected":false,"outcome":"ok"}
{"event":"deep_research_model_call","step":"plan","think":false,"attempt":1,"wall_ms":0,"load_duration":0,"prompt_eval_count":0,"prompt_eval_duration":0,"eval_count":3,"eval_duration":0,"thinking_chars":0,"thinking_detected":false,"outcome":"ok"}
{"event":"deep_research_model_call","step":"queries","think":false,"attempt":1,"wall_ms":0,"load_duration":0,"prompt_eval_count":0,"prompt_eval_duration":0,"eval_count":3,"eval_duration":0,"thinking_chars":0,"thinking_detected":false,"outcome":"ok"}
{"event":"deep_research_model_call","step":"pages","think":false,"attempt":1,"wall_ms":0,"load_duration":0,"prompt_eval_count":0,"prompt_eval_duration":0,"eval_count":3,"eval_duration":0,"thinking_chars":0,"thinking_detected":false,"outcome":"ok"}
{"event":"deep_research_model_call","step":"notes","think":false,"attempt":1,"wall_ms":0,"load_duration":0,"prompt_eval_count":0,"prompt_eval_duration":0,"eval_count":3,"eval_duration":0,"thinking_chars":0,"thinking_detected":false,"outcome":"ok"}
{"event":"deep_research_model_call","step":"queries","think":false,"attempt":1,"wall_ms":0,"load_duration":0,"prompt_eval_count":0,"prompt_eval_duration":0,"eval_count":3,"eval_duration":0,"thinking_chars":0,"thinking_detected":false,"outcome":"ok"}
{"event":"deep_research_model_call","step":"queries","think":false,"attempt":1,"wall_ms":0,"load_duration":0,"prompt_eval_count":0,"prompt_eval_duration":0,"eval_count":3,"eval_duration":0,"thinking_chars":0,"thinking_detected":false,"outcome":"ok"}
{"event":"deep_research_model_call","step":"queries","think":false,"attempt":1,"wall_ms":0,"load_duration":0,"prompt_eval_count":0,"prompt_eval_duration":0,"eval_count":3,"eval_duration":0,"thinking_chars":0,"thinking_detected":false,"outcome":"ok"}
{"event":"deep_research_model_call","step":"pages","think":false,"attempt":1,"wall_ms":0,"load_duration":0,"prompt_eval_count":0,"prompt_eval_duration":0,"eval_count":3,"eval_duration":0,"thinking_chars":0,"thinking_detected":false,"outcome":"ok"}
{"event":"deep_research_model_call","step":"write","think":true,"attempt":1,"wall_ms":1,"load_duration":0,"prompt_eval_count":0,"prompt_eval_duration":0,"eval_count":3,"eval_duration":0,"thinking_chars":0,"thinking_detected":false,"outcome":"ok"}
{"event":"deep_research_run_end","notes_kept":1,"pages_read":1,"status":"partial","elapsed_ms":605}
{"event":"deep_research_model_call","step":"brief","think":false,"attempt":1,"wall_ms":602,"load_duration":null,"prompt_eval_count":null,"prompt_eval_duration":null,"eval_count":null,"eval_duration":null,"thinking_chars":0,"thinking_detected":false,"outcome":"aborted"}
{"event":"deep_research_model_call","step":"write","think":true,"attempt":1,"wall_ms":0,"load_duration":0,"prompt_eval_count":0,"prompt_eval_duration":0,"eval_count":3,"eval_duration":0,"thinking_chars":0,"thinking_detected":false,"outcome":"ok"}
{"event":"deep_research_run_end","notes_kept":0,"pages_read":0,"status":"partial","elapsed_ms":602}
{"event":"deep_research_model_call","step":"brief","think":false,"attempt":1,"wall_ms":1,"load_duration":0,"prompt_eval_count":0,"prompt_eval_duration":0,"eval_count":3,"eval_duration":0,"thinking_chars":0,"thinking_detected":false,"outcome":"ok"}
{"event":"deep_research_model_call","step":"plan","think":true,"attempt":1,"wall_ms":0,"load_duration":0,"prompt_eval_count":0,"prompt_eval_duration":0,"eval_count":3,"eval_duration":0,"thinking_chars":0,"thinking_detected":false,"outcome":"ok"}
{"event":"deep_research_model_call","step":"plan","think":false,"attempt":1,"wall_ms":0,"load_duration":0,"prompt_eval_count":0,"prompt_eval_duration":0,"eval_count":3,"eval_duration":0,"thinking_chars":0,"thinking_detected":false,"outcome":"ok"}
{"event":"deep_research_model_call","step":"queries","think":false,"attempt":1,"wall_ms":0,"load_duration":0,"prompt_eval_count":0,"prompt_eval_duration":0,"eval_count":3,"eval_duration":0,"thinking_chars":0,"thinking_detected":false,"outcome":"ok"}
{"event":"deep_research_model_call","step":"pages","think":false,"attempt":1,"wall_ms":0,"load_duration":0,"prompt_eval_count":0,"prompt_eval_duration":0,"eval_count":3,"eval_duration":0,"thinking_chars":0,"thinking_detected":false,"outcome":"ok"}
{"event":"deep_research_model_call","step":"notes","think":false,"attempt":1,"wall_ms":0,"load_duration":0,"prompt_eval_count":0,"prompt_eval_duration":0,"eval_count":3,"eval_duration":0,"thinking_chars":0,"thinking_detected":false,"outcome":"ok"}
{"event":"deep_research_model_call","step":"queries","think":false,"attempt":1,"wall_ms":0,"load_duration":0,"prompt_eval_count":0,"prompt_eval_duration":0,"eval_count":3,"eval_duration":0,"thinking_chars":0,"thinking_detected":false,"outcome":"ok"}
{"event":"deep_research_model_call","step":"queries","think":false,"attempt":1,"wall_ms":0,"load_duration":0,"prompt_eval_count":0,"prompt_eval_duration":0,"eval_count":3,"eval_duration":0,"thinking_chars":0,"thinking_detected":false,"outcome":"ok"}
{"event":"deep_research_model_call","step":"queries","think":false,"attempt":1,"wall_ms":0,"load_duration":0,"prompt_eval_count":0,"prompt_eval_duration":0,"eval_count":3,"eval_duration":0,"thinking_chars":0,"thinking_detected":false,"outcome":"ok"}
{"event":"deep_research_model_call","step":"pages","think":false,"attempt":1,"wall_ms":0,"load_duration":0,"prompt_eval_count":0,"prompt_eval_duration":0,"eval_count":3,"eval_duration":0,"thinking_chars":0,"thinking_detected":false,"outcome":"ok"}
{"event":"deep_research_model_call","step":"notes","think":false,"attempt":1,"wall_ms":1,"load_duration":0,"prompt_eval_count":0,"prompt_eval_duration":0,"eval_count":3,"eval_duration":0,"thinking_chars":0,"thinking_detected":false,"outcome":"ok"}
{"event":"deep_research_model_call","step":"queries","think":false,"attempt":1,"wall_ms":0,"load_duration":0,"prompt_eval_count":0,"prompt_eval_duration":0,"eval_count":3,"eval_duration":0,"thinking_chars":0,"thinking_detected":false,"outcome":"ok"}
{"event":"deep_research_model_call","step":"queries","think":false,"attempt":1,"wall_ms":0,"load_duration":0,"prompt_eval_count":0,"prompt_eval_duration":0,"eval_count":3,"eval_duration":0,"thinking_chars":0,"thinking_detected":false,"outcome":"ok"}
{"event":"deep_research_model_call","step":"queries","think":false,"attempt":1,"wall_ms":0,"load_duration":0,"prompt_eval_count":0,"prompt_eval_duration":0,"eval_count":3,"eval_duration":0,"thinking_chars":0,"thinking_detected":false,"outcome":"ok"}
{"event":"deep_research_model_call","step":"pages","think":false,"attempt":1,"wall_ms":0,"load_duration":0,"prompt_eval_count":0,"prompt_eval_duration":0,"eval_count":3,"eval_duration":0,"thinking_chars":0,"thinking_detected":false,"outcome":"ok"}
{"event":"deep_research_model_call","step":"notes","think":false,"attempt":1,"wall_ms":0,"load_duration":0,"prompt_eval_count":0,"prompt_eval_duration":0,"eval_count":3,"eval_duration":0,"thinking_chars":0,"thinking_detected":false,"outcome":"ok"}
{"event":"deep_research_model_call","step":"notes","think":false,"attempt":1,"wall_ms":0,"load_duration":0,"prompt_eval_count":0,"prompt_eval_duration":0,"eval_count":3,"eval_duration":0,"thinking_chars":0,"thinking_detected":false,"outcome":"ok"}
{"event":"deep_research_model_call","step":"notes","think":false,"attempt":1,"wall_ms":0,"load_duration":0,"prompt_eval_count":0,"prompt_eval_duration":0,"eval_count":3,"eval_duration":0,"thinking_chars":0,"thinking_detected":false,"outcome":"ok"}
{"event":"deep_research_model_call","step":"notes","think":false,"attempt":1,"wall_ms":0,"load_duration":0,"prompt_eval_count":0,"prompt_eval_duration":0,"eval_count":3,"eval_duration":0,"thinking_chars":0,"thinking_detected":false,"outcome":"ok"}
{"event":"deep_research_model_call","step":"write","think":true,"attempt":1,"wall_ms":800,"load_duration":null,"prompt_eval_count":null,"prompt_eval_duration":null,"eval_count":null,"eval_duration":null,"thinking_chars":0,"thinking_detected":false,"outcome":"aborted"}
{"event":"deep_research_run_end","notes_kept":4,"pages_read":6,"status":"partial","elapsed_ms":803}
{"event":"deep_research_model_call","step":"brief","think":false,"attempt":1,"wall_ms":0,"load_duration":0,"prompt_eval_count":0,"prompt_eval_duration":0,"eval_count":3,"eval_duration":0,"thinking_chars":0,"thinking_detected":false,"outcome":"ok"}
{"event":"deep_research_model_call","step":"plan","think":true,"attempt":1,"wall_ms":0,"load_duration":0,"prompt_eval_count":0,"prompt_eval_duration":0,"eval_count":3,"eval_duration":0,"thinking_chars":0,"thinking_detected":false,"outcome":"ok"}
{"event":"deep_research_model_call","step":"plan","think":false,"attempt":1,"wall_ms":0,"load_duration":0,"prompt_eval_count":0,"prompt_eval_duration":0,"eval_count":3,"eval_duration":0,"thinking_chars":0,"thinking_detected":false,"outcome":"ok"}
{"event":"deep_research_model_call","step":"queries","think":false,"attempt":1,"wall_ms":0,"load_duration":0,"prompt_eval_count":0,"prompt_eval_duration":0,"eval_count":3,"eval_duration":0,"thinking_chars":0,"thinking_detected":false,"outcome":"ok"}

src/http/deepResearchModelCalls.test.ts:
{"event":"deep_research_run_end","notes_kept":6,"pages_read":6,"status":"complete","elapsed_ms":1}
{"event":"deep_research_run_end","notes_kept":6,"pages_read":6,"status":"complete","elapsed_ms":1}
{"event":"deep_research_run_end","notes_kept":6,"pages_read":6,"status":"complete","elapsed_ms":1}
{"event":"deep_research_run_end","notes_kept":6,"pages_read":6,"status":"complete","elapsed_ms":1}
{"event":"deep_research_run_end","notes_kept":6,"pages_read":6,"status":"complete","elapsed_ms":1}
{"event":"deep_research_run_end","notes_kept":6,"pages_read":6,"status":"complete","elapsed_ms":1}
{"event":"deep_research_run_end","notes_kept":6,"pages_read":6,"status":"complete","elapsed_ms":1}
{"event":"deep_research_run_end","notes_kept":6,"pages_read":6,"status":"complete","elapsed_ms":104}
{"event":"deep_research_run_end","notes_kept":6,"pages_read":6,"status":"complete","elapsed_ms":376}
{"event":"deep_research_run_end","notes_kept":6,"pages_read":6,"status":"complete","elapsed_ms":106}
{"event":"deep_research_run_end","notes_kept":6,"pages_read":6,"status":"complete","elapsed_ms":104}
{"event":"deep_research_run_end","notes_kept":6,"pages_read":6,"status":"partial","elapsed_ms":105}
{"event":"deep_research_run_end","notes_kept":6,"pages_read":6,"status":"complete","elapsed_ms":166}
{"event":"deep_research_run_end","notes_kept":4,"pages_read":6,"status":"complete","elapsed_ms":103}

src/http/deepResearchPartialNotes.test.ts:
{"event":"deep_research_model_call","step":"brief","think":false,"attempt":1,"wall_ms":0,"load_duration":0,"prompt_eval_count":0,"prompt_eval_duration":0,"eval_count":3,"eval_duration":0,"thinking_chars":0,"thinking_detected":false,"outcome":"ok"}
{"event":"deep_research_model_call","step":"plan","think":true,"attempt":1,"wall_ms":0,"load_duration":0,"prompt_eval_count":0,"prompt_eval_duration":0,"eval_count":3,"eval_duration":0,"thinking_chars":0,"thinking_detected":false,"outcome":"ok"}
{"event":"deep_research_model_call","step":"plan","think":false,"attempt":1,"wall_ms":0,"load_duration":0,"prompt_eval_count":0,"prompt_eval_duration":0,"eval_count":3,"eval_duration":0,"thinking_chars":0,"thinking_detected":false,"outcome":"ok"}
{"event":"deep_research_model_call","step":"queries","think":false,"attempt":1,"wall_ms":0,"load_duration":0,"prompt_eval_count":0,"prompt_eval_duration":0,"eval_count":3,"eval_duration":0,"thinking_chars":0,"thinking_detected":false,"outcome":"ok"}
{"event":"deep_research_model_call","step":"pages","think":false,"attempt":1,"wall_ms":0,"load_duration":0,"prompt_eval_count":0,"prompt_eval_duration":0,"eval_count":3,"eval_duration":0,"thinking_chars":0,"thinking_detected":false,"outcome":"ok"}
{"event":"deep_research_model_call","step":"notes","think":false,"attempt":1,"wall_ms":601,"load_duration":null,"prompt_eval_count":null,"prompt_eval_duration":null,"eval_count":null,"eval_duration":null,"thinking_chars":0,"thinking_detected":false,"outcome":"aborted"}
{"event":"deep_research_model_call","step":"write","think":true,"attempt":1,"wall_ms":0,"load_duration":0,"prompt_eval_count":0,"prompt_eval_duration":0,"eval_count":3,"eval_duration":0,"thinking_chars":0,"thinking_detected":false,"outcome":"ok"}
{"event":"deep_research_run_end","notes_kept":1,"pages_read":1,"status":"partial","elapsed_ms":604}
{"event":"deep_research_model_call","step":"brief","think":false,"attempt":1,"wall_ms":0,"load_duration":0,"prompt_eval_count":0,"prompt_eval_duration":0,"eval_count":3,"eval_duration":0,"thinking_chars":0,"thinking_detected":false,"outcome":"ok"}
{"event":"deep_research_model_call","step":"plan","think":true,"attempt":1,"wall_ms":0,"load_duration":0,"prompt_eval_count":0,"prompt_eval_duration":0,"eval_count":3,"eval_duration":0,"thinking_chars":0,"thinking_detected":false,"outcome":"ok"}
{"event":"deep_research_model_call","step":"plan","think":false,"attempt":1,"wall_ms":0,"load_duration":0,"prompt_eval_count":0,"prompt_eval_duration":0,"eval_count":3,"eval_duration":0,"thinking_chars":0,"thinking_detected":false,"outcome":"ok"}
{"event":"deep_research_model_call","step":"queries","think":false,"attempt":1,"wall_ms":0,"load_duration":0,"prompt_eval_count":0,"prompt_eval_duration":0,"eval_count":3,"eval_duration":0,"thinking_chars":0,"thinking_detected":false,"outcome":"ok"}
{"event":"deep_research_model_call","step":"pages","think":false,"attempt":1,"wall_ms":0,"load_duration":0,"prompt_eval_count":0,"prompt_eval_duration":0,"eval_count":3,"eval_duration":0,"thinking_chars":0,"thinking_detected":false,"outcome":"ok"}
{"event":"deep_research_model_call","step":"notes","think":false,"attempt":1,"wall_ms":601,"load_duration":null,"prompt_eval_count":null,"prompt_eval_duration":null,"eval_count":null,"eval_duration":null,"thinking_chars":0,"thinking_detected":false,"outcome":"aborted"}
{"event":"deep_research_run_end","notes_kept":0,"pages_read":1,"status":"failed","elapsed_ms":604}
{"event":"deep_research_model_call","step":"brief","think":false,"attempt":1,"wall_ms":1,"load_duration":0,"prompt_eval_count":0,"prompt_eval_duration":0,"eval_count":3,"eval_duration":0,"thinking_chars":0,"thinking_detected":false,"outcome":"ok"}
{"event":"deep_research_model_call","step":"plan","think":true,"attempt":1,"wall_ms":0,"load_duration":0,"prompt_eval_count":0,"prompt_eval_duration":0,"eval_count":3,"eval_duration":0,"thinking_chars":0,"thinking_detected":false,"outcome":"ok"}
{"event":"deep_research_model_call","step":"plan","think":false,"attempt":1,"wall_ms":0,"load_duration":0,"prompt_eval_count":0,"prompt_eval_duration":0,"eval_count":3,"eval_duration":0,"thinking_chars":0,"thinking_detected":false,"outcome":"ok"}
{"event":"deep_research_model_call","step":"queries","think":false,"attempt":1,"wall_ms":0,"load_duration":0,"prompt_eval_count":0,"prompt_eval_duration":0,"eval_count":3,"eval_duration":0,"thinking_chars":0,"thinking_detected":false,"outcome":"ok"}
{"event":"deep_research_model_call","step":"pages","think":false,"attempt":1,"wall_ms":0,"load_duration":0,"prompt_eval_count":0,"prompt_eval_duration":0,"eval_count":3,"eval_duration":0,"thinking_chars":0,"thinking_detected":false,"outcome":"ok"}
{"event":"deep_research_model_call","step":"notes","think":false,"attempt":1,"wall_ms":0,"load_duration":0,"prompt_eval_count":0,"prompt_eval_duration":0,"eval_count":3,"eval_duration":0,"thinking_chars":0,"thinking_detected":false,"outcome":"ok"}
{"event":"deep_research_model_call","step":"queries","think":false,"attempt":1,"wall_ms":0,"load_duration":0,"prompt_eval_count":0,"prompt_eval_duration":0,"eval_count":3,"eval_duration":0,"thinking_chars":0,"thinking_detected":false,"outcome":"ok"}
{"event":"deep_research_model_call","step":"queries","think":false,"attempt":1,"wall_ms":0,"load_duration":0,"prompt_eval_count":0,"prompt_eval_duration":0,"eval_count":3,"eval_duration":0,"thinking_chars":0,"thinking_detected":false,"outcome":"ok"}
{"event":"deep_research_model_call","step":"queries","think":false,"attempt":1,"wall_ms":0,"load_duration":0,"prompt_eval_count":0,"prompt_eval_duration":0,"eval_count":3,"eval_duration":0,"thinking_chars":0,"thinking_detected":false,"outcome":"ok"}
{"event":"deep_research_model_call","step":"pages","think":false,"attempt":1,"wall_ms":0,"load_duration":0,"prompt_eval_count":0,"prompt_eval_duration":0,"eval_count":3,"eval_duration":0,"thinking_chars":0,"thinking_detected":false,"outcome":"ok"}
{"event":"deep_research_model_call","step":"notes","think":false,"attempt":1,"wall_ms":1,"load_duration":0,"prompt_eval_count":0,"prompt_eval_duration":0,"eval_count":3,"eval_duration":0,"thinking_chars":0,"thinking_detected":false,"outcome":"ok"}
{"event":"deep_research_model_call","step":"queries","think":false,"attempt":1,"wall_ms":0,"load_duration":0,"prompt_eval_count":0,"prompt_eval_duration":0,"eval_count":3,"eval_duration":0,"thinking_chars":0,"thinking_detected":false,"outcome":"ok"}
{"event":"deep_research_model_call","step":"queries","think":false,"attempt":1,"wall_ms":0,"load_duration":0,"prompt_eval_count":0,"prompt_eval_duration":0,"eval_count":3,"eval_duration":0,"thinking_chars":0,"thinking_detected":false,"outcome":"ok"}
{"event":"deep_research_model_call","step":"queries","think":false,"attempt":1,"wall_ms":0,"load_duration":0,"prompt_eval_count":0,"prompt_eval_duration":0,"eval_count":3,"eval_duration":0,"thinking_chars":0,"thinking_detected":false,"outcome":"ok"}
{"event":"deep_research_model_call","step":"pages","think":false,"attempt":1,"wall_ms":0,"load_duration":0,"prompt_eval_count":0,"prompt_eval_duration":0,"eval_count":3,"eval_duration":0,"thinking_chars":0,"thinking_detected":false,"outcome":"ok"}
{"event":"deep_research_model_call","step":"notes","think":false,"attempt":1,"wall_ms":0,"load_duration":0,"prompt_eval_count":0,"prompt_eval_duration":0,"eval_count":3,"eval_duration":0,"thinking_chars":0,"thinking_detected":false,"outcome":"ok"}
{"event":"deep_research_model_call","step":"gap","think":false,"attempt":1,"wall_ms":0,"load_duration":0,"prompt_eval_count":0,"prompt_eval_duration":0,"eval_count":3,"eval_duration":0,"thinking_chars":0,"thinking_detected":false,"outcome":"ok"}
{"event":"deep_research_run_end","notes_kept":0,"pages_read":3,"status":"failed","elapsed_ms":3}
{"event":"deep_research_model_call","step":"brief","think":false,"attempt":1,"wall_ms":0,"load_duration":0,"prompt_eval_count":0,"prompt_eval_duration":0,"eval_count":3,"eval_duration":0,"thinking_chars":0,"thinking_detected":false,"outcome":"ok"}
{"event":"deep_research_model_call","step":"plan","think":true,"attempt":1,"wall_ms":0,"load_duration":0,"prompt_eval_count":0,"prompt_eval_duration":0,"eval_count":3,"eval_duration":0,"thinking_chars":0,"thinking_detected":false,"outcome":"ok"}
{"event":"deep_research_model_call","step":"plan","think":false,"attempt":1,"wall_ms":0,"load_duration":0,"prompt_eval_count":0,"prompt_eval_duration":0,"eval_count":3,"eval_duration":0,"thinking_chars":0,"thinking_detected":false,"outcome":"ok"}
{"event":"deep_research_model_call","step":"queries","think":false,"attempt":1,"wall_ms":0,"load_duration":0,"prompt_eval_count":0,"prompt_eval_duration":0,"eval_count":3,"eval_duration":0,"thinking_chars":0,"thinking_detected":false,"outcome":"ok"}
{"event":"deep_research_model_call","step":"queries","think":false,"attempt":1,"wall_ms":0,"load_duration":0,"prompt_eval_count":0,"prompt_eval_duration":0,"eval_count":3,"eval_duration":0,"thinking_chars":0,"thinking_detected":false,"outcome":"ok"}
{"event":"deep_research_model_call","step":"queries","think":false,"attempt":1,"wall_ms":0,"load_duration":0,"prompt_eval_count":0,"prompt_eval_duration":0,"eval_count":3,"eval_duration":0,"thinking_chars":0,"thinking_detected":false,"outcome":"ok"}
{"event":"deep_research_model_call","step":"queries","think":false,"attempt":1,"wall_ms":0,"load_duration":0,"prompt_eval_count":0,"prompt_eval_duration":0,"eval_count":3,"eval_duration":0,"thinking_chars":0,"thinking_detected":false,"outcome":"ok"}
{"event":"deep_research_model_call","step":"queries","think":false,"attempt":1,"wall_ms":0,"load_duration":0,"prompt_eval_count":0,"prompt_eval_duration":0,"eval_count":3,"eval_duration":0,"thinking_chars":0,"thinking_detected":false,"outcome":"ok"}
{"event":"deep_research_model_call","step":"queries","think":false,"attempt":1,"wall_ms":0,"load_duration":0,"prompt_eval_count":0,"prompt_eval_duration":0,"eval_count":3,"eval_duration":0,"thinking_chars":0,"thinking_detected":false,"outcome":"ok"}
{"event":"deep_research_model_call","step":"queries","think":false,"attempt":1,"wall_ms":0,"load_duration":0,"prompt_eval_count":0,"prompt_eval_duration":0,"eval_count":3,"eval_duration":0,"thinking_chars":0,"thinking_detected":false,"outcome":"ok"}
{"event":"deep_research_model_call","step":"gap","think":false,"attempt":1,"wall_ms":0,"load_duration":0,"prompt_eval_count":0,"prompt_eval_duration":0,"eval_count":3,"eval_duration":0,"thinking_chars":0,"thinking_detected":false,"outcome":"ok"}
{"event":"deep_research_run_end","notes_kept":0,"pages_read":0,"status":"failed","elapsed_ms":1}

src/http/streamKeepAlive.test.ts:
{"event":"deep_research_model_call","step":"brief","think":false,"attempt":1,"wall_ms":0,"load_duration":0,"prompt_eval_count":0,"prompt_eval_duration":0,"eval_count":3,"eval_duration":0,"thinking_chars":0,"thinking_detected":false,"outcome":"ok"}
{"event":"deep_research_model_call","step":"plan","think":true,"attempt":1,"wall_ms":0,"load_duration":0,"prompt_eval_count":0,"prompt_eval_duration":0,"eval_count":3,"eval_duration":0,"thinking_chars":0,"thinking_detected":false,"outcome":"ok"}
{"event":"deep_research_model_call","step":"plan","think":false,"attempt":1,"wall_ms":0,"load_duration":0,"prompt_eval_count":0,"prompt_eval_duration":0,"eval_count":3,"eval_duration":0,"thinking_chars":0,"thinking_detected":false,"outcome":"ok"}
{"event":"deep_research_model_call","step":"queries","think":false,"attempt":1,"wall_ms":0,"load_duration":0,"prompt_eval_count":0,"prompt_eval_duration":0,"eval_count":3,"eval_duration":0,"thinking_chars":0,"thinking_detected":false,"outcome":"ok"}
{"event":"deep_research_model_call","step":"queries","think":false,"attempt":1,"wall_ms":0,"load_duration":0,"prompt_eval_count":0,"prompt_eval_duration":0,"eval_count":3,"eval_duration":0,"thinking_chars":0,"thinking_detected":false,"outcome":"ok"}
{"event":"deep_research_model_call","step":"queries","think":false,"attempt":1,"wall_ms":0,"load_duration":0,"prompt_eval_count":0,"prompt_eval_duration":0,"eval_count":3,"eval_duration":0,"thinking_chars":0,"thinking_detected":false,"outcome":"ok"}
{"event":"deep_research_model_call","step":"pages","think":false,"attempt":1,"wall_ms":0,"load_duration":0,"prompt_eval_count":0,"prompt_eval_duration":0,"eval_count":3,"eval_duration":0,"thinking_chars":0,"thinking_detected":false,"outcome":"ok"}
{"event":"deep_research_model_call","step":"notes","think":false,"attempt":1,"wall_ms":1,"load_duration":0,"prompt_eval_count":0,"prompt_eval_duration":0,"eval_count":3,"eval_duration":0,"thinking_chars":0,"thinking_detected":false,"outcome":"ok"}
{"event":"deep_research_model_call","step":"queries","think":false,"attempt":1,"wall_ms":0,"load_duration":0,"prompt_eval_count":0,"prompt_eval_duration":0,"eval_count":3,"eval_duration":0,"thinking_chars":0,"thinking_detected":false,"outcome":"ok"}
{"event":"deep_research_model_call","step":"queries","think":false,"attempt":1,"wall_ms":0,"load_duration":0,"prompt_eval_count":0,"prompt_eval_duration":0,"eval_count":3,"eval_duration":0,"thinking_chars":0,"thinking_detected":false,"outcome":"ok"}
{"event":"deep_research_model_call","step":"queries","think":false,"attempt":1,"wall_ms":0,"load_duration":0,"prompt_eval_count":0,"prompt_eval_duration":0,"eval_count":3,"eval_duration":0,"thinking_chars":0,"thinking_detected":false,"outcome":"ok"}
{"event":"deep_research_model_call","step":"pages","think":false,"attempt":1,"wall_ms":0,"load_duration":0,"prompt_eval_count":0,"prompt_eval_duration":0,"eval_count":3,"eval_duration":0,"thinking_chars":0,"thinking_detected":false,"outcome":"ok"}
{"event":"deep_research_model_call","step":"notes","think":false,"attempt":1,"wall_ms":0,"load_duration":0,"prompt_eval_count":0,"prompt_eval_duration":0,"eval_count":3,"eval_duration":0,"thinking_chars":0,"thinking_detected":false,"outcome":"ok"}
{"event":"deep_research_model_call","step":"queries","think":false,"attempt":1,"wall_ms":0,"load_duration":0,"prompt_eval_count":0,"prompt_eval_duration":0,"eval_count":3,"eval_duration":0,"thinking_chars":0,"thinking_detected":false,"outcome":"ok"}
{"event":"deep_research_model_call","step":"queries","think":false,"attempt":1,"wall_ms":1,"load_duration":0,"prompt_eval_count":0,"prompt_eval_duration":0,"eval_count":3,"eval_duration":0,"thinking_chars":0,"thinking_detected":false,"outcome":"ok"}
{"event":"deep_research_model_call","step":"queries","think":false,"attempt":1,"wall_ms":0,"load_duration":0,"prompt_eval_count":0,"prompt_eval_duration":0,"eval_count":3,"eval_duration":0,"thinking_chars":0,"thinking_detected":false,"outcome":"ok"}
{"event":"deep_research_model_call","step":"pages","think":false,"attempt":1,"wall_ms":0,"load_duration":0,"prompt_eval_count":0,"prompt_eval_duration":0,"eval_count":3,"eval_duration":0,"thinking_chars":0,"thinking_detected":false,"outcome":"ok"}
{"event":"deep_research_model_call","step":"notes","think":false,"attempt":1,"wall_ms":1,"load_duration":0,"prompt_eval_count":0,"prompt_eval_duration":0,"eval_count":3,"eval_duration":0,"thinking_chars":0,"thinking_detected":false,"outcome":"ok"}
{"event":"deep_research_model_call","step":"gap","think":false,"attempt":1,"wall_ms":0,"load_duration":0,"prompt_eval_count":0,"prompt_eval_duration":0,"eval_count":3,"eval_duration":0,"thinking_chars":0,"thinking_detected":false,"outcome":"ok"}
{"event":"deep_research_model_call","step":"write","think":true,"attempt":1,"wall_ms":0,"load_duration":0,"prompt_eval_count":0,"prompt_eval_duration":0,"eval_count":3,"eval_duration":0,"thinking_chars":0,"thinking_detected":false,"outcome":"ok"}
{"event":"deep_research_run_end","notes_kept":2,"pages_read":3,"status":"complete","elapsed_ms":497}

src/http/deepResearchStartedSteps.test.ts:
{"event":"deep_research_model_call","step":"brief","think":false,"attempt":1,"wall_ms":2,"load_duration":0,"prompt_eval_count":0,"prompt_eval_duration":0,"eval_count":3,"eval_duration":0,"thinking_chars":0,"thinking_detected":false,"outcome":"ok"}
{"event":"deep_research_model_call","step":"plan","think":true,"attempt":1,"wall_ms":5,"load_duration":0,"prompt_eval_count":0,"prompt_eval_duration":0,"eval_count":3,"eval_duration":0,"thinking_chars":0,"thinking_detected":false,"outcome":"ok"}
{"event":"deep_research_model_call","step":"queries","think":false,"attempt":1,"wall_ms":6,"load_duration":0,"prompt_eval_count":0,"prompt_eval_duration":0,"eval_count":3,"eval_duration":0,"thinking_chars":0,"thinking_detected":false,"outcome":"ok"}
{"event":"deep_research_model_call","step":"pages","think":false,"attempt":1,"wall_ms":6,"load_duration":0,"prompt_eval_count":0,"prompt_eval_duration":0,"eval_count":3,"eval_duration":0,"thinking_chars":0,"thinking_detected":false,"outcome":"ok"}
{"event":"deep_research_model_call","step":"notes","think":false,"attempt":1,"wall_ms":7,"load_duration":0,"prompt_eval_count":0,"prompt_eval_duration":0,"eval_count":3,"eval_duration":0,"thinking_chars":0,"thinking_detected":false,"outcome":"ok"}
{"event":"deep_research_model_call","step":"queries","think":false,"attempt":1,"wall_ms":6,"load_duration":0,"prompt_eval_count":0,"prompt_eval_duration":0,"eval_count":3,"eval_duration":0,"thinking_chars":0,"thinking_detected":false,"outcome":"ok"}
{"event":"deep_research_model_call","step":"pages","think":false,"attempt":1,"wall_ms":6,"load_duration":0,"prompt_eval_count":0,"prompt_eval_duration":0,"eval_count":3,"eval_duration":0,"thinking_chars":0,"thinking_detected":false,"outcome":"ok"}
{"event":"deep_research_model_call","step":"notes","think":false,"attempt":1,"wall_ms":6,"load_duration":0,"prompt_eval_count":0,"prompt_eval_duration":0,"eval_count":3,"eval_duration":0,"thinking_chars":0,"thinking_detected":false,"outcome":"ok"}
{"event":"deep_research_model_call","step":"notes","think":false,"attempt":1,"wall_ms":6,"load_duration":0,"prompt_eval_count":0,"prompt_eval_duration":0,"eval_count":3,"eval_duration":0,"thinking_chars":0,"thinking_detected":false,"outcome":"ok"}
{"event":"deep_research_model_call","step":"notes","think":false,"attempt":1,"wall_ms":7,"load_duration":0,"prompt_eval_count":0,"prompt_eval_duration":0,"eval_count":3,"eval_duration":0,"thinking_chars":0,"thinking_detected":false,"outcome":"ok"}
{"event":"deep_research_model_call","step":"gap","think":false,"attempt":1,"wall_ms":6,"load_duration":0,"prompt_eval_count":0,"prompt_eval_duration":0,"eval_count":3,"eval_duration":0,"thinking_chars":0,"thinking_detected":false,"outcome":"ok"}
{"event":"deep_research_model_call","step":"gap","think":false,"attempt":1,"wall_ms":6,"load_duration":0,"prompt_eval_count":0,"prompt_eval_duration":0,"eval_count":3,"eval_duration":0,"thinking_chars":0,"thinking_detected":false,"outcome":"ok"}
{"event":"deep_research_model_call","step":"write","think":true,"attempt":1,"wall_ms":5,"load_duration":0,"prompt_eval_count":0,"prompt_eval_duration":0,"eval_count":3,"eval_duration":0,"thinking_chars":0,"thinking_detected":false,"outcome":"ok"}
{"event":"deep_research_run_end","notes_kept":4,"pages_read":4,"status":"complete","elapsed_ms":115}
{"event":"deep_research_model_call","step":"brief","think":false,"attempt":1,"wall_ms":2,"load_duration":0,"prompt_eval_count":0,"prompt_eval_duration":0,"eval_count":3,"eval_duration":0,"thinking_chars":0,"thinking_detected":false,"outcome":"ok"}
{"event":"deep_research_model_call","step":"plan","think":true,"attempt":1,"wall_ms":6,"load_duration":0,"prompt_eval_count":0,"prompt_eval_duration":0,"eval_count":3,"eval_duration":0,"thinking_chars":0,"thinking_detected":false,"outcome":"ok"}
{"event":"deep_research_model_call","step":"queries","think":false,"attempt":1,"wall_ms":9,"load_duration":0,"prompt_eval_count":0,"prompt_eval_duration":0,"eval_count":3,"eval_duration":0,"thinking_chars":0,"thinking_detected":false,"outcome":"ok"}
{"event":"deep_research_model_call","step":"pages","think":false,"attempt":1,"wall_ms":6,"load_duration":0,"prompt_eval_count":0,"prompt_eval_duration":0,"eval_count":3,"eval_duration":0,"thinking_chars":0,"thinking_detected":false,"outcome":"ok"}
{"event":"deep_research_model_call","step":"notes","think":false,"attempt":1,"wall_ms":5,"load_duration":0,"prompt_eval_count":0,"prompt_eval_duration":0,"eval_count":3,"eval_duration":0,"thinking_chars":0,"thinking_detected":false,"outcome":"ok"}
{"event":"deep_research_model_call","step":"queries","think":false,"attempt":1,"wall_ms":5,"load_duration":0,"prompt_eval_count":0,"prompt_eval_duration":0,"eval_count":3,"eval_duration":0,"thinking_chars":0,"thinking_detected":false,"outcome":"ok"}
{"event":"deep_research_model_call","step":"pages","think":false,"attempt":1,"wall_ms":6,"load_duration":0,"prompt_eval_count":0,"prompt_eval_duration":0,"eval_count":3,"eval_duration":0,"thinking_chars":0,"thinking_detected":false,"outcome":"ok"}
{"event":"deep_research_model_call","step":"notes","think":false,"attempt":1,"wall_ms":6,"load_duration":0,"prompt_eval_count":0,"prompt_eval_duration":0,"eval_count":3,"eval_duration":0,"thinking_chars":0,"thinking_detected":false,"outcome":"ok"}
{"event":"deep_research_model_call","step":"notes","think":false,"attempt":1,"wall_ms":6,"load_duration":0,"prompt_eval_count":0,"prompt_eval_duration":0,"eval_count":3,"eval_duration":0,"thinking_chars":0,"thinking_detected":false,"outcome":"ok"}
{"event":"deep_research_model_call","step":"notes","think":false,"attempt":1,"wall_ms":5,"load_duration":0,"prompt_eval_count":0,"prompt_eval_duration":0,"eval_count":3,"eval_duration":0,"thinking_chars":0,"thinking_detected":false,"outcome":"ok"}
{"event":"deep_research_model_call","step":"gap","think":false,"attempt":1,"wall_ms":5,"load_duration":0,"prompt_eval_count":0,"prompt_eval_duration":0,"eval_count":3,"eval_duration":0,"thinking_chars":0,"thinking_detected":false,"outcome":"ok"}
{"event":"deep_research_model_call","step":"gap","think":false,"attempt":1,"wall_ms":6,"load_duration":0,"prompt_eval_count":0,"prompt_eval_duration":0,"eval_count":3,"eval_duration":0,"thinking_chars":0,"thinking_detected":false,"outcome":"ok"}
{"event":"deep_research_model_call","step":"write","think":true,"attempt":1,"wall_ms":7,"load_duration":0,"prompt_eval_count":0,"prompt_eval_duration":0,"eval_count":3,"eval_duration":0,"thinking_chars":0,"thinking_detected":false,"outcome":"ok"}
{"event":"deep_research_run_end","notes_kept":4,"pages_read":4,"status":"complete","elapsed_ms":118}
{"event":"deep_research_model_call","step":"brief","think":false,"attempt":1,"wall_ms":1,"load_duration":0,"prompt_eval_count":0,"prompt_eval_duration":0,"eval_count":3,"eval_duration":0,"thinking_chars":0,"thinking_detected":false,"outcome":"ok"}
{"event":"deep_research_model_call","step":"plan","think":true,"attempt":1,"wall_ms":6,"load_duration":0,"prompt_eval_count":0,"prompt_eval_duration":0,"eval_count":3,"eval_duration":0,"thinking_chars":0,"thinking_detected":false,"outcome":"ok"}
{"event":"deep_research_model_call","step":"queries","think":false,"attempt":1,"wall_ms":6,"load_duration":0,"prompt_eval_count":0,"prompt_eval_duration":0,"eval_count":3,"eval_duration":0,"thinking_chars":0,"thinking_detected":false,"outcome":"ok"}
{"event":"deep_research_model_call","step":"pages","think":false,"attempt":1,"wall_ms":7,"load_duration":0,"prompt_eval_count":0,"prompt_eval_duration":0,"eval_count":3,"eval_duration":0,"thinking_chars":0,"thinking_detected":false,"outcome":"ok"}
{"event":"deep_research_model_call","step":"notes","think":false,"attempt":1,"wall_ms":6,"load_duration":0,"prompt_eval_count":0,"prompt_eval_duration":0,"eval_count":3,"eval_duration":0,"thinking_chars":0,"thinking_detected":false,"outcome":"ok"}
{"event":"deep_research_model_call","step":"queries","think":false,"attempt":1,"wall_ms":7,"load_duration":0,"prompt_eval_count":0,"prompt_eval_duration":0,"eval_count":3,"eval_duration":0,"thinking_chars":0,"thinking_detected":false,"outcome":"ok"}
{"event":"deep_research_model_call","step":"pages","think":false,"attempt":1,"wall_ms":6,"load_duration":0,"prompt_eval_count":0,"prompt_eval_duration":0,"eval_count":3,"eval_duration":0,"thinking_chars":0,"thinking_detected":false,"outcome":"ok"}
{"event":"deep_research_model_call","step":"notes","think":false,"attempt":1,"wall_ms":6,"load_duration":0,"prompt_eval_count":0,"prompt_eval_duration":0,"eval_count":3,"eval_duration":0,"thinking_chars":0,"thinking_detected":false,"outcome":"ok"}
{"event":"deep_research_model_call","step":"notes","think":false,"attempt":1,"wall_ms":6,"load_duration":0,"prompt_eval_count":0,"prompt_eval_duration":0,"eval_count":3,"eval_duration":0,"thinking_chars":0,"thinking_detected":false,"outcome":"ok"}
{"event":"deep_research_model_call","step":"notes","think":false,"attempt":1,"wall_ms":6,"load_duration":0,"prompt_eval_count":0,"prompt_eval_duration":0,"eval_count":3,"eval_duration":0,"thinking_chars":0,"thinking_detected":false,"outcome":"ok"}
{"event":"deep_research_model_call","step":"gap","think":false,"attempt":1,"wall_ms":6,"load_duration":0,"prompt_eval_count":0,"prompt_eval_duration":0,"eval_count":3,"eval_duration":0,"thinking_chars":0,"thinking_detected":false,"outcome":"ok"}
{"event":"deep_research_model_call","step":"gap","think":false,"attempt":1,"wall_ms":6,"load_duration":0,"prompt_eval_count":0,"prompt_eval_duration":0,"eval_count":3,"eval_duration":0,"thinking_chars":0,"thinking_detected":false,"outcome":"ok"}
{"event":"deep_research_model_call","step":"write","think":true,"attempt":1,"wall_ms":6,"load_duration":0,"prompt_eval_count":0,"prompt_eval_duration":0,"eval_count":3,"eval_duration":0,"thinking_chars":0,"thinking_detected":false,"outcome":"ok"}
{"event":"deep_research_run_end","notes_kept":4,"pages_read":4,"status":"complete","elapsed_ms":116}
{"event":"deep_research_model_call","step":"brief","think":false,"attempt":1,"wall_ms":1,"load_duration":0,"prompt_eval_count":0,"prompt_eval_duration":0,"eval_count":3,"eval_duration":0,"thinking_chars":0,"thinking_detected":false,"outcome":"ok"}
{"event":"deep_research_model_call","step":"plan","think":true,"attempt":1,"wall_ms":7,"load_duration":0,"prompt_eval_count":0,"prompt_eval_duration":0,"eval_count":3,"eval_duration":0,"thinking_chars":0,"thinking_detected":false,"outcome":"ok"}
{"event":"deep_research_model_call","step":"queries","think":false,"attempt":1,"wall_ms":6,"load_duration":0,"prompt_eval_count":0,"prompt_eval_duration":0,"eval_count":3,"eval_duration":0,"thinking_chars":0,"thinking_detected":false,"outcome":"ok"}
{"event":"deep_research_model_call","step":"pages","think":false,"attempt":1,"wall_ms":6,"load_duration":0,"prompt_eval_count":0,"prompt_eval_duration":0,"eval_count":3,"eval_duration":0,"thinking_chars":0,"thinking_detected":false,"outcome":"ok"}
{"event":"deep_research_model_call","step":"notes","think":false,"attempt":1,"wall_ms":6,"load_duration":0,"prompt_eval_count":0,"prompt_eval_duration":0,"eval_count":3,"eval_duration":0,"thinking_chars":0,"thinking_detected":false,"outcome":"ok"}
{"event":"deep_research_model_call","step":"queries","think":false,"attempt":1,"wall_ms":7,"load_duration":0,"prompt_eval_count":0,"prompt_eval_duration":0,"eval_count":3,"eval_duration":0,"thinking_chars":0,"thinking_detected":false,"outcome":"ok"}
{"event":"deep_research_model_call","step":"pages","think":false,"attempt":1,"wall_ms":6,"load_duration":0,"prompt_eval_count":0,"prompt_eval_duration":0,"eval_count":3,"eval_duration":0,"thinking_chars":0,"thinking_detected":false,"outcome":"ok"}
{"event":"deep_research_model_call","step":"notes","think":false,"attempt":1,"wall_ms":6,"load_duration":0,"prompt_eval_count":0,"prompt_eval_duration":0,"eval_count":3,"eval_duration":0,"thinking_chars":0,"thinking_detected":false,"outcome":"ok"}
{"event":"deep_research_model_call","step":"notes","think":false,"attempt":1,"wall_ms":5,"load_duration":0,"prompt_eval_count":0,"prompt_eval_duration":0,"eval_count":3,"eval_duration":0,"thinking_chars":0,"thinking_detected":false,"outcome":"ok"}
{"event":"deep_research_model_call","step":"notes","think":false,"attempt":1,"wall_ms":6,"load_duration":0,"prompt_eval_count":0,"prompt_eval_duration":0,"eval_count":3,"eval_duration":0,"thinking_chars":0,"thinking_detected":false,"outcome":"ok"}
{"event":"deep_research_model_call","step":"gap","think":false,"attempt":1,"wall_ms":6,"load_duration":0,"prompt_eval_count":0,"prompt_eval_duration":0,"eval_count":3,"eval_duration":0,"thinking_chars":0,"thinking_detected":false,"outcome":"ok"}
{"event":"deep_research_model_call","step":"gap","think":false,"attempt":1,"wall_ms":6,"load_duration":0,"prompt_eval_count":0,"prompt_eval_duration":0,"eval_count":3,"eval_duration":0,"thinking_chars":0,"thinking_detected":false,"outcome":"ok"}
{"event":"deep_research_model_call","step":"write","think":true,"attempt":1,"wall_ms":5,"load_duration":0,"prompt_eval_count":0,"prompt_eval_duration":0,"eval_count":3,"eval_duration":0,"thinking_chars":0,"thinking_detected":false,"outcome":"ok"}
{"event":"deep_research_run_end","notes_kept":4,"pages_read":4,"status":"complete","elapsed_ms":117}

src/generations/manager.test.ts:
{"event":"deep_research_model_call","step":"brief","think":false,"attempt":1,"wall_ms":23,"load_duration":null,"prompt_eval_count":null,"prompt_eval_duration":null,"eval_count":null,"eval_duration":null,"thinking_chars":0,"thinking_detected":false,"outcome":"aborted"}
{"event":"deep_research_model_call","step":"brief","think":false,"attempt":1,"wall_ms":22,"load_duration":null,"prompt_eval_count":null,"prompt_eval_duration":null,"eval_count":null,"eval_duration":null,"thinking_chars":0,"thinking_detected":false,"outcome":"aborted"}
{"event":"deep_research_run_end","notes_kept":0,"pages_read":0,"status":"partial","elapsed_ms":22}

src/generations/research.test.ts:
{"event":"deep_research_model_call","step":"brief","think":false,"attempt":1,"wall_ms":0,"load_duration":0,"prompt_eval_count":0,"prompt_eval_duration":0,"eval_count":5,"eval_duration":500000000,"thinking_chars":16,"thinking_detected":true,"outcome":"ok"}
{"event":"deep_research_model_call","step":"plan","think":true,"attempt":1,"wall_ms":0,"load_duration":0,"prompt_eval_count":0,"prompt_eval_duration":0,"eval_count":5,"eval_duration":500000000,"thinking_chars":16,"thinking_detected":false,"outcome":"ok"}
{"event":"deep_research_model_call","step":"queries","think":false,"attempt":1,"wall_ms":0,"load_duration":0,"prompt_eval_count":0,"prompt_eval_duration":0,"eval_count":5,"eval_duration":500000000,"thinking_chars":16,"thinking_detected":true,"outcome":"ok"}
{"event":"deep_research_model_call","step":"pages","think":false,"attempt":1,"wall_ms":0,"load_duration":0,"prompt_eval_count":0,"prompt_eval_duration":0,"eval_count":5,"eval_duration":500000000,"thinking_chars":16,"thinking_detected":true,"outcome":"ok"}
{"event":"deep_research_model_call","step":"notes","think":false,"attempt":1,"wall_ms":0,"load_duration":0,"prompt_eval_count":0,"prompt_eval_duration":0,"eval_count":5,"eval_duration":500000000,"thinking_chars":16,"thinking_detected":true,"outcome":"ok"}
{"event":"deep_research_model_call","step":"queries","think":false,"attempt":1,"wall_ms":0,"load_duration":0,"prompt_eval_count":0,"prompt_eval_duration":0,"eval_count":5,"eval_duration":500000000,"thinking_chars":16,"thinking_detected":true,"outcome":"ok"}
{"event":"deep_research_model_call","step":"pages","think":false,"attempt":1,"wall_ms":0,"load_duration":0,"prompt_eval_count":0,"prompt_eval_duration":0,"eval_count":5,"eval_duration":500000000,"thinking_chars":16,"thinking_detected":true,"outcome":"ok"}
{"event":"deep_research_model_call","step":"notes","think":false,"attempt":1,"wall_ms":0,"load_duration":0,"prompt_eval_count":0,"prompt_eval_duration":0,"eval_count":5,"eval_duration":500000000,"thinking_chars":16,"thinking_detected":true,"outcome":"ok"}
{"event":"deep_research_model_call","step":"notes","think":false,"attempt":1,"wall_ms":0,"load_duration":0,"prompt_eval_count":0,"prompt_eval_duration":0,"eval_count":5,"eval_duration":500000000,"thinking_chars":16,"thinking_detected":true,"outcome":"ok"}
{"event":"deep_research_model_call","step":"notes","think":false,"attempt":1,"wall_ms":0,"load_duration":0,"prompt_eval_count":0,"prompt_eval_duration":0,"eval_count":5,"eval_duration":500000000,"thinking_chars":17,"thinking_detected":true,"outcome":"ok"}
{"event":"deep_research_model_call","step":"gap","think":false,"attempt":1,"wall_ms":1,"load_duration":0,"prompt_eval_count":0,"prompt_eval_duration":0,"eval_count":5,"eval_duration":500000000,"thinking_chars":17,"thinking_detected":true,"outcome":"ok"}
{"event":"deep_research_model_call","step":"gap","think":false,"attempt":1,"wall_ms":0,"load_duration":0,"prompt_eval_count":0,"prompt_eval_duration":0,"eval_count":5,"eval_duration":500000000,"thinking_chars":17,"thinking_detected":true,"outcome":"ok"}
{"event":"deep_research_model_call","step":"write","think":true,"attempt":1,"wall_ms":0,"load_duration":0,"prompt_eval_count":0,"prompt_eval_duration":0,"eval_count":5,"eval_duration":500000000,"thinking_chars":17,"thinking_detected":false,"outcome":"ok"}
{"event":"deep_research_run_end","notes_kept":4,"pages_read":4,"status":"complete","elapsed_ms":2}
{"event":"deep_research_model_call","step":"brief","think":false,"attempt":1,"wall_ms":0,"load_duration":0,"prompt_eval_count":0,"prompt_eval_duration":0,"eval_count":5,"eval_duration":500000000,"thinking_chars":16,"thinking_detected":true,"outcome":"ok"}
{"event":"deep_research_model_call","step":"plan","think":true,"attempt":1,"wall_ms":0,"load_duration":0,"prompt_eval_count":0,"prompt_eval_duration":0,"eval_count":5,"eval_duration":500000000,"thinking_chars":16,"thinking_detected":false,"outcome":"ok"}
{"event":"deep_research_model_call","step":"queries","think":false,"attempt":1,"wall_ms":0,"load_duration":0,"prompt_eval_count":0,"prompt_eval_duration":0,"eval_count":5,"eval_duration":500000000,"thinking_chars":16,"thinking_detected":true,"outcome":"ok"}
{"event":"deep_research_model_call","step":"pages","think":false,"attempt":1,"wall_ms":0,"load_duration":0,"prompt_eval_count":0,"prompt_eval_duration":0,"eval_count":5,"eval_duration":500000000,"thinking_chars":16,"thinking_detected":true,"outcome":"ok"}
{"event":"deep_research_model_call","step":"notes","think":false,"attempt":1,"wall_ms":0,"load_duration":0,"prompt_eval_count":0,"prompt_eval_duration":0,"eval_count":5,"eval_duration":500000000,"thinking_chars":16,"thinking_detected":true,"outcome":"ok"}
{"event":"deep_research_model_call","step":"queries","think":false,"attempt":1,"wall_ms":0,"load_duration":0,"prompt_eval_count":0,"prompt_eval_duration":0,"eval_count":5,"eval_duration":500000000,"thinking_chars":16,"thinking_detected":true,"outcome":"ok"}
{"event":"deep_research_model_call","step":"pages","think":false,"attempt":1,"wall_ms":0,"load_duration":0,"prompt_eval_count":0,"prompt_eval_duration":0,"eval_count":5,"eval_duration":500000000,"thinking_chars":16,"thinking_detected":true,"outcome":"ok"}
{"event":"deep_research_model_call","step":"notes","think":false,"attempt":1,"wall_ms":0,"load_duration":0,"prompt_eval_count":0,"prompt_eval_duration":0,"eval_count":5,"eval_duration":500000000,"thinking_chars":16,"thinking_detected":true,"outcome":"ok"}
{"event":"deep_research_model_call","step":"notes","think":false,"attempt":1,"wall_ms":0,"load_duration":0,"prompt_eval_count":0,"prompt_eval_duration":0,"eval_count":5,"eval_duration":500000000,"thinking_chars":16,"thinking_detected":true,"outcome":"ok"}
{"event":"deep_research_model_call","step":"notes","think":false,"attempt":1,"wall_ms":0,"load_duration":0,"prompt_eval_count":0,"prompt_eval_duration":0,"eval_count":5,"eval_duration":500000000,"thinking_chars":17,"thinking_detected":true,"outcome":"ok"}
{"event":"deep_research_model_call","step":"write","think":true,"attempt":1,"wall_ms":0,"load_duration":0,"prompt_eval_count":0,"prompt_eval_duration":0,"eval_count":5,"eval_duration":500000000,"thinking_chars":17,"thinking_detected":false,"outcome":"ok"}
{"event":"deep_research_run_end","notes_kept":4,"pages_read":4,"status":"complete","elapsed_ms":1}
{"event":"deep_research_model_call","step":"brief","think":false,"attempt":1,"wall_ms":1,"load_duration":0,"prompt_eval_count":0,"prompt_eval_duration":0,"eval_count":5,"eval_duration":500000000,"thinking_chars":16,"thinking_detected":true,"outcome":"ok"}
{"event":"deep_research_model_call","step":"plan","think":true,"attempt":1,"wall_ms":0,"load_duration":0,"prompt_eval_count":0,"prompt_eval_duration":0,"eval_count":5,"eval_duration":500000000,"thinking_chars":16,"thinking_detected":false,"outcome":"ok"}
{"event":"deep_research_model_call","step":"queries","think":false,"attempt":1,"wall_ms":0,"load_duration":0,"prompt_eval_count":0,"prompt_eval_duration":0,"eval_count":5,"eval_duration":500000000,"thinking_chars":16,"thinking_detected":true,"outcome":"ok"}
{"event":"deep_research_model_call","step":"pages","think":false,"attempt":1,"wall_ms":0,"load_duration":0,"prompt_eval_count":0,"prompt_eval_duration":0,"eval_count":5,"eval_duration":500000000,"thinking_chars":16,"thinking_detected":true,"outcome":"ok"}
{"event":"deep_research_model_call","step":"notes","think":false,"attempt":1,"wall_ms":0,"load_duration":0,"prompt_eval_count":0,"prompt_eval_duration":0,"eval_count":5,"eval_duration":500000000,"thinking_chars":16,"thinking_detected":true,"outcome":"ok"}
{"event":"deep_research_model_call","step":"queries","think":false,"attempt":1,"wall_ms":0,"load_duration":0,"prompt_eval_count":0,"prompt_eval_duration":0,"eval_count":5,"eval_duration":500000000,"thinking_chars":16,"thinking_detected":true,"outcome":"ok"}
{"event":"deep_research_model_call","step":"pages","think":false,"attempt":1,"wall_ms":0,"load_duration":0,"prompt_eval_count":0,"prompt_eval_duration":0,"eval_count":5,"eval_duration":500000000,"thinking_chars":16,"thinking_detected":true,"outcome":"ok"}
{"event":"deep_research_model_call","step":"notes","think":false,"attempt":1,"wall_ms":0,"load_duration":0,"prompt_eval_count":0,"prompt_eval_duration":0,"eval_count":5,"eval_duration":500000000,"thinking_chars":16,"thinking_detected":true,"outcome":"ok"}
{"event":"deep_research_model_call","step":"notes","think":false,"attempt":1,"wall_ms":0,"load_duration":0,"prompt_eval_count":0,"prompt_eval_duration":0,"eval_count":5,"eval_duration":500000000,"thinking_chars":16,"thinking_detected":true,"outcome":"ok"}
{"event":"deep_research_model_call","step":"notes","think":false,"attempt":1,"wall_ms":0,"load_duration":0,"prompt_eval_count":0,"prompt_eval_duration":0,"eval_count":5,"eval_duration":500000000,"thinking_chars":17,"thinking_detected":true,"outcome":"ok"}
{"event":"deep_research_model_call","step":"write","think":true,"attempt":1,"wall_ms":0,"load_duration":0,"prompt_eval_count":0,"prompt_eval_duration":0,"eval_count":5,"eval_duration":500000000,"thinking_chars":17,"thinking_detected":false,"outcome":"ok"}
{"event":"deep_research_run_end","notes_kept":4,"pages_read":4,"status":"complete","elapsed_ms":1}
{"event":"deep_research_model_call","step":"brief","think":false,"attempt":1,"wall_ms":0,"load_duration":0,"prompt_eval_count":0,"prompt_eval_duration":0,"eval_count":5,"eval_duration":500000000,"thinking_chars":16,"thinking_detected":true,"outcome":"ok"}
{"event":"deep_research_model_call","step":"plan","think":true,"attempt":1,"wall_ms":0,"load_duration":0,"prompt_eval_count":0,"prompt_eval_duration":0,"eval_count":5,"eval_duration":500000000,"thinking_chars":16,"thinking_detected":false,"outcome":"ok"}
{"event":"deep_research_model_call","step":"queries","think":false,"attempt":1,"wall_ms":0,"load_duration":0,"prompt_eval_count":0,"prompt_eval_duration":0,"eval_count":5,"eval_duration":500000000,"thinking_chars":16,"thinking_detected":true,"outcome":"ok"}
{"event":"deep_research_model_call","step":"queries","think":false,"attempt":1,"wall_ms":0,"load_duration":0,"prompt_eval_count":0,"prompt_eval_duration":0,"eval_count":5,"eval_duration":500000000,"thinking_chars":16,"thinking_detected":true,"outcome":"ok"}
{"event":"deep_research_model_call","step":"pages","think":false,"attempt":1,"wall_ms":0,"load_duration":0,"prompt_eval_count":0,"prompt_eval_duration":0,"eval_count":5,"eval_duration":500000000,"thinking_chars":16,"thinking_detected":true,"outcome":"ok"}
{"event":"deep_research_model_call","step":"notes","think":false,"attempt":1,"wall_ms":0,"load_duration":0,"prompt_eval_count":0,"prompt_eval_duration":0,"eval_count":5,"eval_duration":500000000,"thinking_chars":16,"thinking_detected":true,"outcome":"ok"}
{"event":"deep_research_model_call","step":"notes","think":false,"attempt":1,"wall_ms":0,"load_duration":0,"prompt_eval_count":0,"prompt_eval_duration":0,"eval_count":5,"eval_duration":500000000,"thinking_chars":16,"thinking_detected":true,"outcome":"ok"}
{"event":"deep_research_model_call","step":"write","think":true,"attempt":1,"wall_ms":0,"load_duration":0,"prompt_eval_count":0,"prompt_eval_duration":0,"eval_count":5,"eval_duration":500000000,"thinking_chars":16,"thinking_detected":false,"outcome":"ok"}
{"event":"deep_research_run_end","notes_kept":2,"pages_read":2,"status":"complete","elapsed_ms":0}
{"event":"deep_research_model_call","step":"brief","think":false,"attempt":1,"wall_ms":0,"load_duration":0,"prompt_eval_count":0,"prompt_eval_duration":0,"eval_count":5,"eval_duration":500000000,"thinking_chars":16,"thinking_detected":true,"outcome":"ok"}
{"event":"deep_research_model_call","step":"plan","think":true,"attempt":1,"wall_ms":0,"load_duration":0,"prompt_eval_count":0,"prompt_eval_duration":0,"eval_count":5,"eval_duration":500000000,"thinking_chars":16,"thinking_detected":false,"outcome":"ok"}
{"event":"deep_research_model_call","step":"queries","think":false,"attempt":1,"wall_ms":0,"load_duration":0,"prompt_eval_count":0,"prompt_eval_duration":0,"eval_count":5,"eval_duration":500000000,"thinking_chars":16,"thinking_detected":true,"outcome":"ok"}
{"event":"deep_research_model_call","step":"queries","think":false,"attempt":1,"wall_ms":0,"load_duration":0,"prompt_eval_count":0,"prompt_eval_duration":0,"eval_count":5,"eval_duration":500000000,"thinking_chars":16,"thinking_detected":true,"outcome":"ok"}
{"event":"deep_research_model_call","step":"pages","think":false,"attempt":1,"wall_ms":0,"load_duration":0,"prompt_eval_count":0,"prompt_eval_duration":0,"eval_count":5,"eval_duration":500000000,"thinking_chars":16,"thinking_detected":true,"outcome":"ok"}
{"event":"deep_research_model_call","step":"notes","think":false,"attempt":1,"wall_ms":1,"load_duration":0,"prompt_eval_count":0,"prompt_eval_duration":0,"eval_count":5,"eval_duration":500000000,"thinking_chars":16,"thinking_detected":true,"outcome":"ok"}
{"event":"deep_research_model_call","step":"gap","think":false,"attempt":1,"wall_ms":0,"load_duration":0,"prompt_eval_count":0,"prompt_eval_duration":0,"eval_count":5,"eval_duration":500000000,"thinking_chars":16,"thinking_detected":true,"outcome":"ok"}
{"event":"deep_research_model_call","step":"pages","think":false,"attempt":1,"wall_ms":0,"load_duration":0,"prompt_eval_count":0,"prompt_eval_duration":0,"eval_count":5,"eval_duration":500000000,"thinking_chars":16,"thinking_detected":true,"outcome":"ok"}
{"event":"deep_research_model_call","step":"gap","think":false,"attempt":1,"wall_ms":0,"load_duration":0,"prompt_eval_count":0,"prompt_eval_duration":0,"eval_count":5,"eval_duration":500000000,"thinking_chars":16,"thinking_detected":true,"outcome":"ok"}
{"event":"deep_research_model_call","step":"pages","think":false,"attempt":1,"wall_ms":0,"load_duration":0,"prompt_eval_count":0,"prompt_eval_duration":0,"eval_count":5,"eval_duration":500000000,"thinking_chars":17,"thinking_detected":true,"outcome":"ok"}
{"event":"deep_research_model_call","step":"write","think":true,"attempt":1,"wall_ms":0,"load_duration":0,"prompt_eval_count":0,"prompt_eval_duration":0,"eval_count":5,"eval_duration":500000000,"thinking_chars":17,"thinking_detected":false,"outcome":"ok"}
{"event":"deep_research_run_end","notes_kept":1,"pages_read":1,"status":"complete","elapsed_ms":1}
{"event":"deep_research_model_call","step":"brief","think":false,"attempt":1,"wall_ms":0,"load_duration":0,"prompt_eval_count":0,"prompt_eval_duration":0,"eval_count":5,"eval_duration":500000000,"thinking_chars":16,"thinking_detected":true,"outcome":"ok"}
{"event":"deep_research_model_call","step":"plan","think":true,"attempt":1,"wall_ms":0,"load_duration":0,"prompt_eval_count":0,"prompt_eval_duration":0,"eval_count":5,"eval_duration":500000000,"thinking_chars":16,"thinking_detected":false,"outcome":"ok"}
{"event":"deep_research_model_call","step":"queries","think":false,"attempt":1,"wall_ms":0,"load_duration":0,"prompt_eval_count":0,"prompt_eval_duration":0,"eval_count":5,"eval_duration":500000000,"thinking_chars":16,"thinking_detected":true,"outcome":"ok"}
{"event":"deep_research_model_call","step":"queries","think":false,"attempt":1,"wall_ms":0,"load_duration":0,"prompt_eval_count":0,"prompt_eval_duration":0,"eval_count":5,"eval_duration":500000000,"thinking_chars":16,"thinking_detected":true,"outcome":"ok"}
{"event":"deep_research_model_call","step":"queries","think":false,"attempt":1,"wall_ms":0,"load_duration":0,"prompt_eval_count":0,"prompt_eval_duration":0,"eval_count":5,"eval_duration":500000000,"thinking_chars":16,"thinking_detected":true,"outcome":"ok"}
{"event":"deep_research_model_call","step":"queries","think":false,"attempt":1,"wall_ms":0,"load_duration":0,"prompt_eval_count":0,"prompt_eval_duration":0,"eval_count":5,"eval_duration":500000000,"thinking_chars":16,"thinking_detected":true,"outcome":"ok"}
{"event":"deep_research_model_call","step":"pages","think":false,"attempt":1,"wall_ms":0,"load_duration":0,"prompt_eval_count":0,"prompt_eval_duration":0,"eval_count":5,"eval_duration":500000000,"thinking_chars":16,"thinking_detected":true,"outcome":"ok"}
{"event":"deep_research_model_call","step":"notes","think":false,"attempt":1,"wall_ms":0,"load_duration":0,"prompt_eval_count":0,"prompt_eval_duration":0,"eval_count":5,"eval_duration":500000000,"thinking_chars":16,"thinking_detected":true,"outcome":"ok"}
{"event":"deep_research_model_call","step":"notes","think":false,"attempt":1,"wall_ms":0,"load_duration":0,"prompt_eval_count":0,"prompt_eval_duration":0,"eval_count":5,"eval_duration":500000000,"thinking_chars":16,"thinking_detected":true,"outcome":"ok"}
{"event":"deep_research_model_call","step":"write","think":true,"attempt":1,"wall_ms":1,"load_duration":0,"prompt_eval_count":0,"prompt_eval_duration":0,"eval_count":5,"eval_duration":500000000,"thinking_chars":17,"thinking_detected":false,"outcome":"ok"}
{"event":"deep_research_run_end","notes_kept":2,"pages_read":2,"status":"complete","elapsed_ms":1}
{"event":"deep_research_model_call","step":"brief","think":false,"attempt":1,"wall_ms":0,"load_duration":0,"prompt_eval_count":0,"prompt_eval_duration":0,"eval_count":5,"eval_duration":500000000,"thinking_chars":16,"thinking_detected":true,"outcome":"invalid"}
{"event":"deep_research_model_call","step":"brief","think":false,"attempt":2,"wall_ms":0,"load_duration":0,"prompt_eval_count":0,"prompt_eval_duration":0,"eval_count":5,"eval_duration":500000000,"thinking_chars":16,"thinking_detected":true,"outcome":"ok"}
{"event":"deep_research_model_call","step":"plan","think":true,"attempt":1,"wall_ms":0,"load_duration":0,"prompt_eval_count":0,"prompt_eval_duration":0,"eval_count":5,"eval_duration":500000000,"thinking_chars":16,"thinking_detected":false,"outcome":"invalid"}
{"event":"deep_research_model_call","step":"plan","think":true,"attempt":2,"wall_ms":0,"load_duration":0,"prompt_eval_count":0,"prompt_eval_duration":0,"eval_count":5,"eval_duration":500000000,"thinking_chars":16,"thinking_detected":false,"outcome":"invalid"}
{"event":"deep_research_model_call","step":"plan","think":true,"attempt":3,"wall_ms":0,"load_duration":0,"prompt_eval_count":0,"prompt_eval_duration":0,"eval_count":5,"eval_duration":500000000,"thinking_chars":16,"thinking_detected":false,"outcome":"invalid"}
{"event":"deep_research_model_call","step":"queries","think":false,"attempt":1,"wall_ms":0,"load_duration":0,"prompt_eval_count":0,"prompt_eval_duration":0,"eval_count":5,"eval_duration":500000000,"thinking_chars":16,"thinking_detected":true,"outcome":"ok"}
{"event":"deep_research_model_call","step":"pages","think":false,"attempt":1,"wall_ms":0,"load_duration":0,"prompt_eval_count":0,"prompt_eval_duration":0,"eval_count":5,"eval_duration":500000000,"thinking_chars":16,"thinking_detected":true,"outcome":"ok"}
{"event":"deep_research_model_call","step":"notes","think":false,"attempt":1,"wall_ms":0,"load_duration":0,"prompt_eval_count":0,"prompt_eval_duration":0,"eval_count":5,"eval_duration":500000000,"thinking_chars":16,"thinking_detected":true,"outcome":"ok"}
{"event":"deep_research_model_call","step":"notes","think":false,"attempt":1,"wall_ms":0,"load_duration":0,"prompt_eval_count":0,"prompt_eval_duration":0,"eval_count":5,"eval_duration":500000000,"thinking_chars":16,"thinking_detected":true,"outcome":"ok"}
{"event":"deep_research_model_call","step":"write","think":true,"attempt":1,"wall_ms":0,"load_duration":0,"prompt_eval_count":0,"prompt_eval_duration":0,"eval_count":5,"eval_duration":500000000,"thinking_chars":17,"thinking_detected":false,"outcome":"invalid"}
{"event":"deep_research_model_call","step":"write","think":true,"attempt":2,"wall_ms":0,"load_duration":0,"prompt_eval_count":0,"prompt_eval_duration":0,"eval_count":5,"eval_duration":500000000,"thinking_chars":17,"thinking_detected":false,"outcome":"invalid"}
{"event":"deep_research_model_call","step":"write","think":true,"attempt":3,"wall_ms":0,"load_duration":0,"prompt_eval_count":0,"prompt_eval_duration":0,"eval_count":5,"eval_duration":500000000,"thinking_chars":17,"thinking_detected":false,"outcome":"invalid"}
{"event":"deep_research_run_end","notes_kept":2,"pages_read":2,"status":"partial","elapsed_ms":0}
{"event":"deep_research_model_call","step":"brief","think":false,"attempt":1,"wall_ms":1,"load_duration":null,"prompt_eval_count":null,"prompt_eval_duration":null,"eval_count":null,"eval_duration":null,"thinking_chars":0,"thinking_detected":false,"outcome":"error"}
{"event":"deep_research_model_call","step":"plan","think":true,"attempt":1,"wall_ms":0,"load_duration":null,"prompt_eval_count":null,"prompt_eval_duration":null,"eval_count":null,"eval_duration":null,"thinking_chars":0,"thinking_detected":false,"outcome":"error"}
{"event":"deep_research_model_call","step":"queries","think":false,"attempt":1,"wall_ms":0,"load_duration":null,"prompt_eval_count":null,"prompt_eval_duration":null,"eval_count":null,"eval_duration":null,"thinking_chars":0,"thinking_detected":false,"outcome":"error"}
{"event":"deep_research_model_call","step":"pages","think":false,"attempt":1,"wall_ms":0,"load_duration":null,"prompt_eval_count":null,"prompt_eval_duration":null,"eval_count":null,"eval_duration":null,"thinking_chars":0,"thinking_detected":false,"outcome":"error"}
{"event":"deep_research_model_call","step":"notes","think":false,"attempt":1,"wall_ms":0,"load_duration":null,"prompt_eval_count":null,"prompt_eval_duration":null,"eval_count":null,"eval_duration":null,"thinking_chars":0,"thinking_detected":false,"outcome":"error"}
{"event":"deep_research_model_call","step":"notes","think":false,"attempt":1,"wall_ms":0,"load_duration":null,"prompt_eval_count":null,"prompt_eval_duration":null,"eval_count":null,"eval_duration":null,"thinking_chars":0,"thinking_detected":false,"outcome":"error"}
{"event":"deep_research_run_end","notes_kept":0,"pages_read":2,"status":"failed","elapsed_ms":1}
{"event":"deep_research_model_call","step":"brief","think":false,"attempt":1,"wall_ms":0,"load_duration":null,"prompt_eval_count":null,"prompt_eval_duration":null,"eval_count":null,"eval_duration":null,"thinking_chars":0,"thinking_detected":false,"outcome":"error"}
{"event":"deep_research_model_call","step":"plan","think":true,"attempt":1,"wall_ms":0,"load_duration":null,"prompt_eval_count":null,"prompt_eval_duration":null,"eval_count":null,"eval_duration":null,"thinking_chars":0,"thinking_detected":false,"outcome":"error"}
{"event":"deep_research_model_call","step":"queries","think":false,"attempt":1,"wall_ms":0,"load_duration":null,"prompt_eval_count":null,"prompt_eval_duration":null,"eval_count":null,"eval_duration":null,"thinking_chars":0,"thinking_detected":false,"outcome":"error"}
{"event":"deep_research_model_call","step":"queries","think":false,"attempt":1,"wall_ms":0,"load_duration":null,"prompt_eval_count":null,"prompt_eval_duration":null,"eval_count":null,"eval_duration":null,"thinking_chars":0,"thinking_detected":false,"outcome":"error"}
{"event":"deep_research_model_call","step":"queries","think":false,"attempt":1,"wall_ms":0,"load_duration":null,"prompt_eval_count":null,"prompt_eval_duration":null,"eval_count":null,"eval_duration":null,"thinking_chars":0,"thinking_detected":false,"outcome":"error"}
{"event":"deep_research_model_call","step":"pages","think":false,"attempt":1,"wall_ms":0,"load_duration":null,"prompt_eval_count":null,"prompt_eval_duration":null,"eval_count":null,"eval_duration":null,"thinking_chars":0,"thinking_detected":false,"outcome":"error"}
{"event":"deep_research_model_call","step":"notes","think":false,"attempt":1,"wall_ms":0,"load_duration":null,"prompt_eval_count":null,"prompt_eval_duration":null,"eval_count":null,"eval_duration":null,"thinking_chars":0,"thinking_detected":false,"outcome":"error"}
{"event":"deep_research_model_call","step":"notes","think":false,"attempt":1,"wall_ms":0,"load_duration":null,"prompt_eval_count":null,"prompt_eval_duration":null,"eval_count":null,"eval_duration":null,"thinking_chars":0,"thinking_detected":false,"outcome":"error"}
{"event":"deep_research_run_end","notes_kept":0,"pages_read":2,"status":"failed","elapsed_ms":0}
{"event":"deep_research_model_call","step":"brief","think":false,"attempt":1,"wall_ms":0,"load_duration":0,"prompt_eval_count":0,"prompt_eval_duration":0,"eval_count":5,"eval_duration":500000000,"thinking_chars":16,"thinking_detected":true,"outcome":"ok"}
{"event":"deep_research_model_call","step":"plan","think":true,"attempt":1,"wall_ms":0,"load_duration":0,"prompt_eval_count":0,"prompt_eval_duration":0,"eval_count":5,"eval_duration":500000000,"thinking_chars":16,"thinking_detected":false,"outcome":"ok"}
{"event":"deep_research_model_call","step":"queries","think":false,"attempt":1,"wall_ms":0,"load_duration":0,"prompt_eval_count":0,"prompt_eval_duration":0,"eval_count":5,"eval_duration":500000000,"thinking_chars":16,"thinking_detected":true,"outcome":"ok"}
{"event":"deep_research_model_call","step":"pages","think":false,"attempt":1,"wall_ms":0,"load_duration":0,"prompt_eval_count":0,"prompt_eval_duration":0,"eval_count":5,"eval_duration":500000000,"thinking_chars":16,"thinking_detected":true,"outcome":"ok"}
{"event":"deep_research_model_call","step":"notes","think":false,"attempt":1,"wall_ms":0,"load_duration":0,"prompt_eval_count":0,"prompt_eval_duration":0,"eval_count":5,"eval_duration":500000000,"thinking_chars":16,"thinking_detected":true,"outcome":"ok"}
{"event":"deep_research_model_call","step":"queries","think":false,"attempt":1,"wall_ms":0,"load_duration":0,"prompt_eval_count":0,"prompt_eval_duration":0,"eval_count":5,"eval_duration":500000000,"thinking_chars":16,"thinking_detected":true,"outcome":"ok"}
{"event":"deep_research_model_call","step":"queries","think":false,"attempt":1,"wall_ms":0,"load_duration":0,"prompt_eval_count":0,"prompt_eval_duration":0,"eval_count":5,"eval_duration":500000000,"thinking_chars":16,"thinking_detected":true,"outcome":"ok"}
{"event":"deep_research_model_call","step":"queries","think":false,"attempt":1,"wall_ms":0,"load_duration":0,"prompt_eval_count":0,"prompt_eval_duration":0,"eval_count":5,"eval_duration":500000000,"thinking_chars":16,"thinking_detected":true,"outcome":"ok"}
{"event":"deep_research_model_call","step":"pages","think":false,"attempt":1,"wall_ms":0,"load_duration":0,"prompt_eval_count":0,"prompt_eval_duration":0,"eval_count":5,"eval_duration":500000000,"thinking_chars":16,"thinking_detected":true,"outcome":"ok"}
{"event":"deep_research_model_call","step":"notes","think":false,"attempt":1,"wall_ms":0,"load_duration":0,"prompt_eval_count":0,"prompt_eval_duration":0,"eval_count":5,"eval_duration":500000000,"thinking_chars":17,"thinking_detected":true,"outcome":"ok"}
{"event":"deep_research_model_call","step":"notes","think":false,"attempt":1,"wall_ms":0,"load_duration":0,"prompt_eval_count":0,"prompt_eval_duration":0,"eval_count":5,"eval_duration":500000000,"thinking_chars":17,"thinking_detected":true,"outcome":"ok"}
{"event":"deep_research_model_call","step":"notes","think":false,"attempt":1,"wall_ms":0,"load_duration":0,"prompt_eval_count":0,"prompt_eval_duration":0,"eval_count":5,"eval_duration":500000000,"thinking_chars":17,"thinking_detected":true,"outcome":"ok"}
{"event":"deep_research_model_call","step":"write","think":true,"attempt":1,"wall_ms":0,"load_duration":0,"prompt_eval_count":0,"prompt_eval_duration":0,"eval_count":5,"eval_duration":500000000,"thinking_chars":17,"thinking_detected":false,"outcome":"ok"}
{"event":"deep_research_run_end","notes_kept":4,"pages_read":4,"status":"complete","elapsed_ms":0}
{"event":"deep_research_model_call","step":"brief","think":false,"attempt":1,"wall_ms":0,"load_duration":0,"prompt_eval_count":0,"prompt_eval_duration":0,"eval_count":5,"eval_duration":500000000,"thinking_chars":16,"thinking_detected":true,"outcome":"ok"}
{"event":"deep_research_model_call","step":"plan","think":true,"attempt":1,"wall_ms":0,"load_duration":0,"prompt_eval_count":0,"prompt_eval_duration":0,"eval_count":5,"eval_duration":500000000,"thinking_chars":16,"thinking_detected":false,"outcome":"ok"}
{"event":"deep_research_model_call","step":"queries","think":false,"attempt":1,"wall_ms":0,"load_duration":0,"prompt_eval_count":0,"prompt_eval_duration":0,"eval_count":5,"eval_duration":500000000,"thinking_chars":16,"thinking_detected":true,"outcome":"ok"}
{"event":"deep_research_model_call","step":"pages","think":false,"attempt":1,"wall_ms":0,"load_duration":0,"prompt_eval_count":0,"prompt_eval_duration":0,"eval_count":5,"eval_duration":500000000,"thinking_chars":16,"thinking_detected":true,"outcome":"ok"}
{"event":"deep_research_model_call","step":"notes","think":false,"attempt":1,"wall_ms":0,"load_duration":0,"prompt_eval_count":0,"prompt_eval_duration":0,"eval_count":5,"eval_duration":500000000,"thinking_chars":16,"thinking_detected":true,"outcome":"ok"}
{"event":"deep_research_model_call","step":"gap","think":false,"attempt":1,"wall_ms":0,"load_duration":0,"prompt_eval_count":0,"prompt_eval_duration":0,"eval_count":5,"eval_duration":500000000,"thinking_chars":16,"thinking_detected":true,"outcome":"ok"}
{"event":"deep_research_model_call","step":"pages","think":false,"attempt":1,"wall_ms":0,"load_duration":0,"prompt_eval_count":0,"prompt_eval_duration":0,"eval_count":5,"eval_duration":500000000,"thinking_chars":16,"thinking_detected":true,"outcome":"ok"}
{"event":"deep_research_model_call","step":"notes","think":false,"attempt":1,"wall_ms":0,"load_duration":0,"prompt_eval_count":0,"prompt_eval_duration":0,"eval_count":5,"eval_duration":500000000,"thinking_chars":16,"thinking_detected":true,"outcome":"ok"}
{"event":"deep_research_model_call","step":"write","think":true,"attempt":1,"wall_ms":0,"load_duration":0,"prompt_eval_count":0,"prompt_eval_duration":0,"eval_count":5,"eval_duration":500000000,"thinking_chars":16,"thinking_detected":false,"outcome":"ok"}
{"event":"deep_research_run_end","notes_kept":4,"pages_read":2,"status":"complete","elapsed_ms":0}
{"event":"deep_research_model_call","step":"brief","think":false,"attempt":1,"wall_ms":0,"load_duration":0,"prompt_eval_count":0,"prompt_eval_duration":0,"eval_count":5,"eval_duration":500000000,"thinking_chars":16,"thinking_detected":true,"outcome":"ok"}
{"event":"deep_research_model_call","step":"plan","think":true,"attempt":1,"wall_ms":1,"load_duration":0,"prompt_eval_count":0,"prompt_eval_duration":0,"eval_count":5,"eval_duration":500000000,"thinking_chars":16,"thinking_detected":false,"outcome":"ok"}
{"event":"deep_research_model_call","step":"queries","think":false,"attempt":1,"wall_ms":0,"load_duration":0,"prompt_eval_count":0,"prompt_eval_duration":0,"eval_count":5,"eval_duration":500000000,"thinking_chars":16,"thinking_detected":true,"outcome":"ok"}
{"event":"deep_research_model_call","step":"pages","think":false,"attempt":1,"wall_ms":0,"load_duration":0,"prompt_eval_count":0,"prompt_eval_duration":0,"eval_count":5,"eval_duration":500000000,"thinking_chars":16,"thinking_detected":true,"outcome":"ok"}
{"event":"deep_research_model_call","step":"notes","think":false,"attempt":1,"wall_ms":0,"load_duration":0,"prompt_eval_count":0,"prompt_eval_duration":0,"eval_count":5,"eval_duration":500000000,"thinking_chars":16,"thinking_detected":true,"outcome":"ok"}
{"event":"deep_research_model_call","step":"notes","think":false,"attempt":1,"wall_ms":0,"load_duration":0,"prompt_eval_count":0,"prompt_eval_duration":0,"eval_count":5,"eval_duration":500000000,"thinking_chars":16,"thinking_detected":true,"outcome":"ok"}
{"event":"deep_research_model_call","step":"write","think":true,"attempt":1,"wall_ms":0,"load_duration":0,"prompt_eval_count":0,"prompt_eval_duration":0,"eval_count":5,"eval_duration":500000000,"thinking_chars":16,"thinking_detected":false,"outcome":"ok"}
{"event":"deep_research_run_end","notes_kept":2,"pages_read":2,"status":"complete","elapsed_ms":1}
{"event":"deep_research_model_call","step":"brief","think":false,"attempt":1,"wall_ms":0,"load_duration":0,"prompt_eval_count":0,"prompt_eval_duration":0,"eval_count":5,"eval_duration":500000000,"thinking_chars":16,"thinking_detected":true,"outcome":"ok"}
{"event":"deep_research_model_call","step":"plan","think":true,"attempt":1,"wall_ms":0,"load_duration":0,"prompt_eval_count":0,"prompt_eval_duration":0,"eval_count":5,"eval_duration":500000000,"thinking_chars":16,"thinking_detected":false,"outcome":"ok"}
{"event":"deep_research_model_call","step":"queries","think":false,"attempt":1,"wall_ms":0,"load_duration":0,"prompt_eval_count":0,"prompt_eval_duration":0,"eval_count":5,"eval_duration":500000000,"thinking_chars":16,"thinking_detected":true,"outcome":"ok"}
{"event":"deep_research_model_call","step":"pages","think":false,"attempt":1,"wall_ms":0,"load_duration":0,"prompt_eval_count":0,"prompt_eval_duration":0,"eval_count":5,"eval_duration":500000000,"thinking_chars":16,"thinking_detected":true,"outcome":"ok"}
{"event":"deep_research_model_call","step":"notes","think":false,"attempt":1,"wall_ms":0,"load_duration":0,"prompt_eval_count":0,"prompt_eval_duration":0,"eval_count":5,"eval_duration":500000000,"thinking_chars":16,"thinking_detected":true,"outcome":"ok"}
{"event":"deep_research_model_call","step":"queries","think":false,"attempt":1,"wall_ms":0,"load_duration":0,"prompt_eval_count":0,"prompt_eval_duration":0,"eval_count":5,"eval_duration":500000000,"thinking_chars":16,"thinking_detected":true,"outcome":"ok"}
{"event":"deep_research_model_call","step":"pages","think":false,"attempt":1,"wall_ms":0,"load_duration":0,"prompt_eval_count":0,"prompt_eval_duration":0,"eval_count":5,"eval_duration":500000000,"thinking_chars":16,"thinking_detected":true,"outcome":"ok"}
{"event":"deep_research_model_call","step":"notes","think":false,"attempt":1,"wall_ms":1,"load_duration":0,"prompt_eval_count":0,"prompt_eval_duration":0,"eval_count":5,"eval_duration":500000000,"thinking_chars":16,"thinking_detected":true,"outcome":"ok"}
{"event":"deep_research_model_call","step":"notes","think":false,"attempt":1,"wall_ms":0,"load_duration":0,"prompt_eval_count":0,"prompt_eval_duration":0,"eval_count":5,"eval_duration":500000000,"thinking_chars":16,"thinking_detected":true,"outcome":"ok"}
{"event":"deep_research_model_call","step":"notes","think":false,"attempt":1,"wall_ms":0,"load_duration":0,"prompt_eval_count":0,"prompt_eval_duration":0,"eval_count":5,"eval_duration":500000000,"thinking_chars":17,"thinking_detected":true,"outcome":"ok"}
{"event":"deep_research_model_call","step":"write","think":true,"attempt":1,"wall_ms":0,"load_duration":0,"prompt_eval_count":0,"prompt_eval_duration":0,"eval_count":5,"eval_duration":500000000,"thinking_chars":17,"thinking_detected":false,"outcome":"ok"}
{"event":"deep_research_run_end","notes_kept":4,"pages_read":4,"status":"complete","elapsed_ms":1}
{"event":"deep_research_model_call","step":"brief","think":false,"attempt":1,"wall_ms":0,"load_duration":0,"prompt_eval_count":0,"prompt_eval_duration":0,"eval_count":5,"eval_duration":500000000,"thinking_chars":16,"thinking_detected":true,"outcome":"ok"}
{"event":"deep_research_model_call","step":"plan","think":true,"attempt":1,"wall_ms":0,"load_duration":0,"prompt_eval_count":0,"prompt_eval_duration":0,"eval_count":5,"eval_duration":500000000,"thinking_chars":16,"thinking_detected":false,"outcome":"ok"}
{"event":"deep_research_model_call","step":"queries","think":false,"attempt":1,"wall_ms":0,"load_duration":0,"prompt_eval_count":0,"prompt_eval_duration":0,"eval_count":5,"eval_duration":500000000,"thinking_chars":16,"thinking_detected":true,"outcome":"ok"}
{"event":"deep_research_model_call","step":"brief","think":false,"attempt":1,"wall_ms":0,"load_duration":0,"prompt_eval_count":0,"prompt_eval_duration":0,"eval_count":5,"eval_duration":500000000,"thinking_chars":16,"thinking_detected":true,"outcome":"ok"}
{"event":"deep_research_model_call","step":"plan","think":true,"attempt":1,"wall_ms":0,"load_duration":0,"prompt_eval_count":0,"prompt_eval_duration":0,"eval_count":5,"eval_duration":500000000,"thinking_chars":16,"thinking_detected":false,"outcome":"ok"}
{"event":"deep_research_model_call","step":"queries","think":false,"attempt":1,"wall_ms":0,"load_duration":0,"prompt_eval_count":0,"prompt_eval_duration":0,"eval_count":5,"eval_duration":500000000,"thinking_chars":16,"thinking_detected":true,"outcome":"ok"}
{"event":"deep_research_model_call","step":"pages","think":false,"attempt":1,"wall_ms":0,"load_duration":0,"prompt_eval_count":0,"prompt_eval_duration":0,"eval_count":5,"eval_duration":500000000,"thinking_chars":16,"thinking_detected":true,"outcome":"ok"}
{"event":"deep_research_model_call","step":"notes","think":false,"attempt":1,"wall_ms":0,"load_duration":0,"prompt_eval_count":0,"prompt_eval_duration":0,"eval_count":5,"eval_duration":500000000,"thinking_chars":16,"thinking_detected":true,"outcome":"ok"}
{"event":"deep_research_model_call","step":"queries","think":false,"attempt":1,"wall_ms":0,"load_duration":0,"prompt_eval_count":0,"prompt_eval_duration":0,"eval_count":5,"eval_duration":500000000,"thinking_chars":16,"thinking_detected":true,"outcome":"ok"}
{"event":"deep_research_model_call","step":"pages","think":false,"attempt":1,"wall_ms":0,"load_duration":0,"prompt_eval_count":0,"prompt_eval_duration":0,"eval_count":5,"eval_duration":500000000,"thinking_chars":16,"thinking_detected":true,"outcome":"ok"}
{"event":"deep_research_model_call","step":"notes","think":false,"attempt":1,"wall_ms":0,"load_duration":0,"prompt_eval_count":0,"prompt_eval_duration":0,"eval_count":5,"eval_duration":500000000,"thinking_chars":16,"thinking_detected":true,"outcome":"ok"}
{"event":"deep_research_model_call","step":"notes","think":false,"attempt":1,"wall_ms":0,"load_duration":0,"prompt_eval_count":0,"prompt_eval_duration":0,"eval_count":5,"eval_duration":500000000,"thinking_chars":16,"thinking_detected":true,"outcome":"ok"}
{"event":"deep_research_model_call","step":"write","think":true,"attempt":1,"wall_ms":0,"load_duration":0,"prompt_eval_count":0,"prompt_eval_duration":0,"eval_count":5,"eval_duration":500000000,"thinking_chars":17,"thinking_detected":false,"outcome":"ok"}
{"event":"deep_research_run_end","notes_kept":3,"pages_read":3,"status":"complete","elapsed_ms":1}
{"event":"deep_research_model_call","step":"brief","think":false,"attempt":1,"wall_ms":0,"load_duration":0,"prompt_eval_count":0,"prompt_eval_duration":0,"eval_count":5,"eval_duration":500000000,"thinking_chars":16,"thinking_detected":true,"outcome":"ok"}
{"event":"deep_research_model_call","step":"plan","think":true,"attempt":1,"wall_ms":0,"load_duration":0,"prompt_eval_count":0,"prompt_eval_duration":0,"eval_count":5,"eval_duration":500000000,"thinking_chars":16,"thinking_detected":false,"outcome":"ok"}
{"event":"deep_research_model_call","step":"queries","think":false,"attempt":1,"wall_ms":0,"load_duration":0,"prompt_eval_count":0,"prompt_eval_duration":0,"eval_count":5,"eval_duration":500000000,"thinking_chars":16,"thinking_detected":true,"outcome":"ok"}
{"event":"deep_research_model_call","step":"pages","think":false,"attempt":1,"wall_ms":0,"load_duration":0,"prompt_eval_count":0,"prompt_eval_duration":0,"eval_count":5,"eval_duration":500000000,"thinking_chars":16,"thinking_detected":true,"outcome":"ok"}
{"event":"deep_research_model_call","step":"notes","think":false,"attempt":1,"wall_ms":0,"load_duration":0,"prompt_eval_count":0,"prompt_eval_duration":0,"eval_count":5,"eval_duration":500000000,"thinking_chars":16,"thinking_detected":true,"outcome":"ok"}
{"event":"deep_research_model_call","step":"queries","think":false,"attempt":1,"wall_ms":0,"load_duration":0,"prompt_eval_count":0,"prompt_eval_duration":0,"eval_count":5,"eval_duration":500000000,"thinking_chars":16,"thinking_detected":true,"outcome":"ok"}
{"event":"deep_research_model_call","step":"pages","think":false,"attempt":1,"wall_ms":0,"load_duration":0,"prompt_eval_count":0,"prompt_eval_duration":0,"eval_count":5,"eval_duration":500000000,"thinking_chars":16,"thinking_detected":true,"outcome":"ok"}
{"event":"deep_research_model_call","step":"notes","think":false,"attempt":1,"wall_ms":1,"load_duration":0,"prompt_eval_count":0,"prompt_eval_duration":0,"eval_count":5,"eval_duration":500000000,"thinking_chars":16,"thinking_detected":true,"outcome":"ok"}
{"event":"deep_research_model_call","step":"write","think":true,"attempt":1,"wall_ms":0,"load_duration":0,"prompt_eval_count":0,"prompt_eval_duration":0,"eval_count":5,"eval_duration":500000000,"thinking_chars":16,"thinking_detected":false,"outcome":"ok"}
{"event":"deep_research_run_end","notes_kept":2,"pages_read":2,"status":"complete","elapsed_ms":1}
{"event":"deep_research_model_call","step":"brief","think":false,"attempt":1,"wall_ms":0,"load_duration":0,"prompt_eval_count":0,"prompt_eval_duration":0,"eval_count":5,"eval_duration":500000000,"thinking_chars":16,"thinking_detected":true,"outcome":"ok"}
{"event":"deep_research_model_call","step":"plan","think":true,"attempt":1,"wall_ms":0,"load_duration":0,"prompt_eval_count":0,"prompt_eval_duration":0,"eval_count":5,"eval_duration":500000000,"thinking_chars":16,"thinking_detected":false,"outcome":"ok"}
{"event":"deep_research_model_call","step":"queries","think":false,"attempt":1,"wall_ms":0,"load_duration":0,"prompt_eval_count":0,"prompt_eval_duration":0,"eval_count":5,"eval_duration":500000000,"thinking_chars":16,"thinking_detected":true,"outcome":"ok"}
{"event":"deep_research_model_call","step":"pages","think":false,"attempt":1,"wall_ms":0,"load_duration":0,"prompt_eval_count":0,"prompt_eval_duration":0,"eval_count":5,"eval_duration":500000000,"thinking_chars":16,"thinking_detected":true,"outcome":"ok"}
{"event":"deep_research_model_call","step":"notes","think":false,"attempt":1,"wall_ms":0,"load_duration":0,"prompt_eval_count":0,"prompt_eval_duration":0,"eval_count":5,"eval_duration":500000000,"thinking_chars":16,"thinking_detected":true,"outcome":"ok"}
{"event":"deep_research_model_call","step":"notes","think":false,"attempt":1,"wall_ms":0,"load_duration":0,"prompt_eval_count":0,"prompt_eval_duration":0,"eval_count":5,"eval_duration":500000000,"thinking_chars":16,"thinking_detected":true,"outcome":"ok"}
{"event":"deep_research_model_call","step":"write","think":true,"attempt":1,"wall_ms":0,"load_duration":0,"prompt_eval_count":0,"prompt_eval_duration":0,"eval_count":5,"eval_duration":500000000,"thinking_chars":16,"thinking_detected":false,"outcome":"ok"}
{"event":"deep_research_run_end","notes_kept":2,"pages_read":2,"status":"complete","elapsed_ms":0}
{"event":"deep_research_model_call","step":"brief","think":false,"attempt":1,"wall_ms":0,"load_duration":0,"prompt_eval_count":0,"prompt_eval_duration":0,"eval_count":5,"eval_duration":500000000,"thinking_chars":16,"thinking_detected":true,"outcome":"ok"}
{"event":"deep_research_model_call","step":"plan","think":true,"attempt":1,"wall_ms":0,"load_duration":0,"prompt_eval_count":0,"prompt_eval_duration":0,"eval_count":5,"eval_duration":500000000,"thinking_chars":16,"thinking_detected":false,"outcome":"ok"}
{"event":"deep_research_model_call","step":"queries","think":false,"attempt":1,"wall_ms":0,"load_duration":0,"prompt_eval_count":0,"prompt_eval_duration":0,"eval_count":5,"eval_duration":500000000,"thinking_chars":16,"thinking_detected":true,"outcome":"ok"}
{"event":"deep_research_model_call","step":"pages","think":false,"attempt":1,"wall_ms":0,"load_duration":0,"prompt_eval_count":0,"prompt_eval_duration":0,"eval_count":5,"eval_duration":500000000,"thinking_chars":16,"thinking_detected":true,"outcome":"ok"}
{"event":"deep_research_model_call","step":"notes","think":false,"attempt":1,"wall_ms":1,"load_duration":0,"prompt_eval_count":0,"prompt_eval_duration":0,"eval_count":5,"eval_duration":500000000,"thinking_chars":16,"thinking_detected":true,"outcome":"ok"}
{"event":"deep_research_model_call","step":"notes","think":false,"attempt":1,"wall_ms":0,"load_duration":0,"prompt_eval_count":0,"prompt_eval_duration":0,"eval_count":5,"eval_duration":500000000,"thinking_chars":16,"thinking_detected":true,"outcome":"ok"}
{"event":"deep_research_model_call","step":"write","think":true,"attempt":1,"wall_ms":0,"load_duration":0,"prompt_eval_count":0,"prompt_eval_duration":0,"eval_count":5,"eval_duration":500000000,"thinking_chars":16,"thinking_detected":false,"outcome":"ok"}
{"event":"deep_research_run_end","notes_kept":2,"pages_read":2,"status":"complete","elapsed_ms":1}
{"event":"deep_research_model_call","step":"brief","think":false,"attempt":1,"wall_ms":0,"load_duration":0,"prompt_eval_count":0,"prompt_eval_duration":0,"eval_count":5,"eval_duration":500000000,"thinking_chars":16,"thinking_detected":true,"outcome":"ok"}
{"event":"deep_research_model_call","step":"plan","think":true,"attempt":1,"wall_ms":0,"load_duration":0,"prompt_eval_count":0,"prompt_eval_duration":0,"eval_count":5,"eval_duration":500000000,"thinking_chars":16,"thinking_detected":false,"outcome":"ok"}
{"event":"deep_research_model_call","step":"queries","think":false,"attempt":1,"wall_ms":0,"load_duration":0,"prompt_eval_count":0,"prompt_eval_duration":0,"eval_count":5,"eval_duration":500000000,"thinking_chars":16,"thinking_detected":true,"outcome":"ok"}
{"event":"deep_research_model_call","step":"pages","think":false,"attempt":1,"wall_ms":0,"load_duration":0,"prompt_eval_count":0,"prompt_eval_duration":0,"eval_count":5,"eval_duration":500000000,"thinking_chars":16,"thinking_detected":true,"outcome":"ok"}
{"event":"deep_research_model_call","step":"notes","think":false,"attempt":1,"wall_ms":0,"load_duration":0,"prompt_eval_count":0,"prompt_eval_duration":0,"eval_count":5,"eval_duration":500000000,"thinking_chars":16,"thinking_detected":true,"outcome":"ok"}
{"event":"deep_research_model_call","step":"notes","think":false,"attempt":1,"wall_ms":0,"load_duration":0,"prompt_eval_count":0,"prompt_eval_duration":0,"eval_count":5,"eval_duration":500000000,"thinking_chars":16,"thinking_detected":true,"outcome":"ok"}
{"event":"deep_research_model_call","step":"write","think":true,"attempt":1,"wall_ms":0,"load_duration":0,"prompt_eval_count":0,"prompt_eval_duration":0,"eval_count":5,"eval_duration":500000000,"thinking_chars":16,"thinking_detected":false,"outcome":"ok"}
{"event":"deep_research_run_end","notes_kept":2,"pages_read":2,"status":"complete","elapsed_ms":0}
{"event":"deep_research_model_call","step":"brief","think":false,"attempt":1,"wall_ms":0,"load_duration":0,"prompt_eval_count":0,"prompt_eval_duration":0,"eval_count":5,"eval_duration":500000000,"thinking_chars":16,"thinking_detected":true,"outcome":"ok"}
{"event":"deep_research_model_call","step":"plan","think":true,"attempt":1,"wall_ms":0,"load_duration":0,"prompt_eval_count":0,"prompt_eval_duration":0,"eval_count":5,"eval_duration":500000000,"thinking_chars":16,"thinking_detected":false,"outcome":"ok"}
{"event":"deep_research_model_call","step":"queries","think":false,"attempt":1,"wall_ms":0,"load_duration":0,"prompt_eval_count":0,"prompt_eval_duration":0,"eval_count":5,"eval_duration":500000000,"thinking_chars":16,"thinking_detected":true,"outcome":"ok"}
{"event":"deep_research_model_call","step":"pages","think":false,"attempt":1,"wall_ms":0,"load_duration":0,"prompt_eval_count":0,"prompt_eval_duration":0,"eval_count":5,"eval_duration":500000000,"thinking_chars":16,"thinking_detected":true,"outcome":"ok"}
{"event":"deep_research_model_call","step":"notes","think":false,"attempt":1,"wall_ms":0,"load_duration":0,"prompt_eval_count":0,"prompt_eval_duration":0,"eval_count":5,"eval_duration":500000000,"thinking_chars":16,"thinking_detected":true,"outcome":"ok"}
{"event":"deep_research_model_call","step":"notes","think":false,"attempt":1,"wall_ms":0,"load_duration":0,"prompt_eval_count":0,"prompt_eval_duration":0,"eval_count":5,"eval_duration":500000000,"thinking_chars":16,"thinking_detected":true,"outcome":"ok"}
{"event":"deep_research_model_call","step":"write","think":true,"attempt":1,"wall_ms":0,"load_duration":0,"prompt_eval_count":0,"prompt_eval_duration":0,"eval_count":5,"eval_duration":500000000,"thinking_chars":16,"thinking_detected":false,"outcome":"ok"}
{"event":"deep_research_run_end","notes_kept":2,"pages_read":2,"status":"complete","elapsed_ms":1}
{"event":"deep_research_model_call","step":"brief","think":false,"attempt":1,"wall_ms":0,"load_duration":0,"prompt_eval_count":0,"prompt_eval_duration":0,"eval_count":5,"eval_duration":500000000,"thinking_chars":16,"thinking_detected":true,"outcome":"ok"}
{"event":"deep_research_model_call","step":"plan","think":true,"attempt":1,"wall_ms":0,"load_duration":0,"prompt_eval_count":0,"prompt_eval_duration":0,"eval_count":5,"eval_duration":500000000,"thinking_chars":16,"thinking_detected":false,"outcome":"ok"}
{"event":"deep_research_model_call","step":"queries","think":false,"attempt":1,"wall_ms":0,"load_duration":0,"prompt_eval_count":0,"prompt_eval_duration":0,"eval_count":5,"eval_duration":500000000,"thinking_chars":16,"thinking_detected":true,"outcome":"ok"}
{"event":"deep_research_model_call","step":"pages","think":false,"attempt":1,"wall_ms":0,"load_duration":0,"prompt_eval_count":0,"prompt_eval_duration":0,"eval_count":5,"eval_duration":500000000,"thinking_chars":16,"thinking_detected":true,"outcome":"ok"}
{"event":"deep_research_model_call","step":"notes","think":false,"attempt":1,"wall_ms":0,"load_duration":0,"prompt_eval_count":0,"prompt_eval_duration":0,"eval_count":5,"eval_duration":500000000,"thinking_chars":16,"thinking_detected":true,"outcome":"ok"}
{"event":"deep_research_model_call","step":"queries","think":false,"attempt":1,"wall_ms":0,"load_duration":0,"prompt_eval_count":0,"prompt_eval_duration":0,"eval_count":5,"eval_duration":500000000,"thinking_chars":16,"thinking_detected":true,"outcome":"ok"}
{"event":"deep_research_model_call","step":"pages","think":false,"attempt":1,"wall_ms":0,"load_duration":0,"prompt_eval_count":0,"prompt_eval_duration":0,"eval_count":5,"eval_duration":500000000,"thinking_chars":16,"thinking_detected":true,"outcome":"ok"}
{"event":"deep_research_model_call","step":"notes","think":false,"attempt":1,"wall_ms":0,"load_duration":0,"prompt_eval_count":0,"prompt_eval_duration":0,"eval_count":5,"eval_duration":500000000,"thinking_chars":16,"thinking_detected":true,"outcome":"ok"}
{"event":"deep_research_model_call","step":"notes","think":false,"attempt":1,"wall_ms":0,"load_duration":0,"prompt_eval_count":0,"prompt_eval_duration":0,"eval_count":5,"eval_duration":500000000,"thinking_chars":16,"thinking_detected":true,"outcome":"ok"}
{"event":"deep_research_model_call","step":"notes","think":false,"attempt":1,"wall_ms":0,"load_duration":0,"prompt_eval_count":0,"prompt_eval_duration":0,"eval_count":5,"eval_duration":500000000,"thinking_chars":17,"thinking_detected":true,"outcome":"ok"}
{"event":"deep_research_model_call","step":"write","think":true,"attempt":1,"wall_ms":0,"load_duration":0,"prompt_eval_count":0,"prompt_eval_duration":0,"eval_count":5,"eval_duration":500000000,"thinking_chars":17,"thinking_detected":false,"outcome":"ok"}
{"event":"deep_research_run_end","notes_kept":4,"pages_read":4,"status":"complete","elapsed_ms":0}
{"event":"deep_research_model_call","step":"brief","think":false,"attempt":1,"wall_ms":0,"load_duration":0,"prompt_eval_count":0,"prompt_eval_duration":0,"eval_count":5,"eval_duration":500000000,"thinking_chars":16,"thinking_detected":true,"outcome":"ok"}
{"event":"deep_research_model_call","step":"plan","think":true,"attempt":1,"wall_ms":0,"load_duration":0,"prompt_eval_count":0,"prompt_eval_duration":0,"eval_count":5,"eval_duration":500000000,"thinking_chars":16,"thinking_detected":false,"outcome":"ok"}
{"event":"deep_research_model_call","step":"queries","think":false,"attempt":1,"wall_ms":0,"load_duration":0,"prompt_eval_count":0,"prompt_eval_duration":0,"eval_count":5,"eval_duration":500000000,"thinking_chars":16,"thinking_detected":true,"outcome":"ok"}
{"event":"deep_research_model_call","step":"pages","think":false,"attempt":1,"wall_ms":0,"load_duration":0,"prompt_eval_count":0,"prompt_eval_duration":0,"eval_count":5,"eval_duration":500000000,"thinking_chars":16,"thinking_detected":true,"outcome":"ok"}
{"event":"deep_research_model_call","step":"notes","think":false,"attempt":1,"wall_ms":0,"load_duration":0,"prompt_eval_count":0,"prompt_eval_duration":0,"eval_count":5,"eval_duration":500000000,"thinking_chars":16,"thinking_detected":true,"outcome":"ok"}
{"event":"deep_research_model_call","step":"queries","think":false,"attempt":1,"wall_ms":0,"load_duration":0,"prompt_eval_count":0,"prompt_eval_duration":0,"eval_count":5,"eval_duration":500000000,"thinking_chars":16,"thinking_detected":true,"outcome":"ok"}
{"event":"deep_research_model_call","step":"write","think":true,"attempt":1,"wall_ms":0,"load_duration":0,"prompt_eval_count":0,"prompt_eval_duration":0,"eval_count":5,"eval_duration":500000000,"thinking_chars":16,"thinking_detected":false,"outcome":"ok"}
{"event":"deep_research_run_end","notes_kept":1,"pages_read":2,"status":"partial","elapsed_ms":704}
{"event":"deep_research_model_call","step":"brief","think":false,"attempt":1,"wall_ms":0,"load_duration":0,"prompt_eval_count":0,"prompt_eval_duration":0,"eval_count":5,"eval_duration":500000000,"thinking_chars":16,"thinking_detected":true,"outcome":"ok"}
{"event":"deep_research_model_call","step":"plan","think":true,"attempt":1,"wall_ms":0,"load_duration":0,"prompt_eval_count":0,"prompt_eval_duration":0,"eval_count":5,"eval_duration":500000000,"thinking_chars":16,"thinking_detected":false,"outcome":"ok"}
{"event":"deep_research_model_call","step":"queries","think":false,"attempt":1,"wall_ms":0,"load_duration":0,"prompt_eval_count":0,"prompt_eval_duration":0,"eval_count":5,"eval_duration":500000000,"thinking_chars":16,"thinking_detected":true,"outcome":"ok"}
{"event":"deep_research_model_call","step":"queries","think":false,"attempt":1,"wall_ms":0,"load_duration":0,"prompt_eval_count":0,"prompt_eval_duration":0,"eval_count":5,"eval_duration":500000000,"thinking_chars":16,"thinking_detected":true,"outcome":"ok"}
{"event":"deep_research_model_call","step":"gap","think":false,"attempt":1,"wall_ms":0,"load_duration":0,"prompt_eval_count":0,"prompt_eval_duration":0,"eval_count":5,"eval_duration":500000000,"thinking_chars":16,"thinking_detected":true,"outcome":"ok"}
{"event":"deep_research_model_call","step":"gap","think":false,"attempt":1,"wall_ms":0,"load_duration":0,"prompt_eval_count":0,"prompt_eval_duration":0,"eval_count":5,"eval_duration":500000000,"thinking_chars":16,"thinking_detected":true,"outcome":"ok"}
{"event":"deep_research_run_end","notes_kept":0,"pages_read":0,"status":"failed","elapsed_ms":1}
{"event":"deep_research_model_call","step":"brief","think":false,"attempt":1,"wall_ms":0,"load_duration":0,"prompt_eval_count":0,"prompt_eval_duration":0,"eval_count":5,"eval_duration":500000000,"thinking_chars":16,"thinking_detected":true,"outcome":"ok"}
{"event":"deep_research_model_call","step":"plan","think":true,"attempt":1,"wall_ms":0,"load_duration":0,"prompt_eval_count":0,"prompt_eval_duration":0,"eval_count":5,"eval_duration":500000000,"thinking_chars":16,"thinking_detected":false,"outcome":"ok"}
{"event":"deep_research_model_call","step":"queries","think":false,"attempt":1,"wall_ms":0,"load_duration":0,"prompt_eval_count":0,"prompt_eval_duration":0,"eval_count":5,"eval_duration":500000000,"thinking_chars":16,"thinking_detected":true,"outcome":"ok"}
{"event":"deep_research_model_call","step":"queries","think":false,"attempt":1,"wall_ms":0,"load_duration":0,"prompt_eval_count":0,"prompt_eval_duration":0,"eval_count":5,"eval_duration":500000000,"thinking_chars":16,"thinking_detected":true,"outcome":"ok"}
{"event":"deep_research_model_call","step":"gap","think":false,"attempt":1,"wall_ms":0,"load_duration":0,"prompt_eval_count":0,"prompt_eval_duration":0,"eval_count":5,"eval_duration":500000000,"thinking_chars":16,"thinking_detected":true,"outcome":"ok"}
{"event":"deep_research_model_call","step":"gap","think":false,"attempt":1,"wall_ms":0,"load_duration":0,"prompt_eval_count":0,"prompt_eval_duration":0,"eval_count":5,"eval_duration":500000000,"thinking_chars":16,"thinking_detected":true,"outcome":"ok"}
{"event":"deep_research_run_end","notes_kept":0,"pages_read":0,"status":"failed","elapsed_ms":0}
{"event":"deep_research_model_call","step":"brief","think":false,"attempt":1,"wall_ms":0,"load_duration":0,"prompt_eval_count":0,"prompt_eval_duration":0,"eval_count":5,"eval_duration":500000000,"thinking_chars":16,"thinking_detected":true,"outcome":"ok"}
{"event":"deep_research_model_call","step":"plan","think":true,"attempt":1,"wall_ms":0,"load_duration":0,"prompt_eval_count":0,"prompt_eval_duration":0,"eval_count":5,"eval_duration":500000000,"thinking_chars":16,"thinking_detected":false,"outcome":"ok"}
{"event":"deep_research_model_call","step":"queries","think":false,"attempt":1,"wall_ms":0,"load_duration":0,"prompt_eval_count":0,"prompt_eval_duration":0,"eval_count":5,"eval_duration":500000000,"thinking_chars":16,"thinking_detected":true,"outcome":"ok"}
{"event":"deep_research_run_end","notes_kept":0,"pages_read":0,"status":"failed","elapsed_ms":454}
{"event":"deep_research_model_call","step":"brief","think":false,"attempt":1,"wall_ms":0,"load_duration":0,"prompt_eval_count":0,"prompt_eval_duration":0,"eval_count":5,"eval_duration":500000000,"thinking_chars":16,"thinking_detected":true,"outcome":"ok"}
{"event":"deep_research_model_call","step":"plan","think":true,"attempt":1,"wall_ms":0,"load_duration":0,"prompt_eval_count":0,"prompt_eval_duration":0,"eval_count":5,"eval_duration":500000000,"thinking_chars":16,"thinking_detected":false,"outcome":"ok"}
{"event":"deep_research_model_call","step":"queries","think":false,"attempt":1,"wall_ms":0,"load_duration":0,"prompt_eval_count":0,"prompt_eval_duration":0,"eval_count":5,"eval_duration":500000000,"thinking_chars":16,"thinking_detected":true,"outcome":"ok"}
{"event":"deep_research_run_end","notes_kept":0,"pages_read":0,"status":"failed","elapsed_ms":452}
{"event":"deep_research_model_call","step":"brief","think":false,"attempt":1,"wall_ms":0,"load_duration":0,"prompt_eval_count":0,"prompt_eval_duration":0,"eval_count":5,"eval_duration":500000000,"thinking_chars":16,"thinking_detected":true,"outcome":"ok"}
{"event":"deep_research_model_call","step":"plan","think":true,"attempt":1,"wall_ms":0,"load_duration":0,"prompt_eval_count":0,"prompt_eval_duration":0,"eval_count":5,"eval_duration":500000000,"thinking_chars":16,"thinking_detected":false,"outcome":"ok"}
{"event":"deep_research_model_call","step":"queries","think":false,"attempt":1,"wall_ms":0,"load_duration":0,"prompt_eval_count":0,"prompt_eval_duration":0,"eval_count":5,"eval_duration":500000000,"thinking_chars":16,"thinking_detected":true,"outcome":"ok"}
{"event":"deep_research_model_call","step":"pages","think":false,"attempt":1,"wall_ms":0,"load_duration":0,"prompt_eval_count":0,"prompt_eval_duration":0,"eval_count":5,"eval_duration":500000000,"thinking_chars":16,"thinking_detected":true,"outcome":"ok"}
{"event":"deep_research_model_call","step":"notes","think":false,"attempt":1,"wall_ms":0,"load_duration":0,"prompt_eval_count":0,"prompt_eval_duration":0,"eval_count":5,"eval_duration":500000000,"thinking_chars":16,"thinking_detected":true,"outcome":"ok"}
{"event":"deep_research_model_call","step":"queries","think":false,"attempt":1,"wall_ms":0,"load_duration":0,"prompt_eval_count":0,"prompt_eval_duration":0,"eval_count":5,"eval_duration":500000000,"thinking_chars":16,"thinking_detected":true,"outcome":"ok"}
{"event":"deep_research_model_call","step":"pages","think":false,"attempt":1,"wall_ms":0,"load_duration":0,"prompt_eval_count":0,"prompt_eval_duration":0,"eval_count":5,"eval_duration":500000000,"thinking_chars":16,"thinking_detected":true,"outcome":"ok"}
{"event":"deep_research_model_call","step":"write","think":true,"attempt":1,"wall_ms":1,"load_duration":0,"prompt_eval_count":0,"prompt_eval_duration":0,"eval_count":5,"eval_duration":500000000,"thinking_chars":16,"thinking_detected":false,"outcome":"ok"}
{"event":"deep_research_run_end","notes_kept":1,"pages_read":1,"status":"partial","elapsed_ms":606}
{"event":"deep_research_model_call","step":"brief","think":false,"attempt":1,"wall_ms":0,"load_duration":0,"prompt_eval_count":0,"prompt_eval_duration":0,"eval_count":5,"eval_duration":500000000,"thinking_chars":16,"thinking_detected":true,"outcome":"ok"}
{"event":"deep_research_model_call","step":"plan","think":true,"attempt":1,"wall_ms":0,"load_duration":0,"prompt_eval_count":0,"prompt_eval_duration":0,"eval_count":5,"eval_duration":500000000,"thinking_chars":16,"thinking_detected":false,"outcome":"ok"}
{"event":"deep_research_model_call","step":"queries","think":false,"attempt":1,"wall_ms":603,"load_duration":null,"prompt_eval_count":null,"prompt_eval_duration":null,"eval_count":null,"eval_duration":null,"thinking_chars":0,"thinking_detected":false,"outcome":"aborted"}
{"event":"deep_research_model_call","step":"write","think":true,"attempt":1,"wall_ms":1,"load_duration":0,"prompt_eval_count":0,"prompt_eval_duration":0,"eval_count":5,"eval_duration":500000000,"thinking_chars":16,"thinking_detected":false,"outcome":"ok"}
{"event":"deep_research_run_end","notes_kept":0,"pages_read":0,"status":"partial","elapsed_ms":605}
{"event":"deep_research_model_call","step":"brief","think":false,"attempt":1,"wall_ms":0,"load_duration":0,"prompt_eval_count":0,"prompt_eval_duration":0,"eval_count":5,"eval_duration":500000000,"thinking_chars":16,"thinking_detected":true,"outcome":"ok"}
{"event":"deep_research_model_call","step":"plan","think":true,"attempt":1,"wall_ms":0,"load_duration":0,"prompt_eval_count":0,"prompt_eval_duration":0,"eval_count":5,"eval_duration":500000000,"thinking_chars":16,"thinking_detected":false,"outcome":"ok"}
{"event":"deep_research_model_call","step":"queries","think":false,"attempt":1,"wall_ms":0,"load_duration":0,"prompt_eval_count":0,"prompt_eval_duration":0,"eval_count":5,"eval_duration":500000000,"thinking_chars":16,"thinking_detected":true,"outcome":"ok"}
{"event":"deep_research_model_call","step":"pages","think":false,"attempt":1,"wall_ms":0,"load_duration":0,"prompt_eval_count":0,"prompt_eval_duration":0,"eval_count":5,"eval_duration":500000000,"thinking_chars":16,"thinking_detected":true,"outcome":"ok"}
{"event":"deep_research_model_call","step":"notes","think":false,"attempt":1,"wall_ms":1,"load_duration":0,"prompt_eval_count":0,"prompt_eval_duration":0,"eval_count":5,"eval_duration":500000000,"thinking_chars":16,"thinking_detected":true,"outcome":"ok"}
{"event":"deep_research_model_call","step":"queries","think":false,"attempt":1,"wall_ms":0,"load_duration":0,"prompt_eval_count":0,"prompt_eval_duration":0,"eval_count":5,"eval_duration":500000000,"thinking_chars":16,"thinking_detected":true,"outcome":"ok"}
{"event":"deep_research_model_call","step":"pages","think":false,"attempt":1,"wall_ms":0,"load_duration":0,"prompt_eval_count":0,"prompt_eval_duration":0,"eval_count":5,"eval_duration":500000000,"thinking_chars":16,"thinking_detected":true,"outcome":"ok"}
{"event":"deep_research_model_call","step":"notes","think":false,"attempt":1,"wall_ms":0,"load_duration":0,"prompt_eval_count":0,"prompt_eval_duration":0,"eval_count":5,"eval_duration":500000000,"thinking_chars":16,"thinking_detected":true,"outcome":"ok"}
{"event":"deep_research_model_call","step":"notes","think":false,"attempt":1,"wall_ms":0,"load_duration":0,"prompt_eval_count":0,"prompt_eval_duration":0,"eval_count":5,"eval_duration":500000000,"thinking_chars":16,"thinking_detected":true,"outcome":"ok"}
{"event":"deep_research_model_call","step":"notes","think":false,"attempt":1,"wall_ms":0,"load_duration":0,"prompt_eval_count":0,"prompt_eval_duration":0,"eval_count":5,"eval_duration":500000000,"thinking_chars":17,"thinking_detected":true,"outcome":"ok"}
{"event":"deep_research_model_call","step":"write","think":true,"attempt":1,"wall_ms":700,"load_duration":null,"prompt_eval_count":null,"prompt_eval_duration":null,"eval_count":null,"eval_duration":null,"thinking_chars":0,"thinking_detected":false,"outcome":"aborted"}
{"event":"deep_research_run_end","notes_kept":4,"pages_read":4,"status":"partial","elapsed_ms":702}
{"event":"deep_research_model_call","step":"brief","think":false,"attempt":1,"wall_ms":1,"load_duration":0,"prompt_eval_count":0,"prompt_eval_duration":0,"eval_count":5,"eval_duration":500000000,"thinking_chars":16,"thinking_detected":true,"outcome":"ok"}
{"event":"deep_research_model_call","step":"plan","think":true,"attempt":1,"wall_ms":0,"load_duration":0,"prompt_eval_count":0,"prompt_eval_duration":0,"eval_count":5,"eval_duration":500000000,"thinking_chars":16,"thinking_detected":false,"outcome":"ok"}
{"event":"deep_research_model_call","step":"queries","think":false,"attempt":1,"wall_ms":0,"load_duration":0,"prompt_eval_count":0,"prompt_eval_duration":0,"eval_count":5,"eval_duration":500000000,"thinking_chars":16,"thinking_detected":true,"outcome":"ok"}
{"event":"deep_research_model_call","step":"pages","think":false,"attempt":1,"wall_ms":0,"load_duration":0,"prompt_eval_count":0,"prompt_eval_duration":0,"eval_count":5,"eval_duration":500000000,"thinking_chars":16,"thinking_detected":true,"outcome":"ok"}
{"event":"deep_research_model_call","step":"queries","think":false,"attempt":1,"wall_ms":0,"load_duration":0,"prompt_eval_count":0,"prompt_eval_duration":0,"eval_count":5,"eval_duration":500000000,"thinking_chars":16,"thinking_detected":true,"outcome":"ok"}
{"event":"deep_research_model_call","step":"pages","think":false,"attempt":1,"wall_ms":0,"load_duration":0,"prompt_eval_count":0,"prompt_eval_duration":0,"eval_count":5,"eval_duration":500000000,"thinking_chars":16,"thinking_detected":true,"outcome":"ok"}
{"event":"deep_research_run_end","notes_kept":0,"pages_read":0,"status":"failed","elapsed_ms":2}
{"event":"deep_research_model_call","step":"brief","think":false,"attempt":1,"wall_ms":0,"load_duration":0,"prompt_eval_count":0,"prompt_eval_duration":0,"eval_count":5,"eval_duration":500000000,"thinking_chars":16,"thinking_detected":true,"outcome":"ok"}
{"event":"deep_research_model_call","step":"plan","think":true,"attempt":1,"wall_ms":0,"load_duration":0,"prompt_eval_count":0,"prompt_eval_duration":0,"eval_count":5,"eval_duration":500000000,"thinking_chars":16,"thinking_detected":false,"outcome":"ok"}
{"event":"deep_research_model_call","step":"queries","think":false,"attempt":1,"wall_ms":0,"load_duration":0,"prompt_eval_count":0,"prompt_eval_duration":0,"eval_count":5,"eval_duration":500000000,"thinking_chars":16,"thinking_detected":true,"outcome":"ok"}
{"event":"deep_research_model_call","step":"pages","think":false,"attempt":1,"wall_ms":0,"load_duration":0,"prompt_eval_count":0,"prompt_eval_duration":0,"eval_count":5,"eval_duration":500000000,"thinking_chars":16,"thinking_detected":true,"outcome":"ok"}
{"event":"deep_research_model_call","step":"notes","think":false,"attempt":1,"wall_ms":0,"load_duration":0,"prompt_eval_count":0,"prompt_eval_duration":0,"eval_count":5,"eval_duration":500000000,"thinking_chars":16,"thinking_detected":true,"outcome":"ok"}
{"event":"deep_research_model_call","step":"queries","think":false,"attempt":1,"wall_ms":1,"load_duration":0,"prompt_eval_count":0,"prompt_eval_duration":0,"eval_count":5,"eval_duration":500000000,"thinking_chars":16,"thinking_detected":true,"outcome":"ok"}
{"event":"deep_research_model_call","step":"pages","think":false,"attempt":1,"wall_ms":0,"load_duration":0,"prompt_eval_count":0,"prompt_eval_duration":0,"eval_count":5,"eval_duration":500000000,"thinking_chars":16,"thinking_detected":true,"outcome":"ok"}
{"event":"deep_research_model_call","step":"notes","think":false,"attempt":1,"wall_ms":0,"load_duration":0,"prompt_eval_count":0,"prompt_eval_duration":0,"eval_count":5,"eval_duration":500000000,"thinking_chars":16,"thinking_detected":true,"outcome":"ok"}
{"event":"deep_research_model_call","step":"notes","think":false,"attempt":1,"wall_ms":0,"load_duration":0,"prompt_eval_count":0,"prompt_eval_duration":0,"eval_count":5,"eval_duration":500000000,"thinking_chars":16,"thinking_detected":true,"outcome":"ok"}
{"event":"deep_research_model_call","step":"notes","think":false,"attempt":1,"wall_ms":0,"load_duration":0,"prompt_eval_count":0,"prompt_eval_duration":0,"eval_count":5,"eval_duration":500000000,"thinking_chars":17,"thinking_detected":true,"outcome":"ok"}
{"event":"deep_research_run_end","notes_kept":0,"pages_read":4,"status":"failed","elapsed_ms":1}
{"event":"deep_research_model_call","step":"brief","think":false,"attempt":1,"wall_ms":0,"load_duration":0,"prompt_eval_count":0,"prompt_eval_duration":0,"eval_count":5,"eval_duration":500000000,"thinking_chars":16,"thinking_detected":true,"outcome":"ok"}
{"event":"deep_research_model_call","step":"plan","think":true,"attempt":1,"wall_ms":1,"load_duration":0,"prompt_eval_count":0,"prompt_eval_duration":0,"eval_count":5,"eval_duration":500000000,"thinking_chars":16,"thinking_detected":false,"outcome":"ok"}
{"event":"deep_research_model_call","step":"queries","think":false,"attempt":1,"wall_ms":0,"load_duration":0,"prompt_eval_count":0,"prompt_eval_duration":0,"eval_count":5,"eval_duration":500000000,"thinking_chars":16,"thinking_detected":true,"outcome":"ok"}
{"event":"deep_research_model_call","step":"brief","think":false,"attempt":1,"wall_ms":0,"load_duration":0,"prompt_eval_count":0,"prompt_eval_duration":0,"eval_count":5,"eval_duration":500000000,"thinking_chars":16,"thinking_detected":true,"outcome":"ok"}
{"event":"deep_research_model_call","step":"plan","think":true,"attempt":1,"wall_ms":0,"load_duration":0,"prompt_eval_count":0,"prompt_eval_duration":0,"eval_count":5,"eval_duration":500000000,"thinking_chars":16,"thinking_detected":false,"outcome":"ok"}
{"event":"deep_research_model_call","step":"queries","think":false,"attempt":1,"wall_ms":0,"load_duration":0,"prompt_eval_count":0,"prompt_eval_duration":0,"eval_count":5,"eval_duration":500000000,"thinking_chars":16,"thinking_detected":true,"outcome":"ok"}
{"event":"deep_research_model_call","step":"pages","think":false,"attempt":1,"wall_ms":0,"load_duration":0,"prompt_eval_count":0,"prompt_eval_duration":0,"eval_count":5,"eval_duration":500000000,"thinking_chars":16,"thinking_detected":true,"outcome":"ok"}
{"event":"deep_research_model_call","step":"notes","think":false,"attempt":1,"wall_ms":0,"load_duration":0,"prompt_eval_count":0,"prompt_eval_duration":0,"eval_count":5,"eval_duration":500000000,"thinking_chars":16,"thinking_detected":true,"outcome":"ok"}
{"event":"deep_research_model_call","step":"queries","think":false,"attempt":1,"wall_ms":0,"load_duration":0,"prompt_eval_count":0,"prompt_eval_duration":0,"eval_count":5,"eval_duration":500000000,"thinking_chars":16,"thinking_detected":true,"outcome":"ok"}
{"event":"deep_research_model_call","step":"write","think":true,"attempt":1,"wall_ms":0,"load_duration":0,"prompt_eval_count":0,"prompt_eval_duration":0,"eval_count":5,"eval_duration":500000000,"thinking_chars":16,"thinking_detected":false,"outcome":"ok"}
{"event":"deep_research_run_end","notes_kept":1,"pages_read":2,"status":"partial","elapsed_ms":25}
{"event":"deep_research_model_call","step":"brief","think":false,"attempt":1,"wall_ms":0,"load_duration":0,"prompt_eval_count":0,"prompt_eval_duration":0,"eval_count":5,"eval_duration":500000000,"thinking_chars":16,"thinking_detected":true,"outcome":"ok"}
{"event":"deep_research_model_call","step":"plan","think":true,"attempt":1,"wall_ms":0,"load_duration":0,"prompt_eval_count":0,"prompt_eval_duration":0,"eval_count":5,"eval_duration":500000000,"thinking_chars":16,"thinking_detected":false,"outcome":"ok"}
{"event":"deep_research_model_call","step":"queries","think":false,"attempt":1,"wall_ms":0,"load_duration":0,"prompt_eval_count":0,"prompt_eval_duration":0,"eval_count":5,"eval_duration":500000000,"thinking_chars":16,"thinking_detected":true,"outcome":"ok"}
{"event":"deep_research_model_call","step":"pages","think":false,"attempt":1,"wall_ms":0,"load_duration":0,"prompt_eval_count":0,"prompt_eval_duration":0,"eval_count":5,"eval_duration":500000000,"thinking_chars":16,"thinking_detected":true,"outcome":"ok"}
{"event":"deep_research_model_call","step":"notes","think":false,"attempt":1,"wall_ms":0,"load_duration":0,"prompt_eval_count":0,"prompt_eval_duration":0,"eval_count":5,"eval_duration":500000000,"thinking_chars":16,"thinking_detected":true,"outcome":"ok"}
{"event":"deep_research_model_call","step":"queries","think":false,"attempt":1,"wall_ms":0,"load_duration":0,"prompt_eval_count":0,"prompt_eval_duration":0,"eval_count":5,"eval_duration":500000000,"thinking_chars":16,"thinking_detected":true,"outcome":"ok"}
{"event":"deep_research_model_call","step":"write","think":true,"attempt":1,"wall_ms":0,"load_duration":0,"prompt_eval_count":0,"prompt_eval_duration":0,"eval_count":5,"eval_duration":500000000,"thinking_chars":16,"thinking_detected":false,"outcome":"ok"}
{"event":"deep_research_run_end","notes_kept":1,"pages_read":2,"status":"partial","elapsed_ms":24}
{"event":"deep_research_model_call","step":"brief","think":false,"attempt":1,"wall_ms":0,"load_duration":0,"prompt_eval_count":0,"prompt_eval_duration":0,"eval_count":5,"eval_duration":500000000,"thinking_chars":16,"thinking_detected":true,"outcome":"ok"}
{"event":"deep_research_model_call","step":"plan","think":true,"attempt":1,"wall_ms":0,"load_duration":0,"prompt_eval_count":0,"prompt_eval_duration":0,"eval_count":5,"eval_duration":500000000,"thinking_chars":16,"thinking_detected":false,"outcome":"ok"}
{"event":"deep_research_model_call","step":"queries","think":false,"attempt":1,"wall_ms":0,"load_duration":0,"prompt_eval_count":0,"prompt_eval_duration":0,"eval_count":5,"eval_duration":500000000,"thinking_chars":16,"thinking_detected":true,"outcome":"ok"}
{"event":"deep_research_model_call","step":"pages","think":false,"attempt":1,"wall_ms":0,"load_duration":0,"prompt_eval_count":0,"prompt_eval_duration":0,"eval_count":5,"eval_duration":500000000,"thinking_chars":16,"thinking_detected":true,"outcome":"ok"}
{"event":"deep_research_model_call","step":"notes","think":false,"attempt":1,"wall_ms":0,"load_duration":0,"prompt_eval_count":0,"prompt_eval_duration":0,"eval_count":5,"eval_duration":500000000,"thinking_chars":16,"thinking_detected":true,"outcome":"ok"}
{"event":"deep_research_model_call","step":"queries","think":false,"attempt":1,"wall_ms":0,"load_duration":0,"prompt_eval_count":0,"prompt_eval_duration":0,"eval_count":5,"eval_duration":500000000,"thinking_chars":16,"thinking_detected":true,"outcome":"ok"}
{"event":"deep_research_model_call","step":"pages","think":false,"attempt":1,"wall_ms":0,"load_duration":0,"prompt_eval_count":0,"prompt_eval_duration":0,"eval_count":5,"eval_duration":500000000,"thinking_chars":16,"thinking_detected":true,"outcome":"ok"}
{"event":"deep_research_model_call","step":"notes","think":false,"attempt":1,"wall_ms":0,"load_duration":0,"prompt_eval_count":0,"prompt_eval_duration":0,"eval_count":5,"eval_duration":500000000,"thinking_chars":16,"thinking_detected":true,"outcome":"ok"}
{"event":"deep_research_model_call","step":"write","think":true,"attempt":1,"wall_ms":0,"load_duration":0,"prompt_eval_count":0,"prompt_eval_duration":0,"eval_count":5,"eval_duration":500000000,"thinking_chars":16,"thinking_detected":false,"outcome":"ok"}
{"event":"deep_research_run_end","notes_kept":2,"pages_read":3,"status":"partial","elapsed_ms":23}
{"event":"deep_research_model_call","step":"brief","think":false,"attempt":1,"wall_ms":0,"load_duration":0,"prompt_eval_count":0,"prompt_eval_duration":0,"eval_count":5,"eval_duration":500000000,"thinking_chars":16,"thinking_detected":true,"outcome":"ok"}
{"event":"deep_research_model_call","step":"plan","think":true,"attempt":1,"wall_ms":0,"load_duration":0,"prompt_eval_count":0,"prompt_eval_duration":0,"eval_count":5,"eval_duration":500000000,"thinking_chars":16,"thinking_detected":false,"outcome":"ok"}
{"event":"deep_research_model_call","step":"queries","think":false,"attempt":1,"wall_ms":0,"load_duration":0,"prompt_eval_count":0,"prompt_eval_duration":0,"eval_count":5,"eval_duration":500000000,"thinking_chars":16,"thinking_detected":true,"outcome":"ok"}
{"event":"deep_research_model_call","step":"pages","think":false,"attempt":1,"wall_ms":0,"load_duration":0,"prompt_eval_count":0,"prompt_eval_duration":0,"eval_count":5,"eval_duration":500000000,"thinking_chars":16,"thinking_detected":true,"outcome":"ok"}
{"event":"deep_research_model_call","step":"notes","think":false,"attempt":1,"wall_ms":0,"load_duration":0,"prompt_eval_count":0,"prompt_eval_duration":0,"eval_count":5,"eval_duration":500000000,"thinking_chars":16,"thinking_detected":true,"outcome":"ok"}
{"event":"deep_research_model_call","step":"queries","think":false,"attempt":1,"wall_ms":0,"load_duration":0,"prompt_eval_count":0,"prompt_eval_duration":0,"eval_count":5,"eval_duration":500000000,"thinking_chars":16,"thinking_detected":true,"outcome":"ok"}
{"event":"deep_research_model_call","step":"write","think":true,"attempt":1,"wall_ms":205,"load_duration":null,"prompt_eval_count":null,"prompt_eval_duration":null,"eval_count":null,"eval_duration":null,"thinking_chars":0,"thinking_detected":false,"outcome":"aborted"}
{"event":"deep_research_run_end","notes_kept":1,"pages_read":2,"status":"partial","elapsed_ms":230}
{"event":"deep_research_model_call","step":"brief","think":false,"attempt":1,"wall_ms":0,"load_duration":0,"prompt_eval_count":0,"prompt_eval_duration":0,"eval_count":5,"eval_duration":500000000,"thinking_chars":16,"thinking_detected":true,"outcome":"ok"}
{"event":"deep_research_model_call","step":"plan","think":true,"attempt":1,"wall_ms":0,"load_duration":0,"prompt_eval_count":0,"prompt_eval_duration":0,"eval_count":5,"eval_duration":500000000,"thinking_chars":16,"thinking_detected":false,"outcome":"ok"}
{"event":"deep_research_model_call","step":"queries","think":false,"attempt":1,"wall_ms":0,"load_duration":0,"prompt_eval_count":0,"prompt_eval_duration":0,"eval_count":5,"eval_duration":500000000,"thinking_chars":16,"thinking_detected":true,"outcome":"ok"}
{"event":"deep_research_model_call","step":"pages","think":false,"attempt":1,"wall_ms":0,"load_duration":0,"prompt_eval_count":0,"prompt_eval_duration":0,"eval_count":5,"eval_duration":500000000,"thinking_chars":16,"thinking_detected":true,"outcome":"ok"}
{"event":"deep_research_model_call","step":"notes","think":false,"attempt":1,"wall_ms":0,"load_duration":0,"prompt_eval_count":0,"prompt_eval_duration":0,"eval_count":5,"eval_duration":500000000,"thinking_chars":16,"thinking_detected":true,"outcome":"ok"}
{"event":"deep_research_model_call","step":"queries","think":false,"attempt":1,"wall_ms":0,"load_duration":0,"prompt_eval_count":0,"prompt_eval_duration":0,"eval_count":5,"eval_duration":500000000,"thinking_chars":16,"thinking_detected":true,"outcome":"ok"}
{"event":"deep_research_model_call","step":"pages","think":false,"attempt":1,"wall_ms":0,"load_duration":0,"prompt_eval_count":0,"prompt_eval_duration":0,"eval_count":5,"eval_duration":500000000,"thinking_chars":16,"thinking_detected":true,"outcome":"ok"}
{"event":"deep_research_model_call","step":"notes","think":false,"attempt":1,"wall_ms":0,"load_duration":0,"prompt_eval_count":0,"prompt_eval_duration":0,"eval_count":5,"eval_duration":500000000,"thinking_chars":16,"thinking_detected":true,"outcome":"ok"}
{"event":"deep_research_model_call","step":"notes","think":false,"attempt":1,"wall_ms":0,"load_duration":0,"prompt_eval_count":0,"prompt_eval_duration":0,"eval_count":5,"eval_duration":500000000,"thinking_chars":16,"thinking_detected":true,"outcome":"ok"}
{"event":"deep_research_model_call","step":"notes","think":false,"attempt":1,"wall_ms":0,"load_duration":0,"prompt_eval_count":0,"prompt_eval_duration":0,"eval_count":5,"eval_duration":500000000,"thinking_chars":17,"thinking_detected":true,"outcome":"ok"}
{"event":"deep_research_model_call","step":"write","think":true,"attempt":1,"wall_ms":202,"load_duration":null,"prompt_eval_count":null,"prompt_eval_duration":null,"eval_count":null,"eval_duration":null,"thinking_chars":0,"thinking_detected":false,"outcome":"aborted"}
{"event":"deep_research_run_end","notes_kept":4,"pages_read":4,"status":"partial","elapsed_ms":205}
{"event":"deep_research_model_call","step":"brief","think":false,"attempt":1,"wall_ms":1,"load_duration":0,"prompt_eval_count":0,"prompt_eval_duration":0,"eval_count":5,"eval_duration":500000000,"thinking_chars":16,"thinking_detected":true,"outcome":"ok"}
{"event":"deep_research_model_call","step":"plan","think":true,"attempt":1,"wall_ms":0,"load_duration":0,"prompt_eval_count":0,"prompt_eval_duration":0,"eval_count":5,"eval_duration":500000000,"thinking_chars":16,"thinking_detected":false,"outcome":"ok"}
{"event":"deep_research_model_call","step":"queries","think":false,"attempt":1,"wall_ms":0,"load_duration":0,"prompt_eval_count":0,"prompt_eval_duration":0,"eval_count":5,"eval_duration":500000000,"thinking_chars":16,"thinking_detected":true,"outcome":"ok"}
{"event":"deep_research_model_call","step":"pages","think":false,"attempt":1,"wall_ms":1,"load_duration":0,"prompt_eval_count":0,"prompt_eval_duration":0,"eval_count":5,"eval_duration":500000000,"thinking_chars":16,"thinking_detected":true,"outcome":"ok"}
{"event":"deep_research_model_call","step":"notes","think":false,"attempt":1,"wall_ms":0,"load_duration":0,"prompt_eval_count":0,"prompt_eval_duration":0,"eval_count":5,"eval_duration":500000000,"thinking_chars":16,"thinking_detected":true,"outcome":"ok"}
{"event":"deep_research_model_call","step":"queries","think":false,"attempt":1,"wall_ms":0,"load_duration":0,"prompt_eval_count":0,"prompt_eval_duration":0,"eval_count":5,"eval_duration":500000000,"thinking_chars":16,"thinking_detected":true,"outcome":"ok"}
{"event":"deep_research_model_call","step":"write","think":true,"attempt":1,"wall_ms":22,"load_duration":null,"prompt_eval_count":null,"prompt_eval_duration":null,"eval_count":null,"eval_duration":null,"thinking_chars":0,"thinking_detected":false,"outcome":"aborted"}
{"event":"deep_research_model_call","step":"brief","think":false,"attempt":1,"wall_ms":0,"load_duration":0,"prompt_eval_count":0,"prompt_eval_duration":0,"eval_count":5,"eval_duration":500000000,"thinking_chars":16,"thinking_detected":true,"outcome":"ok"}
{"event":"deep_research_model_call","step":"plan","think":true,"attempt":1,"wall_ms":0,"load_duration":0,"prompt_eval_count":0,"prompt_eval_duration":0,"eval_count":5,"eval_duration":500000000,"thinking_chars":16,"thinking_detected":false,"outcome":"ok"}
{"event":"deep_research_model_call","step":"queries","think":false,"attempt":1,"wall_ms":0,"load_duration":0,"prompt_eval_count":0,"prompt_eval_duration":0,"eval_count":5,"eval_duration":500000000,"thinking_chars":16,"thinking_detected":true,"outcome":"ok"}
{"event":"deep_research_run_end","notes_kept":0,"pages_read":0,"status":"partial","elapsed_ms":23}

 401 pass
 0 fail
 3348 expect() calls
Ran 401 tests across 29 files. [18.48s]
$ tsc --noEmit
