bun test v1.4.0 (1381054db)

src/http/deepResearchModelCalls.test.ts:
{"event":"deep_research_run_end","notes_kept":6,"notes_dropped":0,"pages_read":6,"status":"complete","elapsed_ms":7}
{"event":"deep_research_run_end","notes_kept":6,"notes_dropped":0,"pages_read":6,"status":"complete","elapsed_ms":2}
{"event":"deep_research_run_end","notes_kept":6,"notes_dropped":0,"pages_read":6,"status":"complete","elapsed_ms":1}
{"event":"deep_research_run_end","notes_kept":6,"notes_dropped":0,"pages_read":6,"status":"complete","elapsed_ms":1}
{"event":"deep_research_run_end","notes_kept":6,"notes_dropped":0,"pages_read":6,"status":"complete","elapsed_ms":1}
{"event":"deep_research_run_end","notes_kept":6,"notes_dropped":0,"pages_read":6,"status":"complete","elapsed_ms":2}
{"event":"deep_research_run_end","notes_kept":6,"notes_dropped":0,"pages_read":6,"status":"complete","elapsed_ms":1}
{"event":"deep_research_run_end","notes_kept":6,"notes_dropped":0,"pages_read":6,"status":"complete","elapsed_ms":103}
{"event":"deep_research_run_end","notes_kept":6,"notes_dropped":0,"pages_read":6,"status":"complete","elapsed_ms":374}
{"event":"deep_research_run_end","notes_kept":6,"notes_dropped":0,"pages_read":6,"status":"complete","elapsed_ms":103}
{"event":"deep_research_run_end","notes_kept":6,"notes_dropped":0,"pages_read":6,"status":"complete","elapsed_ms":103}
{"event":"deep_research_run_end","notes_kept":6,"notes_dropped":0,"pages_read":6,"status":"partial","elapsed_ms":105}
{"event":"deep_research_run_end","notes_kept":6,"notes_dropped":0,"pages_read":6,"status":"complete","elapsed_ms":170}
{"event":"deep_research_run_end","notes_kept":4,"notes_dropped":0,"pages_read":6,"status":"complete","elapsed_ms":105}

src/http/deepResearchQuotes.test.ts:
{"event":"deep_research_model_call","step":"brief","think":false,"attempt":1,"wall_ms":0,"load_duration":0,"prompt_eval_count":0,"prompt_eval_duration":0,"eval_count":0,"eval_duration":0,"thinking_chars":0,"thinking_detected":false,"outcome":"ok"}
{"event":"deep_research_model_call","step":"plan","think":true,"attempt":1,"wall_ms":0,"load_duration":0,"prompt_eval_count":0,"prompt_eval_duration":0,"eval_count":0,"eval_duration":0,"thinking_chars":0,"thinking_detected":false,"outcome":"ok"}
{"event":"deep_research_model_call","step":"plan","think":false,"attempt":1,"wall_ms":0,"load_duration":0,"prompt_eval_count":0,"prompt_eval_duration":0,"eval_count":0,"eval_duration":0,"thinking_chars":0,"thinking_detected":false,"outcome":"ok"}
{"event":"deep_research_model_call","step":"queries","think":false,"attempt":1,"wall_ms":0,"load_duration":0,"prompt_eval_count":0,"prompt_eval_duration":0,"eval_count":0,"eval_duration":0,"thinking_chars":0,"thinking_detected":false,"outcome":"ok"}
{"event":"deep_research_model_call","step":"pages","think":false,"attempt":1,"wall_ms":0,"load_duration":0,"prompt_eval_count":0,"prompt_eval_duration":0,"eval_count":0,"eval_duration":0,"thinking_chars":0,"thinking_detected":false,"outcome":"ok"}
{"event":"deep_research_model_call","step":"notes","think":false,"attempt":1,"wall_ms":0,"load_duration":0,"prompt_eval_count":0,"prompt_eval_duration":0,"eval_count":0,"eval_duration":0,"thinking_chars":0,"thinking_detected":false,"outcome":"ok"}
{"event":"deep_research_model_call","step":"queries","think":false,"attempt":1,"wall_ms":0,"load_duration":0,"prompt_eval_count":0,"prompt_eval_duration":0,"eval_count":0,"eval_duration":0,"thinking_chars":0,"thinking_detected":false,"outcome":"ok"}
{"event":"deep_research_model_call","step":"queries","think":false,"attempt":1,"wall_ms":0,"load_duration":0,"prompt_eval_count":0,"prompt_eval_duration":0,"eval_count":0,"eval_duration":0,"thinking_chars":0,"thinking_detected":false,"outcome":"ok"}
{"event":"deep_research_model_call","step":"queries","think":false,"attempt":1,"wall_ms":1,"load_duration":0,"prompt_eval_count":0,"prompt_eval_duration":0,"eval_count":0,"eval_duration":0,"thinking_chars":0,"thinking_detected":false,"outcome":"ok"}
{"event":"deep_research_model_call","step":"pages","think":false,"attempt":1,"wall_ms":0,"load_duration":0,"prompt_eval_count":0,"prompt_eval_duration":0,"eval_count":0,"eval_duration":0,"thinking_chars":0,"thinking_detected":false,"outcome":"ok"}
{"event":"deep_research_model_call","step":"queries","think":false,"attempt":1,"wall_ms":0,"load_duration":0,"prompt_eval_count":0,"prompt_eval_duration":0,"eval_count":0,"eval_duration":0,"thinking_chars":0,"thinking_detected":false,"outcome":"ok"}
{"event":"deep_research_model_call","step":"queries","think":false,"attempt":1,"wall_ms":0,"load_duration":0,"prompt_eval_count":0,"prompt_eval_duration":0,"eval_count":0,"eval_duration":0,"thinking_chars":0,"thinking_detected":false,"outcome":"ok"}
{"event":"deep_research_model_call","step":"queries","think":false,"attempt":1,"wall_ms":0,"load_duration":0,"prompt_eval_count":0,"prompt_eval_duration":0,"eval_count":0,"eval_duration":0,"thinking_chars":0,"thinking_detected":false,"outcome":"ok"}
{"event":"deep_research_model_call","step":"pages","think":false,"attempt":1,"wall_ms":0,"load_duration":0,"prompt_eval_count":0,"prompt_eval_duration":0,"eval_count":0,"eval_duration":0,"thinking_chars":0,"thinking_detected":false,"outcome":"ok"}
{"event":"deep_research_model_call","step":"gap","think":false,"attempt":1,"wall_ms":0,"load_duration":0,"prompt_eval_count":0,"prompt_eval_duration":0,"eval_count":0,"eval_duration":0,"thinking_chars":0,"thinking_detected":false,"outcome":"ok"}
{"event":"deep_research_model_call","step":"write","think":true,"attempt":1,"wall_ms":0,"load_duration":0,"prompt_eval_count":0,"prompt_eval_duration":0,"eval_count":0,"eval_duration":0,"thinking_chars":0,"thinking_detected":false,"outcome":"ok"}
{"event":"deep_research_run_end","notes_kept":1,"notes_dropped":0,"pages_read":1,"status":"complete","elapsed_ms":4}
{"event":"deep_research_model_call","step":"brief","think":false,"attempt":1,"wall_ms":0,"load_duration":0,"prompt_eval_count":0,"prompt_eval_duration":0,"eval_count":0,"eval_duration":0,"thinking_chars":0,"thinking_detected":false,"outcome":"ok"}
{"event":"deep_research_model_call","step":"plan","think":true,"attempt":1,"wall_ms":0,"load_duration":0,"prompt_eval_count":0,"prompt_eval_duration":0,"eval_count":0,"eval_duration":0,"thinking_chars":0,"thinking_detected":false,"outcome":"ok"}
{"event":"deep_research_model_call","step":"plan","think":false,"attempt":1,"wall_ms":0,"load_duration":0,"prompt_eval_count":0,"prompt_eval_duration":0,"eval_count":0,"eval_duration":0,"thinking_chars":0,"thinking_detected":false,"outcome":"ok"}
{"event":"deep_research_model_call","step":"queries","think":false,"attempt":1,"wall_ms":0,"load_duration":0,"prompt_eval_count":0,"prompt_eval_duration":0,"eval_count":0,"eval_duration":0,"thinking_chars":0,"thinking_detected":false,"outcome":"ok"}
{"event":"deep_research_model_call","step":"pages","think":false,"attempt":1,"wall_ms":0,"load_duration":0,"prompt_eval_count":0,"prompt_eval_duration":0,"eval_count":0,"eval_duration":0,"thinking_chars":0,"thinking_detected":false,"outcome":"ok"}
{"event":"deep_research_model_call","step":"notes","think":false,"attempt":1,"wall_ms":0,"load_duration":0,"prompt_eval_count":0,"prompt_eval_duration":0,"eval_count":0,"eval_duration":0,"thinking_chars":0,"thinking_detected":false,"outcome":"ok"}
{"event":"deep_research_model_call","step":"queries","think":false,"attempt":1,"wall_ms":0,"load_duration":0,"prompt_eval_count":0,"prompt_eval_duration":0,"eval_count":0,"eval_duration":0,"thinking_chars":0,"thinking_detected":false,"outcome":"ok"}
{"event":"deep_research_model_call","step":"queries","think":false,"attempt":1,"wall_ms":0,"load_duration":0,"prompt_eval_count":0,"prompt_eval_duration":0,"eval_count":0,"eval_duration":0,"thinking_chars":0,"thinking_detected":false,"outcome":"ok"}
{"event":"deep_research_model_call","step":"queries","think":false,"attempt":1,"wall_ms":0,"load_duration":0,"prompt_eval_count":0,"prompt_eval_duration":0,"eval_count":0,"eval_duration":0,"thinking_chars":0,"thinking_detected":false,"outcome":"ok"}
{"event":"deep_research_model_call","step":"pages","think":false,"attempt":1,"wall_ms":0,"load_duration":0,"prompt_eval_count":0,"prompt_eval_duration":0,"eval_count":0,"eval_duration":0,"thinking_chars":0,"thinking_detected":false,"outcome":"ok"}
{"event":"deep_research_model_call","step":"queries","think":false,"attempt":1,"wall_ms":0,"load_duration":0,"prompt_eval_count":0,"prompt_eval_duration":0,"eval_count":0,"eval_duration":0,"thinking_chars":0,"thinking_detected":false,"outcome":"ok"}
{"event":"deep_research_model_call","step":"queries","think":false,"attempt":1,"wall_ms":1,"load_duration":0,"prompt_eval_count":0,"prompt_eval_duration":0,"eval_count":0,"eval_duration":0,"thinking_chars":0,"thinking_detected":false,"outcome":"ok"}
{"event":"deep_research_model_call","step":"queries","think":false,"attempt":1,"wall_ms":0,"load_duration":0,"prompt_eval_count":0,"prompt_eval_duration":0,"eval_count":0,"eval_duration":0,"thinking_chars":0,"thinking_detected":false,"outcome":"ok"}
{"event":"deep_research_model_call","step":"pages","think":false,"attempt":1,"wall_ms":0,"load_duration":0,"prompt_eval_count":0,"prompt_eval_duration":0,"eval_count":0,"eval_duration":0,"thinking_chars":0,"thinking_detected":false,"outcome":"ok"}
{"event":"deep_research_model_call","step":"gap","think":false,"attempt":1,"wall_ms":0,"load_duration":0,"prompt_eval_count":0,"prompt_eval_duration":0,"eval_count":0,"eval_duration":0,"thinking_chars":0,"thinking_detected":false,"outcome":"ok"}
{"event":"deep_research_model_call","step":"write","think":true,"attempt":1,"wall_ms":0,"load_duration":0,"prompt_eval_count":0,"prompt_eval_duration":0,"eval_count":0,"eval_duration":0,"thinking_chars":0,"thinking_detected":false,"outcome":"ok"}
{"event":"deep_research_run_end","notes_kept":1,"notes_dropped":0,"pages_read":1,"status":"complete","elapsed_ms":2}
{"event":"deep_research_model_call","step":"brief","think":false,"attempt":1,"wall_ms":0,"load_duration":0,"prompt_eval_count":0,"prompt_eval_duration":0,"eval_count":0,"eval_duration":0,"thinking_chars":0,"thinking_detected":false,"outcome":"ok"}
{"event":"deep_research_model_call","step":"plan","think":true,"attempt":1,"wall_ms":0,"load_duration":0,"prompt_eval_count":0,"prompt_eval_duration":0,"eval_count":0,"eval_duration":0,"thinking_chars":0,"thinking_detected":false,"outcome":"ok"}
{"event":"deep_research_model_call","step":"plan","think":false,"attempt":1,"wall_ms":0,"load_duration":0,"prompt_eval_count":0,"prompt_eval_duration":0,"eval_count":0,"eval_duration":0,"thinking_chars":0,"thinking_detected":false,"outcome":"ok"}
{"event":"deep_research_model_call","step":"queries","think":false,"attempt":1,"wall_ms":0,"load_duration":0,"prompt_eval_count":0,"prompt_eval_duration":0,"eval_count":0,"eval_duration":0,"thinking_chars":0,"thinking_detected":false,"outcome":"ok"}
{"event":"deep_research_model_call","step":"pages","think":false,"attempt":1,"wall_ms":0,"load_duration":0,"prompt_eval_count":0,"prompt_eval_duration":0,"eval_count":0,"eval_duration":0,"thinking_chars":0,"thinking_detected":false,"outcome":"ok"}
{"event":"deep_research_model_call","step":"notes","think":false,"attempt":1,"wall_ms":0,"load_duration":0,"prompt_eval_count":0,"prompt_eval_duration":0,"eval_count":0,"eval_duration":0,"thinking_chars":0,"thinking_detected":false,"outcome":"ok"}
{"event":"deep_research_model_call","step":"queries","think":false,"attempt":1,"wall_ms":0,"load_duration":0,"prompt_eval_count":0,"prompt_eval_duration":0,"eval_count":0,"eval_duration":0,"thinking_chars":0,"thinking_detected":false,"outcome":"ok"}
{"event":"deep_research_model_call","step":"queries","think":false,"attempt":1,"wall_ms":0,"load_duration":0,"prompt_eval_count":0,"prompt_eval_duration":0,"eval_count":0,"eval_duration":0,"thinking_chars":0,"thinking_detected":false,"outcome":"ok"}
{"event":"deep_research_model_call","step":"queries","think":false,"attempt":1,"wall_ms":0,"load_duration":0,"prompt_eval_count":0,"prompt_eval_duration":0,"eval_count":0,"eval_duration":0,"thinking_chars":0,"thinking_detected":false,"outcome":"ok"}
{"event":"deep_research_model_call","step":"pages","think":false,"attempt":1,"wall_ms":0,"load_duration":0,"prompt_eval_count":0,"prompt_eval_duration":0,"eval_count":0,"eval_duration":0,"thinking_chars":0,"thinking_detected":false,"outcome":"ok"}
{"event":"deep_research_model_call","step":"queries","think":false,"attempt":1,"wall_ms":0,"load_duration":0,"prompt_eval_count":0,"prompt_eval_duration":0,"eval_count":0,"eval_duration":0,"thinking_chars":0,"thinking_detected":false,"outcome":"ok"}
{"event":"deep_research_model_call","step":"queries","think":false,"attempt":1,"wall_ms":0,"load_duration":0,"prompt_eval_count":0,"prompt_eval_duration":0,"eval_count":0,"eval_duration":0,"thinking_chars":0,"thinking_detected":false,"outcome":"ok"}
{"event":"deep_research_model_call","step":"queries","think":false,"attempt":1,"wall_ms":0,"load_duration":0,"prompt_eval_count":0,"prompt_eval_duration":0,"eval_count":0,"eval_duration":0,"thinking_chars":0,"thinking_detected":false,"outcome":"ok"}
{"event":"deep_research_model_call","step":"pages","think":false,"attempt":1,"wall_ms":0,"load_duration":0,"prompt_eval_count":0,"prompt_eval_duration":0,"eval_count":0,"eval_duration":0,"thinking_chars":0,"thinking_detected":false,"outcome":"ok"}
{"event":"deep_research_model_call","step":"gap","think":false,"attempt":1,"wall_ms":0,"load_duration":0,"prompt_eval_count":0,"prompt_eval_duration":0,"eval_count":0,"eval_duration":0,"thinking_chars":0,"thinking_detected":false,"outcome":"ok"}
{"event":"deep_research_model_call","step":"write","think":true,"attempt":1,"wall_ms":1,"load_duration":0,"prompt_eval_count":0,"prompt_eval_duration":0,"eval_count":0,"eval_duration":0,"thinking_chars":0,"thinking_detected":false,"outcome":"ok"}
{"event":"deep_research_run_end","notes_kept":1,"notes_dropped":0,"pages_read":1,"status":"complete","elapsed_ms":2}
{"event":"deep_research_model_call","step":"brief","think":false,"attempt":1,"wall_ms":0,"load_duration":0,"prompt_eval_count":0,"prompt_eval_duration":0,"eval_count":0,"eval_duration":0,"thinking_chars":0,"thinking_detected":false,"outcome":"ok"}
{"event":"deep_research_model_call","step":"plan","think":true,"attempt":1,"wall_ms":0,"load_duration":0,"prompt_eval_count":0,"prompt_eval_duration":0,"eval_count":0,"eval_duration":0,"thinking_chars":0,"thinking_detected":false,"outcome":"ok"}
{"event":"deep_research_model_call","step":"plan","think":false,"attempt":1,"wall_ms":0,"load_duration":0,"prompt_eval_count":0,"prompt_eval_duration":0,"eval_count":0,"eval_duration":0,"thinking_chars":0,"thinking_detected":false,"outcome":"ok"}
{"event":"deep_research_model_call","step":"queries","think":false,"attempt":1,"wall_ms":0,"load_duration":0,"prompt_eval_count":0,"prompt_eval_duration":0,"eval_count":0,"eval_duration":0,"thinking_chars":0,"thinking_detected":false,"outcome":"ok"}
{"event":"deep_research_model_call","step":"pages","think":false,"attempt":1,"wall_ms":0,"load_duration":0,"prompt_eval_count":0,"prompt_eval_duration":0,"eval_count":0,"eval_duration":0,"thinking_chars":0,"thinking_detected":false,"outcome":"ok"}
{"event":"deep_research_model_call","step":"notes","think":false,"attempt":1,"wall_ms":0,"load_duration":0,"prompt_eval_count":0,"prompt_eval_duration":0,"eval_count":0,"eval_duration":0,"thinking_chars":0,"thinking_detected":false,"outcome":"ok"}
{"event":"deep_research_model_call","step":"queries","think":false,"attempt":1,"wall_ms":0,"load_duration":0,"prompt_eval_count":0,"prompt_eval_duration":0,"eval_count":0,"eval_duration":0,"thinking_chars":0,"thinking_detected":false,"outcome":"ok"}
{"event":"deep_research_model_call","step":"queries","think":false,"attempt":1,"wall_ms":0,"load_duration":0,"prompt_eval_count":0,"prompt_eval_duration":0,"eval_count":0,"eval_duration":0,"thinking_chars":0,"thinking_detected":false,"outcome":"ok"}
{"event":"deep_research_model_call","step":"queries","think":false,"attempt":1,"wall_ms":0,"load_duration":0,"prompt_eval_count":0,"prompt_eval_duration":0,"eval_count":0,"eval_duration":0,"thinking_chars":0,"thinking_detected":false,"outcome":"ok"}
{"event":"deep_research_model_call","step":"pages","think":false,"attempt":1,"wall_ms":0,"load_duration":0,"prompt_eval_count":0,"prompt_eval_duration":0,"eval_count":0,"eval_duration":0,"thinking_chars":0,"thinking_detected":false,"outcome":"ok"}
{"event":"deep_research_model_call","step":"queries","think":false,"attempt":1,"wall_ms":0,"load_duration":0,"prompt_eval_count":0,"prompt_eval_duration":0,"eval_count":0,"eval_duration":0,"thinking_chars":0,"thinking_detected":false,"outcome":"ok"}
{"event":"deep_research_model_call","step":"queries","think":false,"attempt":1,"wall_ms":0,"load_duration":0,"prompt_eval_count":0,"prompt_eval_duration":0,"eval_count":0,"eval_duration":0,"thinking_chars":0,"thinking_detected":false,"outcome":"ok"}
{"event":"deep_research_model_call","step":"queries","think":false,"attempt":1,"wall_ms":0,"load_duration":0,"prompt_eval_count":0,"prompt_eval_duration":0,"eval_count":0,"eval_duration":0,"thinking_chars":0,"thinking_detected":false,"outcome":"ok"}
{"event":"deep_research_model_call","step":"pages","think":false,"attempt":1,"wall_ms":0,"load_duration":0,"prompt_eval_count":0,"prompt_eval_duration":0,"eval_count":0,"eval_duration":0,"thinking_chars":0,"thinking_detected":false,"outcome":"ok"}
{"event":"deep_research_model_call","step":"gap","think":false,"attempt":1,"wall_ms":0,"load_duration":0,"prompt_eval_count":0,"prompt_eval_duration":0,"eval_count":0,"eval_duration":0,"thinking_chars":0,"thinking_detected":false,"outcome":"ok"}
{"event":"deep_research_model_call","step":"write","think":true,"attempt":1,"wall_ms":0,"load_duration":0,"prompt_eval_count":0,"prompt_eval_duration":0,"eval_count":0,"eval_duration":0,"thinking_chars":0,"thinking_detected":false,"outcome":"ok"}
{"event":"deep_research_run_end","notes_kept":1,"notes_dropped":0,"pages_read":1,"status":"complete","elapsed_ms":1}
{"event":"deep_research_model_call","step":"brief","think":false,"attempt":1,"wall_ms":0,"load_duration":0,"prompt_eval_count":0,"prompt_eval_duration":0,"eval_count":0,"eval_duration":0,"thinking_chars":0,"thinking_detected":false,"outcome":"ok"}
{"event":"deep_research_model_call","step":"plan","think":true,"attempt":1,"wall_ms":0,"load_duration":0,"prompt_eval_count":0,"prompt_eval_duration":0,"eval_count":0,"eval_duration":0,"thinking_chars":0,"thinking_detected":false,"outcome":"ok"}
{"event":"deep_research_model_call","step":"plan","think":false,"attempt":1,"wall_ms":0,"load_duration":0,"prompt_eval_count":0,"prompt_eval_duration":0,"eval_count":0,"eval_duration":0,"thinking_chars":0,"thinking_detected":false,"outcome":"ok"}
{"event":"deep_research_model_call","step":"queries","think":false,"attempt":1,"wall_ms":0,"load_duration":0,"prompt_eval_count":0,"prompt_eval_duration":0,"eval_count":0,"eval_duration":0,"thinking_chars":0,"thinking_detected":false,"outcome":"ok"}
{"event":"deep_research_model_call","step":"pages","think":false,"attempt":1,"wall_ms":0,"load_duration":0,"prompt_eval_count":0,"prompt_eval_duration":0,"eval_count":0,"eval_duration":0,"thinking_chars":0,"thinking_detected":false,"outcome":"ok"}
{"event":"deep_research_model_call","step":"notes","think":false,"attempt":1,"wall_ms":0,"load_duration":0,"prompt_eval_count":0,"prompt_eval_duration":0,"eval_count":0,"eval_duration":0,"thinking_chars":0,"thinking_detected":false,"outcome":"ok"}
{"event":"deep_research_model_call","step":"queries","think":false,"attempt":1,"wall_ms":0,"load_duration":0,"prompt_eval_count":0,"prompt_eval_duration":0,"eval_count":0,"eval_duration":0,"thinking_chars":0,"thinking_detected":false,"outcome":"ok"}
{"event":"deep_research_model_call","step":"queries","think":false,"attempt":1,"wall_ms":0,"load_duration":0,"prompt_eval_count":0,"prompt_eval_duration":0,"eval_count":0,"eval_duration":0,"thinking_chars":0,"thinking_detected":false,"outcome":"ok"}
{"event":"deep_research_model_call","step":"queries","think":false,"attempt":1,"wall_ms":0,"load_duration":0,"prompt_eval_count":0,"prompt_eval_duration":0,"eval_count":0,"eval_duration":0,"thinking_chars":0,"thinking_detected":false,"outcome":"ok"}
{"event":"deep_research_model_call","step":"pages","think":false,"attempt":1,"wall_ms":0,"load_duration":0,"prompt_eval_count":0,"prompt_eval_duration":0,"eval_count":0,"eval_duration":0,"thinking_chars":0,"thinking_detected":false,"outcome":"ok"}
{"event":"deep_research_model_call","step":"queries","think":false,"attempt":1,"wall_ms":0,"load_duration":0,"prompt_eval_count":0,"prompt_eval_duration":0,"eval_count":0,"eval_duration":0,"thinking_chars":0,"thinking_detected":false,"outcome":"ok"}
{"event":"deep_research_model_call","step":"queries","think":false,"attempt":1,"wall_ms":0,"load_duration":0,"prompt_eval_count":0,"prompt_eval_duration":0,"eval_count":0,"eval_duration":0,"thinking_chars":0,"thinking_detected":false,"outcome":"ok"}
{"event":"deep_research_model_call","step":"queries","think":false,"attempt":1,"wall_ms":0,"load_duration":0,"prompt_eval_count":0,"prompt_eval_duration":0,"eval_count":0,"eval_duration":0,"thinking_chars":0,"thinking_detected":false,"outcome":"ok"}
{"event":"deep_research_model_call","step":"pages","think":false,"attempt":1,"wall_ms":0,"load_duration":0,"prompt_eval_count":0,"prompt_eval_duration":0,"eval_count":0,"eval_duration":0,"thinking_chars":0,"thinking_detected":false,"outcome":"ok"}
{"event":"deep_research_model_call","step":"gap","think":false,"attempt":1,"wall_ms":0,"load_duration":0,"prompt_eval_count":0,"prompt_eval_duration":0,"eval_count":0,"eval_duration":0,"thinking_chars":0,"thinking_detected":false,"outcome":"ok"}
{"event":"deep_research_model_call","step":"write","think":true,"attempt":1,"wall_ms":0,"load_duration":0,"prompt_eval_count":0,"prompt_eval_duration":0,"eval_count":0,"eval_duration":0,"thinking_chars":0,"thinking_detected":false,"outcome":"ok"}
{"event":"deep_research_run_end","notes_kept":1,"notes_dropped":0,"pages_read":1,"status":"complete","elapsed_ms":1}
{"event":"deep_research_model_call","step":"brief","think":false,"attempt":1,"wall_ms":0,"load_duration":0,"prompt_eval_count":0,"prompt_eval_duration":0,"eval_count":0,"eval_duration":0,"thinking_chars":0,"thinking_detected":false,"outcome":"ok"}
{"event":"deep_research_model_call","step":"plan","think":true,"attempt":1,"wall_ms":0,"load_duration":0,"prompt_eval_count":0,"prompt_eval_duration":0,"eval_count":0,"eval_duration":0,"thinking_chars":0,"thinking_detected":false,"outcome":"ok"}
{"event":"deep_research_model_call","step":"plan","think":false,"attempt":1,"wall_ms":0,"load_duration":0,"prompt_eval_count":0,"prompt_eval_duration":0,"eval_count":0,"eval_duration":0,"thinking_chars":0,"thinking_detected":false,"outcome":"ok"}
{"event":"deep_research_model_call","step":"queries","think":false,"attempt":1,"wall_ms":0,"load_duration":0,"prompt_eval_count":0,"prompt_eval_duration":0,"eval_count":0,"eval_duration":0,"thinking_chars":0,"thinking_detected":false,"outcome":"ok"}
{"event":"deep_research_model_call","step":"pages","think":false,"attempt":1,"wall_ms":0,"load_duration":0,"prompt_eval_count":0,"prompt_eval_duration":0,"eval_count":0,"eval_duration":0,"thinking_chars":0,"thinking_detected":false,"outcome":"ok"}
{"event":"deep_research_model_call","step":"notes","think":false,"attempt":1,"wall_ms":0,"load_duration":0,"prompt_eval_count":0,"prompt_eval_duration":0,"eval_count":0,"eval_duration":0,"thinking_chars":0,"thinking_detected":false,"outcome":"ok"}
{"event":"deep_research_model_call","step":"queries","think":false,"attempt":1,"wall_ms":0,"load_duration":0,"prompt_eval_count":0,"prompt_eval_duration":0,"eval_count":0,"eval_duration":0,"thinking_chars":0,"thinking_detected":false,"outcome":"ok"}
{"event":"deep_research_model_call","step":"queries","think":false,"attempt":1,"wall_ms":0,"load_duration":0,"prompt_eval_count":0,"prompt_eval_duration":0,"eval_count":0,"eval_duration":0,"thinking_chars":0,"thinking_detected":false,"outcome":"ok"}
{"event":"deep_research_model_call","step":"queries","think":false,"attempt":1,"wall_ms":0,"load_duration":0,"prompt_eval_count":0,"prompt_eval_duration":0,"eval_count":0,"eval_duration":0,"thinking_chars":0,"thinking_detected":false,"outcome":"ok"}
{"event":"deep_research_model_call","step":"pages","think":false,"attempt":1,"wall_ms":0,"load_duration":0,"prompt_eval_count":0,"prompt_eval_duration":0,"eval_count":0,"eval_duration":0,"thinking_chars":0,"thinking_detected":false,"outcome":"ok"}
{"event":"deep_research_model_call","step":"queries","think":false,"attempt":1,"wall_ms":0,"load_duration":0,"prompt_eval_count":0,"prompt_eval_duration":0,"eval_count":0,"eval_duration":0,"thinking_chars":0,"thinking_detected":false,"outcome":"ok"}
{"event":"deep_research_model_call","step":"queries","think":false,"attempt":1,"wall_ms":0,"load_duration":0,"prompt_eval_count":0,"prompt_eval_duration":0,"eval_count":0,"eval_duration":0,"thinking_chars":0,"thinking_detected":false,"outcome":"ok"}
{"event":"deep_research_model_call","step":"queries","think":false,"attempt":1,"wall_ms":0,"load_duration":0,"prompt_eval_count":0,"prompt_eval_duration":0,"eval_count":0,"eval_duration":0,"thinking_chars":0,"thinking_detected":false,"outcome":"ok"}
{"event":"deep_research_model_call","step":"pages","think":false,"attempt":1,"wall_ms":0,"load_duration":0,"prompt_eval_count":0,"prompt_eval_duration":0,"eval_count":0,"eval_duration":0,"thinking_chars":0,"thinking_detected":false,"outcome":"ok"}
{"event":"deep_research_model_call","step":"gap","think":false,"attempt":1,"wall_ms":0,"load_duration":0,"prompt_eval_count":0,"prompt_eval_duration":0,"eval_count":0,"eval_duration":0,"thinking_chars":0,"thinking_detected":false,"outcome":"ok"}
{"event":"deep_research_model_call","step":"write","think":true,"attempt":1,"wall_ms":0,"load_duration":0,"prompt_eval_count":0,"prompt_eval_duration":0,"eval_count":0,"eval_duration":0,"thinking_chars":0,"thinking_detected":false,"outcome":"ok"}
{"event":"deep_research_run_end","notes_kept":1,"notes_dropped":0,"pages_read":1,"status":"complete","elapsed_ms":1}
{"event":"deep_research_model_call","step":"brief","think":false,"attempt":1,"wall_ms":0,"load_duration":0,"prompt_eval_count":0,"prompt_eval_duration":0,"eval_count":0,"eval_duration":0,"thinking_chars":0,"thinking_detected":false,"outcome":"ok"}
{"event":"deep_research_model_call","step":"plan","think":true,"attempt":1,"wall_ms":0,"load_duration":0,"prompt_eval_count":0,"prompt_eval_duration":0,"eval_count":0,"eval_duration":0,"thinking_chars":0,"thinking_detected":false,"outcome":"ok"}
{"event":"deep_research_model_call","step":"plan","think":false,"attempt":1,"wall_ms":0,"load_duration":0,"prompt_eval_count":0,"prompt_eval_duration":0,"eval_count":0,"eval_duration":0,"thinking_chars":0,"thinking_detected":false,"outcome":"ok"}
{"event":"deep_research_model_call","step":"queries","think":false,"attempt":1,"wall_ms":0,"load_duration":0,"prompt_eval_count":0,"prompt_eval_duration":0,"eval_count":0,"eval_duration":0,"thinking_chars":0,"thinking_detected":false,"outcome":"ok"}
{"event":"deep_research_model_call","step":"pages","think":false,"attempt":1,"wall_ms":0,"load_duration":0,"prompt_eval_count":0,"prompt_eval_duration":0,"eval_count":0,"eval_duration":0,"thinking_chars":0,"thinking_detected":false,"outcome":"ok"}
{"event":"deep_research_model_call","step":"notes","think":false,"attempt":1,"wall_ms":0,"load_duration":0,"prompt_eval_count":0,"prompt_eval_duration":0,"eval_count":0,"eval_duration":0,"thinking_chars":0,"thinking_detected":false,"outcome":"ok"}
{"event":"deep_research_model_call","step":"queries","think":false,"attempt":1,"wall_ms":0,"load_duration":0,"prompt_eval_count":0,"prompt_eval_duration":0,"eval_count":0,"eval_duration":0,"thinking_chars":0,"thinking_detected":false,"outcome":"ok"}
{"event":"deep_research_model_call","step":"queries","think":false,"attempt":1,"wall_ms":0,"load_duration":0,"prompt_eval_count":0,"prompt_eval_duration":0,"eval_count":0,"eval_duration":0,"thinking_chars":0,"thinking_detected":false,"outcome":"ok"}
{"event":"deep_research_model_call","step":"queries","think":false,"attempt":1,"wall_ms":0,"load_duration":0,"prompt_eval_count":0,"prompt_eval_duration":0,"eval_count":0,"eval_duration":0,"thinking_chars":0,"thinking_detected":false,"outcome":"ok"}
{"event":"deep_research_model_call","step":"pages","think":false,"attempt":1,"wall_ms":0,"load_duration":0,"prompt_eval_count":0,"prompt_eval_duration":0,"eval_count":0,"eval_duration":0,"thinking_chars":0,"thinking_detected":false,"outcome":"ok"}
{"event":"deep_research_model_call","step":"queries","think":false,"attempt":1,"wall_ms":0,"load_duration":0,"prompt_eval_count":0,"prompt_eval_duration":0,"eval_count":0,"eval_duration":0,"thinking_chars":0,"thinking_detected":false,"outcome":"ok"}
{"event":"deep_research_model_call","step":"queries","think":false,"attempt":1,"wall_ms":1,"load_duration":0,"prompt_eval_count":0,"prompt_eval_duration":0,"eval_count":0,"eval_duration":0,"thinking_chars":0,"thinking_detected":false,"outcome":"ok"}
{"event":"deep_research_model_call","step":"queries","think":false,"attempt":1,"wall_ms":0,"load_duration":0,"prompt_eval_count":0,"prompt_eval_duration":0,"eval_count":0,"eval_duration":0,"thinking_chars":0,"thinking_detected":false,"outcome":"ok"}
{"event":"deep_research_model_call","step":"pages","think":false,"attempt":1,"wall_ms":0,"load_duration":0,"prompt_eval_count":0,"prompt_eval_duration":0,"eval_count":0,"eval_duration":0,"thinking_chars":0,"thinking_detected":false,"outcome":"ok"}
{"event":"deep_research_model_call","step":"gap","think":false,"attempt":1,"wall_ms":0,"load_duration":0,"prompt_eval_count":0,"prompt_eval_duration":0,"eval_count":0,"eval_duration":0,"thinking_chars":0,"thinking_detected":false,"outcome":"ok"}
{"event":"deep_research_model_call","step":"write","think":true,"attempt":1,"wall_ms":0,"load_duration":0,"prompt_eval_count":0,"prompt_eval_duration":0,"eval_count":0,"eval_duration":0,"thinking_chars":0,"thinking_detected":false,"outcome":"ok"}
{"event":"deep_research_run_end","notes_kept":1,"notes_dropped":0,"pages_read":1,"status":"complete","elapsed_ms":2}
{"event":"deep_research_model_call","step":"brief","think":false,"attempt":1,"wall_ms":0,"load_duration":0,"prompt_eval_count":0,"prompt_eval_duration":0,"eval_count":0,"eval_duration":0,"thinking_chars":0,"thinking_detected":false,"outcome":"ok"}
{"event":"deep_research_model_call","step":"plan","think":true,"attempt":1,"wall_ms":0,"load_duration":0,"prompt_eval_count":0,"prompt_eval_duration":0,"eval_count":0,"eval_duration":0,"thinking_chars":0,"thinking_detected":false,"outcome":"ok"}
{"event":"deep_research_model_call","step":"plan","think":false,"attempt":1,"wall_ms":0,"load_duration":0,"prompt_eval_count":0,"prompt_eval_duration":0,"eval_count":0,"eval_duration":0,"thinking_chars":0,"thinking_detected":false,"outcome":"ok"}
{"event":"deep_research_model_call","step":"queries","think":false,"attempt":1,"wall_ms":0,"load_duration":0,"prompt_eval_count":0,"prompt_eval_duration":0,"eval_count":0,"eval_duration":0,"thinking_chars":0,"thinking_detected":false,"outcome":"ok"}
{"event":"deep_research_model_call","step":"pages","think":false,"attempt":1,"wall_ms":0,"load_duration":0,"prompt_eval_count":0,"prompt_eval_duration":0,"eval_count":0,"eval_duration":0,"thinking_chars":0,"thinking_detected":false,"outcome":"ok"}
{"event":"deep_research_model_call","step":"notes","think":false,"attempt":1,"wall_ms":0,"load_duration":0,"prompt_eval_count":0,"prompt_eval_duration":0,"eval_count":0,"eval_duration":0,"thinking_chars":0,"thinking_detected":false,"outcome":"ok"}
{"event":"deep_research_model_call","step":"queries","think":false,"attempt":1,"wall_ms":0,"load_duration":0,"prompt_eval_count":0,"prompt_eval_duration":0,"eval_count":0,"eval_duration":0,"thinking_chars":0,"thinking_detected":false,"outcome":"ok"}
{"event":"deep_research_model_call","step":"queries","think":false,"attempt":1,"wall_ms":0,"load_duration":0,"prompt_eval_count":0,"prompt_eval_duration":0,"eval_count":0,"eval_duration":0,"thinking_chars":0,"thinking_detected":false,"outcome":"ok"}
{"event":"deep_research_model_call","step":"queries","think":false,"attempt":1,"wall_ms":0,"load_duration":0,"prompt_eval_count":0,"prompt_eval_duration":0,"eval_count":0,"eval_duration":0,"thinking_chars":0,"thinking_detected":false,"outcome":"ok"}
{"event":"deep_research_model_call","step":"pages","think":false,"attempt":1,"wall_ms":0,"load_duration":0,"prompt_eval_count":0,"prompt_eval_duration":0,"eval_count":0,"eval_duration":0,"thinking_chars":0,"thinking_detected":false,"outcome":"ok"}
{"event":"deep_research_model_call","step":"queries","think":false,"attempt":1,"wall_ms":1,"load_duration":0,"prompt_eval_count":0,"prompt_eval_duration":0,"eval_count":0,"eval_duration":0,"thinking_chars":0,"thinking_detected":false,"outcome":"ok"}
{"event":"deep_research_model_call","step":"queries","think":false,"attempt":1,"wall_ms":0,"load_duration":0,"prompt_eval_count":0,"prompt_eval_duration":0,"eval_count":0,"eval_duration":0,"thinking_chars":0,"thinking_detected":false,"outcome":"ok"}
{"event":"deep_research_model_call","step":"queries","think":false,"attempt":1,"wall_ms":0,"load_duration":0,"prompt_eval_count":0,"prompt_eval_duration":0,"eval_count":0,"eval_duration":0,"thinking_chars":0,"thinking_detected":false,"outcome":"ok"}
{"event":"deep_research_model_call","step":"pages","think":false,"attempt":1,"wall_ms":0,"load_duration":0,"prompt_eval_count":0,"prompt_eval_duration":0,"eval_count":0,"eval_duration":0,"thinking_chars":0,"thinking_detected":false,"outcome":"ok"}
{"event":"deep_research_model_call","step":"gap","think":false,"attempt":1,"wall_ms":0,"load_duration":0,"prompt_eval_count":0,"prompt_eval_duration":0,"eval_count":0,"eval_duration":0,"thinking_chars":0,"thinking_detected":false,"outcome":"ok"}
{"event":"deep_research_model_call","step":"write","think":true,"attempt":1,"wall_ms":0,"load_duration":0,"prompt_eval_count":0,"prompt_eval_duration":0,"eval_count":0,"eval_duration":0,"thinking_chars":0,"thinking_detected":false,"outcome":"ok"}
{"event":"deep_research_run_end","notes_kept":1,"notes_dropped":0,"pages_read":1,"status":"complete","elapsed_ms":2}
{"event":"deep_research_model_call","step":"brief","think":false,"attempt":1,"wall_ms":0,"load_duration":0,"prompt_eval_count":0,"prompt_eval_duration":0,"eval_count":0,"eval_duration":0,"thinking_chars":0,"thinking_detected":false,"outcome":"ok"}
{"event":"deep_research_model_call","step":"plan","think":true,"attempt":1,"wall_ms":0,"load_duration":0,"prompt_eval_count":0,"prompt_eval_duration":0,"eval_count":0,"eval_duration":0,"thinking_chars":0,"thinking_detected":false,"outcome":"ok"}
{"event":"deep_research_model_call","step":"plan","think":false,"attempt":1,"wall_ms":0,"load_duration":0,"prompt_eval_count":0,"prompt_eval_duration":0,"eval_count":0,"eval_duration":0,"thinking_chars":0,"thinking_detected":false,"outcome":"ok"}
{"event":"deep_research_model_call","step":"queries","think":false,"attempt":1,"wall_ms":0,"load_duration":0,"prompt_eval_count":0,"prompt_eval_duration":0,"eval_count":0,"eval_duration":0,"thinking_chars":0,"thinking_detected":false,"outcome":"ok"}
{"event":"deep_research_model_call","step":"pages","think":false,"attempt":1,"wall_ms":0,"load_duration":0,"prompt_eval_count":0,"prompt_eval_duration":0,"eval_count":0,"eval_duration":0,"thinking_chars":0,"thinking_detected":false,"outcome":"ok"}
{"event":"deep_research_model_call","step":"notes","think":false,"attempt":1,"wall_ms":0,"load_duration":0,"prompt_eval_count":0,"prompt_eval_duration":0,"eval_count":0,"eval_duration":0,"thinking_chars":0,"thinking_detected":false,"outcome":"ok"}
{"event":"deep_research_model_call","step":"queries","think":false,"attempt":1,"wall_ms":0,"load_duration":0,"prompt_eval_count":0,"prompt_eval_duration":0,"eval_count":0,"eval_duration":0,"thinking_chars":0,"thinking_detected":false,"outcome":"ok"}
{"event":"deep_research_model_call","step":"queries","think":false,"attempt":1,"wall_ms":0,"load_duration":0,"prompt_eval_count":0,"prompt_eval_duration":0,"eval_count":0,"eval_duration":0,"thinking_chars":0,"thinking_detected":false,"outcome":"ok"}
{"event":"deep_research_model_call","step":"queries","think":false,"attempt":1,"wall_ms":0,"load_duration":0,"prompt_eval_count":0,"prompt_eval_duration":0,"eval_count":0,"eval_duration":0,"thinking_chars":0,"thinking_detected":false,"outcome":"ok"}
{"event":"deep_research_model_call","step":"pages","think":false,"attempt":1,"wall_ms":0,"load_duration":0,"prompt_eval_count":0,"prompt_eval_duration":0,"eval_count":0,"eval_duration":0,"thinking_chars":0,"thinking_detected":false,"outcome":"ok"}
{"event":"deep_research_model_call","step":"queries","think":false,"attempt":1,"wall_ms":0,"load_duration":0,"prompt_eval_count":0,"prompt_eval_duration":0,"eval_count":0,"eval_duration":0,"thinking_chars":0,"thinking_detected":false,"outcome":"ok"}
{"event":"deep_research_model_call","step":"queries","think":false,"attempt":1,"wall_ms":0,"load_duration":0,"prompt_eval_count":0,"prompt_eval_duration":0,"eval_count":0,"eval_duration":0,"thinking_chars":0,"thinking_detected":false,"outcome":"ok"}
{"event":"deep_research_model_call","step":"queries","think":false,"attempt":1,"wall_ms":0,"load_duration":0,"prompt_eval_count":0,"prompt_eval_duration":0,"eval_count":0,"eval_duration":0,"thinking_chars":0,"thinking_detected":false,"outcome":"ok"}
{"event":"deep_research_model_call","step":"pages","think":false,"attempt":1,"wall_ms":0,"load_duration":0,"prompt_eval_count":0,"prompt_eval_duration":0,"eval_count":0,"eval_duration":0,"thinking_chars":0,"thinking_detected":false,"outcome":"ok"}
{"event":"deep_research_model_call","step":"gap","think":false,"attempt":1,"wall_ms":0,"load_duration":0,"prompt_eval_count":0,"prompt_eval_duration":0,"eval_count":0,"eval_duration":0,"thinking_chars":0,"thinking_detected":false,"outcome":"ok"}
{"event":"deep_research_model_call","step":"write","think":true,"attempt":1,"wall_ms":0,"load_duration":0,"prompt_eval_count":0,"prompt_eval_duration":0,"eval_count":0,"eval_duration":0,"thinking_chars":0,"thinking_detected":false,"outcome":"ok"}
{"event":"deep_research_run_end","notes_kept":1,"notes_dropped":0,"pages_read":1,"status":"complete","elapsed_ms":1}
{"event":"deep_research_model_call","step":"brief","think":false,"attempt":1,"wall_ms":0,"load_duration":0,"prompt_eval_count":0,"prompt_eval_duration":0,"eval_count":0,"eval_duration":0,"thinking_chars":0,"thinking_detected":false,"outcome":"ok"}
{"event":"deep_research_model_call","step":"plan","think":true,"attempt":1,"wall_ms":0,"load_duration":0,"prompt_eval_count":0,"prompt_eval_duration":0,"eval_count":0,"eval_duration":0,"thinking_chars":0,"thinking_detected":false,"outcome":"ok"}
{"event":"deep_research_model_call","step":"plan","think":false,"attempt":1,"wall_ms":0,"load_duration":0,"prompt_eval_count":0,"prompt_eval_duration":0,"eval_count":0,"eval_duration":0,"thinking_chars":0,"thinking_detected":false,"outcome":"ok"}
{"event":"deep_research_model_call","step":"queries","think":false,"attempt":1,"wall_ms":0,"load_duration":0,"prompt_eval_count":0,"prompt_eval_duration":0,"eval_count":0,"eval_duration":0,"thinking_chars":0,"thinking_detected":false,"outcome":"ok"}
{"event":"deep_research_model_call","step":"pages","think":false,"attempt":1,"wall_ms":0,"load_duration":0,"prompt_eval_count":0,"prompt_eval_duration":0,"eval_count":0,"eval_duration":0,"thinking_chars":0,"thinking_detected":false,"outcome":"ok"}
{"event":"deep_research_model_call","step":"notes","think":false,"attempt":1,"wall_ms":0,"load_duration":0,"prompt_eval_count":0,"prompt_eval_duration":0,"eval_count":0,"eval_duration":0,"thinking_chars":0,"thinking_detected":false,"outcome":"ok"}
{"event":"deep_research_model_call","step":"queries","think":false,"attempt":1,"wall_ms":0,"load_duration":0,"prompt_eval_count":0,"prompt_eval_duration":0,"eval_count":0,"eval_duration":0,"thinking_chars":0,"thinking_detected":false,"outcome":"ok"}
{"event":"deep_research_model_call","step":"queries","think":false,"attempt":1,"wall_ms":0,"load_duration":0,"prompt_eval_count":0,"prompt_eval_duration":0,"eval_count":0,"eval_duration":0,"thinking_chars":0,"thinking_detected":false,"outcome":"ok"}
{"event":"deep_research_model_call","step":"queries","think":false,"attempt":1,"wall_ms":0,"load_duration":0,"prompt_eval_count":0,"prompt_eval_duration":0,"eval_count":0,"eval_duration":0,"thinking_chars":0,"thinking_detected":false,"outcome":"ok"}
{"event":"deep_research_model_call","step":"pages","think":false,"attempt":1,"wall_ms":0,"load_duration":0,"prompt_eval_count":0,"prompt_eval_duration":0,"eval_count":0,"eval_duration":0,"thinking_chars":0,"thinking_detected":false,"outcome":"ok"}
{"event":"deep_research_model_call","step":"queries","think":false,"attempt":1,"wall_ms":0,"load_duration":0,"prompt_eval_count":0,"prompt_eval_duration":0,"eval_count":0,"eval_duration":0,"thinking_chars":0,"thinking_detected":false,"outcome":"ok"}
{"event":"deep_research_model_call","step":"queries","think":false,"attempt":1,"wall_ms":0,"load_duration":0,"prompt_eval_count":0,"prompt_eval_duration":0,"eval_count":0,"eval_duration":0,"thinking_chars":0,"thinking_detected":false,"outcome":"ok"}
{"event":"deep_research_model_call","step":"queries","think":false,"attempt":1,"wall_ms":0,"load_duration":0,"prompt_eval_count":0,"prompt_eval_duration":0,"eval_count":0,"eval_duration":0,"thinking_chars":0,"thinking_detected":false,"outcome":"ok"}
{"event":"deep_research_model_call","step":"pages","think":false,"attempt":1,"wall_ms":0,"load_duration":0,"prompt_eval_count":0,"prompt_eval_duration":0,"eval_count":0,"eval_duration":0,"thinking_chars":0,"thinking_detected":false,"outcome":"ok"}
{"event":"deep_research_model_call","step":"gap","think":false,"attempt":1,"wall_ms":0,"load_duration":0,"prompt_eval_count":0,"prompt_eval_duration":0,"eval_count":0,"eval_duration":0,"thinking_chars":0,"thinking_detected":false,"outcome":"ok"}
{"event":"deep_research_model_call","step":"write","think":true,"attempt":1,"wall_ms":0,"load_duration":0,"prompt_eval_count":0,"prompt_eval_duration":0,"eval_count":0,"eval_duration":0,"thinking_chars":0,"thinking_detected":false,"outcome":"ok"}
{"event":"deep_research_run_end","notes_kept":1,"notes_dropped":0,"pages_read":1,"status":"complete","elapsed_ms":1}
{"event":"deep_research_model_call","step":"brief","think":false,"attempt":1,"wall_ms":0,"load_duration":0,"prompt_eval_count":0,"prompt_eval_duration":0,"eval_count":0,"eval_duration":0,"thinking_chars":0,"thinking_detected":false,"outcome":"ok"}
{"event":"deep_research_model_call","step":"plan","think":true,"attempt":1,"wall_ms":0,"load_duration":0,"prompt_eval_count":0,"prompt_eval_duration":0,"eval_count":0,"eval_duration":0,"thinking_chars":0,"thinking_detected":false,"outcome":"ok"}
{"event":"deep_research_model_call","step":"plan","think":false,"attempt":1,"wall_ms":0,"load_duration":0,"prompt_eval_count":0,"prompt_eval_duration":0,"eval_count":0,"eval_duration":0,"thinking_chars":0,"thinking_detected":false,"outcome":"ok"}
{"event":"deep_research_model_call","step":"queries","think":false,"attempt":1,"wall_ms":1,"load_duration":0,"prompt_eval_count":0,"prompt_eval_duration":0,"eval_count":0,"eval_duration":0,"thinking_chars":0,"thinking_detected":false,"outcome":"ok"}
{"event":"deep_research_model_call","step":"pages","think":false,"attempt":1,"wall_ms":0,"load_duration":0,"prompt_eval_count":0,"prompt_eval_duration":0,"eval_count":0,"eval_duration":0,"thinking_chars":0,"thinking_detected":false,"outcome":"ok"}
{"event":"deep_research_model_call","step":"notes","think":false,"attempt":1,"wall_ms":0,"load_duration":0,"prompt_eval_count":0,"prompt_eval_duration":0,"eval_count":0,"eval_duration":0,"thinking_chars":0,"thinking_detected":false,"outcome":"ok"}
{"event":"deep_research_model_call","step":"queries","think":false,"attempt":1,"wall_ms":0,"load_duration":0,"prompt_eval_count":0,"prompt_eval_duration":0,"eval_count":0,"eval_duration":0,"thinking_chars":0,"thinking_detected":false,"outcome":"ok"}
{"event":"deep_research_model_call","step":"queries","think":false,"attempt":1,"wall_ms":0,"load_duration":0,"prompt_eval_count":0,"prompt_eval_duration":0,"eval_count":0,"eval_duration":0,"thinking_chars":0,"thinking_detected":false,"outcome":"ok"}
{"event":"deep_research_model_call","step":"queries","think":false,"attempt":1,"wall_ms":0,"load_duration":0,"prompt_eval_count":0,"prompt_eval_duration":0,"eval_count":0,"eval_duration":0,"thinking_chars":0,"thinking_detected":false,"outcome":"ok"}
{"event":"deep_research_model_call","step":"pages","think":false,"attempt":1,"wall_ms":0,"load_duration":0,"prompt_eval_count":0,"prompt_eval_duration":0,"eval_count":0,"eval_duration":0,"thinking_chars":0,"thinking_detected":false,"outcome":"ok"}
{"event":"deep_research_model_call","step":"queries","think":false,"attempt":1,"wall_ms":0,"load_duration":0,"prompt_eval_count":0,"prompt_eval_duration":0,"eval_count":0,"eval_duration":0,"thinking_chars":0,"thinking_detected":false,"outcome":"ok"}
{"event":"deep_research_model_call","step":"queries","think":false,"attempt":1,"wall_ms":0,"load_duration":0,"prompt_eval_count":0,"prompt_eval_duration":0,"eval_count":0,"eval_duration":0,"thinking_chars":0,"thinking_detected":false,"outcome":"ok"}
{"event":"deep_research_model_call","step":"queries","think":false,"attempt":1,"wall_ms":0,"load_duration":0,"prompt_eval_count":0,"prompt_eval_duration":0,"eval_count":0,"eval_duration":0,"thinking_chars":0,"thinking_detected":false,"outcome":"ok"}
{"event":"deep_research_model_call","step":"pages","think":false,"attempt":1,"wall_ms":0,"load_duration":0,"prompt_eval_count":0,"prompt_eval_duration":0,"eval_count":0,"eval_duration":0,"thinking_chars":0,"thinking_detected":false,"outcome":"ok"}
{"event":"deep_research_model_call","step":"gap","think":false,"attempt":1,"wall_ms":0,"load_duration":0,"prompt_eval_count":0,"prompt_eval_duration":0,"eval_count":0,"eval_duration":0,"thinking_chars":0,"thinking_detected":false,"outcome":"ok"}
{"event":"deep_research_model_call","step":"write","think":true,"attempt":1,"wall_ms":0,"load_duration":0,"prompt_eval_count":0,"prompt_eval_duration":0,"eval_count":0,"eval_duration":0,"thinking_chars":0,"thinking_detected":false,"outcome":"ok"}
{"event":"deep_research_run_end","notes_kept":1,"notes_dropped":0,"pages_read":1,"status":"complete","elapsed_ms":1}
{"event":"deep_research_model_call","step":"brief","think":false,"attempt":1,"wall_ms":0,"load_duration":0,"prompt_eval_count":0,"prompt_eval_duration":0,"eval_count":0,"eval_duration":0,"thinking_chars":0,"thinking_detected":false,"outcome":"ok"}
{"event":"deep_research_model_call","step":"plan","think":true,"attempt":1,"wall_ms":0,"load_duration":0,"prompt_eval_count":0,"prompt_eval_duration":0,"eval_count":0,"eval_duration":0,"thinking_chars":0,"thinking_detected":false,"outcome":"ok"}
{"event":"deep_research_model_call","step":"plan","think":false,"attempt":1,"wall_ms":0,"load_duration":0,"prompt_eval_count":0,"prompt_eval_duration":0,"eval_count":0,"eval_duration":0,"thinking_chars":0,"thinking_detected":false,"outcome":"ok"}
{"event":"deep_research_model_call","step":"queries","think":false,"attempt":1,"wall_ms":0,"load_duration":0,"prompt_eval_count":0,"prompt_eval_duration":0,"eval_count":0,"eval_duration":0,"thinking_chars":0,"thinking_detected":false,"outcome":"ok"}
{"event":"deep_research_model_call","step":"pages","think":false,"attempt":1,"wall_ms":0,"load_duration":0,"prompt_eval_count":0,"prompt_eval_duration":0,"eval_count":0,"eval_duration":0,"thinking_chars":0,"thinking_detected":false,"outcome":"ok"}
{"event":"deep_research_model_call","step":"notes","think":false,"attempt":1,"wall_ms":0,"load_duration":0,"prompt_eval_count":0,"prompt_eval_duration":0,"eval_count":0,"eval_duration":0,"thinking_chars":0,"thinking_detected":false,"outcome":"ok"}
{"event":"deep_research_model_call","step":"queries","think":false,"attempt":1,"wall_ms":0,"load_duration":0,"prompt_eval_count":0,"prompt_eval_duration":0,"eval_count":0,"eval_duration":0,"thinking_chars":0,"thinking_detected":false,"outcome":"ok"}
{"event":"deep_research_model_call","step":"queries","think":false,"attempt":1,"wall_ms":0,"load_duration":0,"prompt_eval_count":0,"prompt_eval_duration":0,"eval_count":0,"eval_duration":0,"thinking_chars":0,"thinking_detected":false,"outcome":"ok"}
{"event":"deep_research_model_call","step":"queries","think":false,"attempt":1,"wall_ms":0,"load_duration":0,"prompt_eval_count":0,"prompt_eval_duration":0,"eval_count":0,"eval_duration":0,"thinking_chars":0,"thinking_detected":false,"outcome":"ok"}
{"event":"deep_research_model_call","step":"pages","think":false,"attempt":1,"wall_ms":0,"load_duration":0,"prompt_eval_count":0,"prompt_eval_duration":0,"eval_count":0,"eval_duration":0,"thinking_chars":0,"thinking_detected":false,"outcome":"ok"}
{"event":"deep_research_model_call","step":"queries","think":false,"attempt":1,"wall_ms":0,"load_duration":0,"prompt_eval_count":0,"prompt_eval_duration":0,"eval_count":0,"eval_duration":0,"thinking_chars":0,"thinking_detected":false,"outcome":"ok"}
{"event":"deep_research_model_call","step":"queries","think":false,"attempt":1,"wall_ms":0,"load_duration":0,"prompt_eval_count":0,"prompt_eval_duration":0,"eval_count":0,"eval_duration":0,"thinking_chars":0,"thinking_detected":false,"outcome":"ok"}
{"event":"deep_research_model_call","step":"queries","think":false,"attempt":1,"wall_ms":0,"load_duration":0,"prompt_eval_count":0,"prompt_eval_duration":0,"eval_count":0,"eval_duration":0,"thinking_chars":0,"thinking_detected":false,"outcome":"ok"}
{"event":"deep_research_model_call","step":"pages","think":false,"attempt":1,"wall_ms":0,"load_duration":0,"prompt_eval_count":0,"prompt_eval_duration":0,"eval_count":0,"eval_duration":0,"thinking_chars":0,"thinking_detected":false,"outcome":"ok"}
{"event":"deep_research_model_call","step":"gap","think":false,"attempt":1,"wall_ms":0,"load_duration":0,"prompt_eval_count":0,"prompt_eval_duration":0,"eval_count":0,"eval_duration":0,"thinking_chars":0,"thinking_detected":false,"outcome":"ok"}
{"event":"deep_research_model_call","step":"write","think":true,"attempt":1,"wall_ms":0,"load_duration":0,"prompt_eval_count":0,"prompt_eval_duration":0,"eval_count":0,"eval_duration":0,"thinking_chars":0,"thinking_detected":false,"outcome":"ok"}
{"event":"deep_research_run_end","notes_kept":1,"notes_dropped":0,"pages_read":1,"status":"complete","elapsed_ms":1}
{"event":"deep_research_model_call","step":"brief","think":false,"attempt":1,"wall_ms":0,"load_duration":0,"prompt_eval_count":0,"prompt_eval_duration":0,"eval_count":0,"eval_duration":0,"thinking_chars":0,"thinking_detected":false,"outcome":"ok"}
{"event":"deep_research_model_call","step":"plan","think":true,"attempt":1,"wall_ms":0,"load_duration":0,"prompt_eval_count":0,"prompt_eval_duration":0,"eval_count":0,"eval_duration":0,"thinking_chars":0,"thinking_detected":false,"outcome":"ok"}
{"event":"deep_research_model_call","step":"plan","think":false,"attempt":1,"wall_ms":0,"load_duration":0,"prompt_eval_count":0,"prompt_eval_duration":0,"eval_count":0,"eval_duration":0,"thinking_chars":0,"thinking_detected":false,"outcome":"ok"}
{"event":"deep_research_model_call","step":"queries","think":false,"attempt":1,"wall_ms":0,"load_duration":0,"prompt_eval_count":0,"prompt_eval_duration":0,"eval_count":0,"eval_duration":0,"thinking_chars":0,"thinking_detected":false,"outcome":"ok"}
{"event":"deep_research_model_call","step":"pages","think":false,"attempt":1,"wall_ms":0,"load_duration":0,"prompt_eval_count":0,"prompt_eval_duration":0,"eval_count":0,"eval_duration":0,"thinking_chars":0,"thinking_detected":false,"outcome":"ok"}
{"event":"deep_research_model_call","step":"notes","think":false,"attempt":1,"wall_ms":1,"load_duration":0,"prompt_eval_count":0,"prompt_eval_duration":0,"eval_count":0,"eval_duration":0,"thinking_chars":0,"thinking_detected":false,"outcome":"ok"}
{"event":"deep_research_model_call","step":"queries","think":false,"attempt":1,"wall_ms":0,"load_duration":0,"prompt_eval_count":0,"prompt_eval_duration":0,"eval_count":0,"eval_duration":0,"thinking_chars":0,"thinking_detected":false,"outcome":"ok"}
{"event":"deep_research_model_call","step":"queries","think":false,"attempt":1,"wall_ms":0,"load_duration":0,"prompt_eval_count":0,"prompt_eval_duration":0,"eval_count":0,"eval_duration":0,"thinking_chars":0,"thinking_detected":false,"outcome":"ok"}
{"event":"deep_research_model_call","step":"queries","think":false,"attempt":1,"wall_ms":0,"load_duration":0,"prompt_eval_count":0,"prompt_eval_duration":0,"eval_count":0,"eval_duration":0,"thinking_chars":0,"thinking_detected":false,"outcome":"ok"}
{"event":"deep_research_model_call","step":"pages","think":false,"attempt":1,"wall_ms":0,"load_duration":0,"prompt_eval_count":0,"prompt_eval_duration":0,"eval_count":0,"eval_duration":0,"thinking_chars":0,"thinking_detected":false,"outcome":"ok"}
{"event":"deep_research_model_call","step":"queries","think":false,"attempt":1,"wall_ms":0,"load_duration":0,"prompt_eval_count":0,"prompt_eval_duration":0,"eval_count":0,"eval_duration":0,"thinking_chars":0,"thinking_detected":false,"outcome":"ok"}
{"event":"deep_research_model_call","step":"queries","think":false,"attempt":1,"wall_ms":0,"load_duration":0,"prompt_eval_count":0,"prompt_eval_duration":0,"eval_count":0,"eval_duration":0,"thinking_chars":0,"thinking_detected":false,"outcome":"ok"}
{"event":"deep_research_model_call","step":"queries","think":false,"attempt":1,"wall_ms":0,"load_duration":0,"prompt_eval_count":0,"prompt_eval_duration":0,"eval_count":0,"eval_duration":0,"thinking_chars":0,"thinking_detected":false,"outcome":"ok"}
{"event":"deep_research_model_call","step":"pages","think":false,"attempt":1,"wall_ms":0,"load_duration":0,"prompt_eval_count":0,"prompt_eval_duration":0,"eval_count":0,"eval_duration":0,"thinking_chars":0,"thinking_detected":false,"outcome":"ok"}
{"event":"deep_research_model_call","step":"gap","think":false,"attempt":1,"wall_ms":0,"load_duration":0,"prompt_eval_count":0,"prompt_eval_duration":0,"eval_count":0,"eval_duration":0,"thinking_chars":0,"thinking_detected":false,"outcome":"ok"}
{"event":"deep_research_model_call","step":"write","think":true,"attempt":1,"wall_ms":0,"load_duration":0,"prompt_eval_count":0,"prompt_eval_duration":0,"eval_count":0,"eval_duration":0,"thinking_chars":0,"thinking_detected":false,"outcome":"ok"}
{"event":"deep_research_run_end","notes_kept":1,"notes_dropped":0,"pages_read":1,"status":"complete","elapsed_ms":1}
{"event":"deep_research_model_call","step":"brief","think":false,"attempt":1,"wall_ms":1,"load_duration":0,"prompt_eval_count":0,"prompt_eval_duration":0,"eval_count":0,"eval_duration":0,"thinking_chars":0,"thinking_detected":false,"outcome":"ok"}
{"event":"deep_research_model_call","step":"plan","think":true,"attempt":1,"wall_ms":0,"load_duration":0,"prompt_eval_count":0,"prompt_eval_duration":0,"eval_count":0,"eval_duration":0,"thinking_chars":0,"thinking_detected":false,"outcome":"ok"}
{"event":"deep_research_model_call","step":"plan","think":false,"attempt":1,"wall_ms":0,"load_duration":0,"prompt_eval_count":0,"prompt_eval_duration":0,"eval_count":0,"eval_duration":0,"thinking_chars":0,"thinking_detected":false,"outcome":"ok"}
{"event":"deep_research_model_call","step":"queries","think":false,"attempt":1,"wall_ms":0,"load_duration":0,"prompt_eval_count":0,"prompt_eval_duration":0,"eval_count":0,"eval_duration":0,"thinking_chars":0,"thinking_detected":false,"outcome":"ok"}
{"event":"deep_research_model_call","step":"pages","think":false,"attempt":1,"wall_ms":0,"load_duration":0,"prompt_eval_count":0,"prompt_eval_duration":0,"eval_count":0,"eval_duration":0,"thinking_chars":0,"thinking_detected":false,"outcome":"ok"}
{"event":"deep_research_model_call","step":"notes","think":false,"attempt":1,"wall_ms":0,"load_duration":0,"prompt_eval_count":0,"prompt_eval_duration":0,"eval_count":0,"eval_duration":0,"thinking_chars":0,"thinking_detected":false,"outcome":"ok"}
{"event":"deep_research_model_call","step":"queries","think":false,"attempt":1,"wall_ms":0,"load_duration":0,"prompt_eval_count":0,"prompt_eval_duration":0,"eval_count":0,"eval_duration":0,"thinking_chars":0,"thinking_detected":false,"outcome":"ok"}
{"event":"deep_research_model_call","step":"queries","think":false,"attempt":1,"wall_ms":0,"load_duration":0,"prompt_eval_count":0,"prompt_eval_duration":0,"eval_count":0,"eval_duration":0,"thinking_chars":0,"thinking_detected":false,"outcome":"ok"}
{"event":"deep_research_model_call","step":"queries","think":false,"attempt":1,"wall_ms":0,"load_duration":0,"prompt_eval_count":0,"prompt_eval_duration":0,"eval_count":0,"eval_duration":0,"thinking_chars":0,"thinking_detected":false,"outcome":"ok"}
{"event":"deep_research_model_call","step":"pages","think":false,"attempt":1,"wall_ms":0,"load_duration":0,"prompt_eval_count":0,"prompt_eval_duration":0,"eval_count":0,"eval_duration":0,"thinking_chars":0,"thinking_detected":false,"outcome":"ok"}
{"event":"deep_research_model_call","step":"queries","think":false,"attempt":1,"wall_ms":0,"load_duration":0,"prompt_eval_count":0,"prompt_eval_duration":0,"eval_count":0,"eval_duration":0,"thinking_chars":0,"thinking_detected":false,"outcome":"ok"}
{"event":"deep_research_model_call","step":"queries","think":false,"attempt":1,"wall_ms":0,"load_duration":0,"prompt_eval_count":0,"prompt_eval_duration":0,"eval_count":0,"eval_duration":0,"thinking_chars":0,"thinking_detected":false,"outcome":"ok"}
{"event":"deep_research_model_call","step":"queries","think":false,"attempt":1,"wall_ms":0,"load_duration":0,"prompt_eval_count":0,"prompt_eval_duration":0,"eval_count":0,"eval_duration":0,"thinking_chars":0,"thinking_detected":false,"outcome":"ok"}
{"event":"deep_research_model_call","step":"pages","think":false,"attempt":1,"wall_ms":0,"load_duration":0,"prompt_eval_count":0,"prompt_eval_duration":0,"eval_count":0,"eval_duration":0,"thinking_chars":0,"thinking_detected":false,"outcome":"ok"}
{"event":"deep_research_model_call","step":"gap","think":false,"attempt":1,"wall_ms":0,"load_duration":0,"prompt_eval_count":0,"prompt_eval_duration":0,"eval_count":0,"eval_duration":0,"thinking_chars":0,"thinking_detected":false,"outcome":"ok"}
{"event":"deep_research_model_call","step":"write","think":true,"attempt":1,"wall_ms":0,"load_duration":0,"prompt_eval_count":0,"prompt_eval_duration":0,"eval_count":0,"eval_duration":0,"thinking_chars":0,"thinking_detected":false,"outcome":"ok"}
{"event":"deep_research_run_end","notes_kept":1,"notes_dropped":0,"pages_read":1,"status":"complete","elapsed_ms":2}
{"event":"deep_research_model_call","step":"brief","think":false,"attempt":1,"wall_ms":0,"load_duration":0,"prompt_eval_count":0,"prompt_eval_duration":0,"eval_count":0,"eval_duration":0,"thinking_chars":0,"thinking_detected":false,"outcome":"ok"}
{"event":"deep_research_model_call","step":"plan","think":true,"attempt":1,"wall_ms":0,"load_duration":0,"prompt_eval_count":0,"prompt_eval_duration":0,"eval_count":0,"eval_duration":0,"thinking_chars":0,"thinking_detected":false,"outcome":"ok"}
{"event":"deep_research_model_call","step":"plan","think":false,"attempt":1,"wall_ms":0,"load_duration":0,"prompt_eval_count":0,"prompt_eval_duration":0,"eval_count":0,"eval_duration":0,"thinking_chars":0,"thinking_detected":false,"outcome":"ok"}
{"event":"deep_research_model_call","step":"queries","think":false,"attempt":1,"wall_ms":0,"load_duration":0,"prompt_eval_count":0,"prompt_eval_duration":0,"eval_count":0,"eval_duration":0,"thinking_chars":0,"thinking_detected":false,"outcome":"ok"}
{"event":"deep_research_model_call","step":"pages","think":false,"attempt":1,"wall_ms":0,"load_duration":0,"prompt_eval_count":0,"prompt_eval_duration":0,"eval_count":0,"eval_duration":0,"thinking_chars":0,"thinking_detected":false,"outcome":"ok"}
{"event":"deep_research_model_call","step":"notes","think":false,"attempt":1,"wall_ms":1,"load_duration":0,"prompt_eval_count":0,"prompt_eval_duration":0,"eval_count":0,"eval_duration":0,"thinking_chars":0,"thinking_detected":false,"outcome":"ok"}
{"event":"deep_research_model_call","step":"queries","think":false,"attempt":1,"wall_ms":0,"load_duration":0,"prompt_eval_count":0,"prompt_eval_duration":0,"eval_count":0,"eval_duration":0,"thinking_chars":0,"thinking_detected":false,"outcome":"ok"}
{"event":"deep_research_model_call","step":"queries","think":false,"attempt":1,"wall_ms":0,"load_duration":0,"prompt_eval_count":0,"prompt_eval_duration":0,"eval_count":0,"eval_duration":0,"thinking_chars":0,"thinking_detected":false,"outcome":"ok"}
{"event":"deep_research_model_call","step":"queries","think":false,"attempt":1,"wall_ms":0,"load_duration":0,"prompt_eval_count":0,"prompt_eval_duration":0,"eval_count":0,"eval_duration":0,"thinking_chars":0,"thinking_detected":false,"outcome":"ok"}
{"event":"deep_research_model_call","step":"pages","think":false,"attempt":1,"wall_ms":0,"load_duration":0,"prompt_eval_count":0,"prompt_eval_duration":0,"eval_count":0,"eval_duration":0,"thinking_chars":0,"thinking_detected":false,"outcome":"ok"}
{"event":"deep_research_model_call","step":"queries","think":false,"attempt":1,"wall_ms":0,"load_duration":0,"prompt_eval_count":0,"prompt_eval_duration":0,"eval_count":0,"eval_duration":0,"thinking_chars":0,"thinking_detected":false,"outcome":"ok"}
{"event":"deep_research_model_call","step":"queries","think":false,"attempt":1,"wall_ms":0,"load_duration":0,"prompt_eval_count":0,"prompt_eval_duration":0,"eval_count":0,"eval_duration":0,"thinking_chars":0,"thinking_detected":false,"outcome":"ok"}
{"event":"deep_research_model_call","step":"queries","think":false,"attempt":1,"wall_ms":0,"load_duration":0,"prompt_eval_count":0,"prompt_eval_duration":0,"eval_count":0,"eval_duration":0,"thinking_chars":0,"thinking_detected":false,"outcome":"ok"}
{"event":"deep_research_model_call","step":"pages","think":false,"attempt":1,"wall_ms":0,"load_duration":0,"prompt_eval_count":0,"prompt_eval_duration":0,"eval_count":0,"eval_duration":0,"thinking_chars":0,"thinking_detected":false,"outcome":"ok"}
{"event":"deep_research_model_call","step":"gap","think":false,"attempt":1,"wall_ms":0,"load_duration":0,"prompt_eval_count":0,"prompt_eval_duration":0,"eval_count":0,"eval_duration":0,"thinking_chars":0,"thinking_detected":false,"outcome":"ok"}
{"event":"deep_research_model_call","step":"write","think":true,"attempt":1,"wall_ms":0,"load_duration":0,"prompt_eval_count":0,"prompt_eval_duration":0,"eval_count":0,"eval_duration":0,"thinking_chars":0,"thinking_detected":false,"outcome":"ok"}
{"event":"deep_research_run_end","notes_kept":14,"notes_dropped":0,"pages_read":1,"status":"complete","elapsed_ms":1}
{"event":"deep_research_model_call","step":"brief","think":false,"attempt":1,"wall_ms":0,"load_duration":0,"prompt_eval_count":0,"prompt_eval_duration":0,"eval_count":0,"eval_duration":0,"thinking_chars":0,"thinking_detected":false,"outcome":"ok"}
{"event":"deep_research_model_call","step":"plan","think":true,"attempt":1,"wall_ms":0,"load_duration":0,"prompt_eval_count":0,"prompt_eval_duration":0,"eval_count":0,"eval_duration":0,"thinking_chars":0,"thinking_detected":false,"outcome":"ok"}
{"event":"deep_research_model_call","step":"plan","think":false,"attempt":1,"wall_ms":0,"load_duration":0,"prompt_eval_count":0,"prompt_eval_duration":0,"eval_count":0,"eval_duration":0,"thinking_chars":0,"thinking_detected":false,"outcome":"ok"}
{"event":"deep_research_model_call","step":"queries","think":false,"attempt":1,"wall_ms":0,"load_duration":0,"prompt_eval_count":0,"prompt_eval_duration":0,"eval_count":0,"eval_duration":0,"thinking_chars":0,"thinking_detected":false,"outcome":"ok"}
{"event":"deep_research_model_call","step":"pages","think":false,"attempt":1,"wall_ms":0,"load_duration":0,"prompt_eval_count":0,"prompt_eval_duration":0,"eval_count":0,"eval_duration":0,"thinking_chars":0,"thinking_detected":false,"outcome":"ok"}
{"event":"deep_research_model_call","step":"notes","think":false,"attempt":1,"wall_ms":0,"load_duration":0,"prompt_eval_count":0,"prompt_eval_duration":0,"eval_count":0,"eval_duration":0,"thinking_chars":0,"thinking_detected":false,"outcome":"ok"}
{"event":"deep_research_model_call","step":"queries","think":false,"attempt":1,"wall_ms":0,"load_duration":0,"prompt_eval_count":0,"prompt_eval_duration":0,"eval_count":0,"eval_duration":0,"thinking_chars":0,"thinking_detected":false,"outcome":"ok"}
{"event":"deep_research_model_call","step":"queries","think":false,"attempt":1,"wall_ms":0,"load_duration":0,"prompt_eval_count":0,"prompt_eval_duration":0,"eval_count":0,"eval_duration":0,"thinking_chars":0,"thinking_detected":false,"outcome":"ok"}
{"event":"deep_research_model_call","step":"queries","think":false,"attempt":1,"wall_ms":0,"load_duration":0,"prompt_eval_count":0,"prompt_eval_duration":0,"eval_count":0,"eval_duration":0,"thinking_chars":0,"thinking_detected":false,"outcome":"ok"}
{"event":"deep_research_model_call","step":"pages","think":false,"attempt":1,"wall_ms":0,"load_duration":0,"prompt_eval_count":0,"prompt_eval_duration":0,"eval_count":0,"eval_duration":0,"thinking_chars":0,"thinking_detected":false,"outcome":"ok"}
{"event":"deep_research_model_call","step":"queries","think":false,"attempt":1,"wall_ms":0,"load_duration":0,"prompt_eval_count":0,"prompt_eval_duration":0,"eval_count":0,"eval_duration":0,"thinking_chars":0,"thinking_detected":false,"outcome":"ok"}
{"event":"deep_research_model_call","step":"queries","think":false,"attempt":1,"wall_ms":1,"load_duration":0,"prompt_eval_count":0,"prompt_eval_duration":0,"eval_count":0,"eval_duration":0,"thinking_chars":0,"thinking_detected":false,"outcome":"ok"}
{"event":"deep_research_model_call","step":"queries","think":false,"attempt":1,"wall_ms":0,"load_duration":0,"prompt_eval_count":0,"prompt_eval_duration":0,"eval_count":0,"eval_duration":0,"thinking_chars":0,"thinking_detected":false,"outcome":"ok"}
{"event":"deep_research_model_call","step":"pages","think":false,"attempt":1,"wall_ms":0,"load_duration":0,"prompt_eval_count":0,"prompt_eval_duration":0,"eval_count":0,"eval_duration":0,"thinking_chars":0,"thinking_detected":false,"outcome":"ok"}
{"event":"deep_research_model_call","step":"gap","think":false,"attempt":1,"wall_ms":0,"load_duration":0,"prompt_eval_count":0,"prompt_eval_duration":0,"eval_count":0,"eval_duration":0,"thinking_chars":0,"thinking_detected":false,"outcome":"ok"}
{"event":"deep_research_model_call","step":"write","think":true,"attempt":1,"wall_ms":0,"load_duration":0,"prompt_eval_count":0,"prompt_eval_duration":0,"eval_count":0,"eval_duration":0,"thinking_chars":0,"thinking_detected":false,"outcome":"ok"}
{"event":"deep_research_run_end","notes_kept":2,"notes_dropped":0,"pages_read":1,"status":"complete","elapsed_ms":1}
{"event":"deep_research_model_call","step":"brief","think":false,"attempt":1,"wall_ms":0,"load_duration":0,"prompt_eval_count":0,"prompt_eval_duration":0,"eval_count":0,"eval_duration":0,"thinking_chars":0,"thinking_detected":false,"outcome":"ok"}
{"event":"deep_research_model_call","step":"plan","think":true,"attempt":1,"wall_ms":0,"load_duration":0,"prompt_eval_count":0,"prompt_eval_duration":0,"eval_count":0,"eval_duration":0,"thinking_chars":0,"thinking_detected":false,"outcome":"ok"}
{"event":"deep_research_model_call","step":"plan","think":false,"attempt":1,"wall_ms":0,"load_duration":0,"prompt_eval_count":0,"prompt_eval_duration":0,"eval_count":0,"eval_duration":0,"thinking_chars":0,"thinking_detected":false,"outcome":"ok"}
{"event":"deep_research_model_call","step":"queries","think":false,"attempt":1,"wall_ms":0,"load_duration":0,"prompt_eval_count":0,"prompt_eval_duration":0,"eval_count":0,"eval_duration":0,"thinking_chars":0,"thinking_detected":false,"outcome":"ok"}
{"event":"deep_research_model_call","step":"pages","think":false,"attempt":1,"wall_ms":0,"load_duration":0,"prompt_eval_count":0,"prompt_eval_duration":0,"eval_count":0,"eval_duration":0,"thinking_chars":0,"thinking_detected":false,"outcome":"ok"}
{"event":"deep_research_model_call","step":"notes","think":false,"attempt":1,"wall_ms":0,"load_duration":0,"prompt_eval_count":0,"prompt_eval_duration":0,"eval_count":0,"eval_duration":0,"thinking_chars":0,"thinking_detected":false,"outcome":"ok"}
{"event":"deep_research_note_dropped","run":"5c193dfd-d09a-42f2-890b-0fd0402f772e","n":1,"reason":"quote_not_found","quote":"Rangers count 4822 herds each season."}
{"event":"deep_research_model_call","step":"queries","think":false,"attempt":1,"wall_ms":0,"load_duration":0,"prompt_eval_count":0,"prompt_eval_duration":0,"eval_count":0,"eval_duration":0,"thinking_chars":0,"thinking_detected":false,"outcome":"ok"}
{"event":"deep_research_model_call","step":"queries","think":false,"attempt":1,"wall_ms":0,"load_duration":0,"prompt_eval_count":0,"prompt_eval_duration":0,"eval_count":0,"eval_duration":0,"thinking_chars":0,"thinking_detected":false,"outcome":"ok"}
{"event":"deep_research_model_call","step":"queries","think":false,"attempt":1,"wall_ms":0,"load_duration":0,"prompt_eval_count":0,"prompt_eval_duration":0,"eval_count":0,"eval_duration":0,"thinking_chars":0,"thinking_detected":false,"outcome":"ok"}
{"event":"deep_research_model_call","step":"pages","think":false,"attempt":1,"wall_ms":0,"load_duration":0,"prompt_eval_count":0,"prompt_eval_duration":0,"eval_count":0,"eval_duration":0,"thinking_chars":0,"thinking_detected":false,"outcome":"ok"}
{"event":"deep_research_model_call","step":"queries","think":false,"attempt":1,"wall_ms":0,"load_duration":0,"prompt_eval_count":0,"prompt_eval_duration":0,"eval_count":0,"eval_duration":0,"thinking_chars":0,"thinking_detected":false,"outcome":"ok"}
{"event":"deep_research_model_call","step":"queries","think":false,"attempt":1,"wall_ms":0,"load_duration":0,"prompt_eval_count":0,"prompt_eval_duration":0,"eval_count":0,"eval_duration":0,"thinking_chars":0,"thinking_detected":false,"outcome":"ok"}
{"event":"deep_research_model_call","step":"queries","think":false,"attempt":1,"wall_ms":0,"load_duration":0,"prompt_eval_count":0,"prompt_eval_duration":0,"eval_count":0,"eval_duration":0,"thinking_chars":0,"thinking_detected":false,"outcome":"ok"}
{"event":"deep_research_model_call","step":"pages","think":false,"attempt":1,"wall_ms":0,"load_duration":0,"prompt_eval_count":0,"prompt_eval_duration":0,"eval_count":0,"eval_duration":0,"thinking_chars":0,"thinking_detected":false,"outcome":"ok"}
{"event":"deep_research_model_call","step":"gap","think":false,"attempt":1,"wall_ms":0,"load_duration":0,"prompt_eval_count":0,"prompt_eval_duration":0,"eval_count":0,"eval_duration":0,"thinking_chars":0,"thinking_detected":false,"outcome":"ok"}
{"event":"deep_research_model_call","step":"write","think":true,"attempt":1,"wall_ms":0,"load_duration":0,"prompt_eval_count":0,"prompt_eval_duration":0,"eval_count":0,"eval_duration":0,"thinking_chars":0,"thinking_detected":false,"outcome":"ok"}
{"event":"deep_research_run_end","notes_kept":1,"notes_dropped":1,"pages_read":1,"status":"complete","elapsed_ms":1}
{"event":"deep_research_model_call","step":"brief","think":false,"attempt":1,"wall_ms":0,"load_duration":0,"prompt_eval_count":0,"prompt_eval_duration":0,"eval_count":0,"eval_duration":0,"thinking_chars":0,"thinking_detected":false,"outcome":"ok"}
{"event":"deep_research_model_call","step":"plan","think":true,"attempt":1,"wall_ms":0,"load_duration":0,"prompt_eval_count":0,"prompt_eval_duration":0,"eval_count":0,"eval_duration":0,"thinking_chars":0,"thinking_detected":false,"outcome":"ok"}
{"event":"deep_research_model_call","step":"plan","think":false,"attempt":1,"wall_ms":0,"load_duration":0,"prompt_eval_count":0,"prompt_eval_duration":0,"eval_count":0,"eval_duration":0,"thinking_chars":0,"thinking_detected":false,"outcome":"ok"}
{"event":"deep_research_model_call","step":"queries","think":false,"attempt":1,"wall_ms":0,"load_duration":0,"prompt_eval_count":0,"prompt_eval_duration":0,"eval_count":0,"eval_duration":0,"thinking_chars":0,"thinking_detected":false,"outcome":"ok"}
{"event":"deep_research_model_call","step":"pages","think":false,"attempt":1,"wall_ms":0,"load_duration":0,"prompt_eval_count":0,"prompt_eval_duration":0,"eval_count":0,"eval_duration":0,"thinking_chars":0,"thinking_detected":false,"outcome":"ok"}
{"event":"deep_research_model_call","step":"notes","think":false,"attempt":1,"wall_ms":0,"load_duration":0,"prompt_eval_count":0,"prompt_eval_duration":0,"eval_count":0,"eval_duration":0,"thinking_chars":0,"thinking_detected":false,"outcome":"ok"}
{"event":"deep_research_note_dropped","run":"b0b9535d-f9c8-44c2-bacf-351f92a85de0","n":1,"reason":"quote_not_found","quote":"tender shoots ... The herds gather beside the northern river"}
{"event":"deep_research_note_dropped","run":"b0b9535d-f9c8-44c2-bacf-351f92a85de0","n":1,"reason":"quote_not_found","quote":"zebras scatter across the southern plains… the herds gather beside"}
{"event":"deep_research_model_call","step":"queries","think":false,"attempt":1,"wall_ms":0,"load_duration":0,"prompt_eval_count":0,"prompt_eval_duration":0,"eval_count":0,"eval_duration":0,"thinking_chars":0,"thinking_detected":false,"outcome":"ok"}
{"event":"deep_research_model_call","step":"queries","think":false,"attempt":1,"wall_ms":0,"load_duration":0,"prompt_eval_count":0,"prompt_eval_duration":0,"eval_count":0,"eval_duration":0,"thinking_chars":0,"thinking_detected":false,"outcome":"ok"}
{"event":"deep_research_model_call","step":"queries","think":false,"attempt":1,"wall_ms":0,"load_duration":0,"prompt_eval_count":0,"prompt_eval_duration":0,"eval_count":0,"eval_duration":0,"thinking_chars":0,"thinking_detected":false,"outcome":"ok"}
{"event":"deep_research_model_call","step":"pages","think":false,"attempt":1,"wall_ms":0,"load_duration":0,"prompt_eval_count":0,"prompt_eval_duration":0,"eval_count":0,"eval_duration":0,"thinking_chars":0,"thinking_detected":false,"outcome":"ok"}
{"event":"deep_research_model_call","step":"queries","think":false,"attempt":1,"wall_ms":0,"load_duration":0,"prompt_eval_count":0,"prompt_eval_duration":0,"eval_count":0,"eval_duration":0,"thinking_chars":0,"thinking_detected":false,"outcome":"ok"}
{"event":"deep_research_model_call","step":"queries","think":false,"attempt":1,"wall_ms":0,"load_duration":0,"prompt_eval_count":0,"prompt_eval_duration":0,"eval_count":0,"eval_duration":0,"thinking_chars":0,"thinking_detected":false,"outcome":"ok"}
{"event":"deep_research_model_call","step":"queries","think":false,"attempt":1,"wall_ms":0,"load_duration":0,"prompt_eval_count":0,"prompt_eval_duration":0,"eval_count":0,"eval_duration":0,"thinking_chars":0,"thinking_detected":false,"outcome":"ok"}
{"event":"deep_research_model_call","step":"pages","think":false,"attempt":1,"wall_ms":0,"load_duration":0,"prompt_eval_count":0,"prompt_eval_duration":0,"eval_count":0,"eval_duration":0,"thinking_chars":0,"thinking_detected":false,"outcome":"ok"}
{"event":"deep_research_model_call","step":"gap","think":false,"attempt":1,"wall_ms":0,"load_duration":0,"prompt_eval_count":0,"prompt_eval_duration":0,"eval_count":0,"eval_duration":0,"thinking_chars":0,"thinking_detected":false,"outcome":"ok"}
{"event":"deep_research_model_call","step":"write","think":true,"attempt":1,"wall_ms":0,"load_duration":0,"prompt_eval_count":0,"prompt_eval_duration":0,"eval_count":0,"eval_duration":0,"thinking_chars":0,"thinking_detected":false,"outcome":"ok"}
{"event":"deep_research_run_end","notes_kept":1,"notes_dropped":2,"pages_read":1,"status":"complete","elapsed_ms":1}
{"event":"deep_research_model_call","step":"brief","think":false,"attempt":1,"wall_ms":0,"load_duration":0,"prompt_eval_count":0,"prompt_eval_duration":0,"eval_count":0,"eval_duration":0,"thinking_chars":0,"thinking_detected":false,"outcome":"ok"}
{"event":"deep_research_model_call","step":"plan","think":true,"attempt":1,"wall_ms":0,"load_duration":0,"prompt_eval_count":0,"prompt_eval_duration":0,"eval_count":0,"eval_duration":0,"thinking_chars":0,"thinking_detected":false,"outcome":"ok"}
{"event":"deep_research_model_call","step":"plan","think":false,"attempt":1,"wall_ms":1,"load_duration":0,"prompt_eval_count":0,"prompt_eval_duration":0,"eval_count":0,"eval_duration":0,"thinking_chars":0,"thinking_detected":false,"outcome":"ok"}
{"event":"deep_research_model_call","step":"queries","think":false,"attempt":1,"wall_ms":0,"load_duration":0,"prompt_eval_count":0,"prompt_eval_duration":0,"eval_count":0,"eval_duration":0,"thinking_chars":0,"thinking_detected":false,"outcome":"ok"}
{"event":"deep_research_model_call","step":"pages","think":false,"attempt":1,"wall_ms":0,"load_duration":0,"prompt_eval_count":0,"prompt_eval_duration":0,"eval_count":0,"eval_duration":0,"thinking_chars":0,"thinking_detected":false,"outcome":"ok"}
{"event":"deep_research_model_call","step":"notes","think":false,"attempt":1,"wall_ms":0,"load_duration":0,"prompt_eval_count":0,"prompt_eval_duration":0,"eval_count":0,"eval_duration":0,"thinking_chars":0,"thinking_detected":false,"outcome":"ok"}
{"event":"deep_research_model_call","step":"queries","think":false,"attempt":1,"wall_ms":0,"load_duration":0,"prompt_eval_count":0,"prompt_eval_duration":0,"eval_count":0,"eval_duration":0,"thinking_chars":0,"thinking_detected":false,"outcome":"ok"}
{"event":"deep_research_model_call","step":"queries","think":false,"attempt":1,"wall_ms":0,"load_duration":0,"prompt_eval_count":0,"prompt_eval_duration":0,"eval_count":0,"eval_duration":0,"thinking_chars":0,"thinking_detected":false,"outcome":"ok"}
{"event":"deep_research_model_call","step":"queries","think":false,"attempt":1,"wall_ms":0,"load_duration":0,"prompt_eval_count":0,"prompt_eval_duration":0,"eval_count":0,"eval_duration":0,"thinking_chars":0,"thinking_detected":false,"outcome":"ok"}
{"event":"deep_research_model_call","step":"pages","think":false,"attempt":1,"wall_ms":0,"load_duration":0,"prompt_eval_count":0,"prompt_eval_duration":0,"eval_count":0,"eval_duration":0,"thinking_chars":0,"thinking_detected":false,"outcome":"ok"}
{"event":"deep_research_model_call","step":"queries","think":false,"attempt":1,"wall_ms":0,"load_duration":0,"prompt_eval_count":0,"prompt_eval_duration":0,"eval_count":0,"eval_duration":0,"thinking_chars":0,"thinking_detected":false,"outcome":"ok"}
{"event":"deep_research_model_call","step":"queries","think":false,"attempt":1,"wall_ms":0,"load_duration":0,"prompt_eval_count":0,"prompt_eval_duration":0,"eval_count":0,"eval_duration":0,"thinking_chars":0,"thinking_detected":false,"outcome":"ok"}
{"event":"deep_research_model_call","step":"queries","think":false,"attempt":1,"wall_ms":0,"load_duration":0,"prompt_eval_count":0,"prompt_eval_duration":0,"eval_count":0,"eval_duration":0,"thinking_chars":0,"thinking_detected":false,"outcome":"ok"}
{"event":"deep_research_model_call","step":"pages","think":false,"attempt":1,"wall_ms":0,"load_duration":0,"prompt_eval_count":0,"prompt_eval_duration":0,"eval_count":0,"eval_duration":0,"thinking_chars":0,"thinking_detected":false,"outcome":"ok"}
{"event":"deep_research_model_call","step":"notes","think":false,"attempt":1,"wall_ms":0,"load_duration":0,"prompt_eval_count":0,"prompt_eval_duration":0,"eval_count":0,"eval_duration":0,"thinking_chars":0,"thinking_detected":false,"outcome":"ok"}
{"event":"deep_research_note_dropped","run":"e8798a47-7334-4cad-9277-892444c8ede3","n":2,"reason":"quote_not_found","quote":"Quokkas hum loudly at dawn on remote islands."}
{"event":"deep_research_model_call","step":"gap","think":false,"attempt":1,"wall_ms":0,"load_duration":0,"prompt_eval_count":0,"prompt_eval_duration":0,"eval_count":0,"eval_duration":0,"thinking_chars":0,"thinking_detected":false,"outcome":"ok"}
{"event":"deep_research_model_call","step":"write","think":true,"attempt":1,"wall_ms":0,"load_duration":0,"prompt_eval_count":0,"prompt_eval_duration":0,"eval_count":0,"eval_duration":0,"thinking_chars":0,"thinking_detected":false,"outcome":"ok"}
{"event":"deep_research_run_end","notes_kept":1,"notes_dropped":1,"pages_read":2,"status":"complete","elapsed_ms":2}

 40 pass
 0 fail
 646 expect() calls
Ran 40 tests across 2 files. [1218.00ms]
bun test v1.4.0 (1381054db)

src/http/deepResearchPassages.test.ts:
{"event":"deep_research_model_call","step":"brief","think":false,"attempt":1,"wall_ms":0,"load_duration":0,"prompt_eval_count":0,"prompt_eval_duration":0,"eval_count":0,"eval_duration":0,"thinking_chars":0,"thinking_detected":false,"outcome":"ok"}
{"event":"deep_research_model_call","step":"plan","think":true,"attempt":1,"wall_ms":0,"load_duration":0,"prompt_eval_count":0,"prompt_eval_duration":0,"eval_count":0,"eval_duration":0,"thinking_chars":0,"thinking_detected":false,"outcome":"ok"}
{"event":"deep_research_model_call","step":"plan","think":false,"attempt":1,"wall_ms":0,"load_duration":0,"prompt_eval_count":0,"prompt_eval_duration":0,"eval_count":0,"eval_duration":0,"thinking_chars":0,"thinking_detected":false,"outcome":"ok"}
{"event":"deep_research_model_call","step":"queries","think":false,"attempt":1,"wall_ms":0,"load_duration":0,"prompt_eval_count":0,"prompt_eval_duration":0,"eval_count":0,"eval_duration":0,"thinking_chars":0,"thinking_detected":false,"outcome":"ok"}
{"event":"deep_research_model_call","step":"pages","think":false,"attempt":1,"wall_ms":0,"load_duration":0,"prompt_eval_count":0,"prompt_eval_duration":0,"eval_count":0,"eval_duration":0,"thinking_chars":0,"thinking_detected":false,"outcome":"ok"}
{"event":"deep_research_model_call","step":"notes","think":false,"attempt":1,"wall_ms":1,"load_duration":0,"prompt_eval_count":0,"prompt_eval_duration":0,"eval_count":0,"eval_duration":0,"thinking_chars":0,"thinking_detected":false,"outcome":"ok"}
{"event":"deep_research_model_call","step":"queries","think":false,"attempt":1,"wall_ms":0,"load_duration":0,"prompt_eval_count":0,"prompt_eval_duration":0,"eval_count":0,"eval_duration":0,"thinking_chars":0,"thinking_detected":false,"outcome":"ok"}
{"event":"deep_research_model_call","step":"queries","think":false,"attempt":1,"wall_ms":0,"load_duration":0,"prompt_eval_count":0,"prompt_eval_duration":0,"eval_count":0,"eval_duration":0,"thinking_chars":0,"thinking_detected":false,"outcome":"ok"}
{"event":"deep_research_model_call","step":"queries","think":false,"attempt":1,"wall_ms":0,"load_duration":0,"prompt_eval_count":0,"prompt_eval_duration":0,"eval_count":0,"eval_duration":0,"thinking_chars":0,"thinking_detected":false,"outcome":"ok"}
{"event":"deep_research_model_call","step":"pages","think":false,"attempt":1,"wall_ms":0,"load_duration":0,"prompt_eval_count":0,"prompt_eval_duration":0,"eval_count":0,"eval_duration":0,"thinking_chars":0,"thinking_detected":false,"outcome":"ok"}
{"event":"deep_research_page_skipped","n":2,"url":"https://gamma.example/1","reason":"empty","detail":"No passage matches the search terms"}
{"event":"deep_research_model_call","step":"queries","think":false,"attempt":1,"wall_ms":0,"load_duration":0,"prompt_eval_count":0,"prompt_eval_duration":0,"eval_count":0,"eval_duration":0,"thinking_chars":0,"thinking_detected":false,"outcome":"ok"}
{"event":"deep_research_model_call","step":"queries","think":false,"attempt":1,"wall_ms":1,"load_duration":0,"prompt_eval_count":0,"prompt_eval_duration":0,"eval_count":0,"eval_duration":0,"thinking_chars":0,"thinking_detected":false,"outcome":"ok"}
{"event":"deep_research_model_call","step":"queries","think":false,"attempt":1,"wall_ms":0,"load_duration":0,"prompt_eval_count":0,"prompt_eval_duration":0,"eval_count":0,"eval_duration":0,"thinking_chars":0,"thinking_detected":false,"outcome":"ok"}
{"event":"deep_research_model_call","step":"pages","think":false,"attempt":1,"wall_ms":0,"load_duration":0,"prompt_eval_count":0,"prompt_eval_duration":0,"eval_count":0,"eval_duration":0,"thinking_chars":0,"thinking_detected":false,"outcome":"ok"}
{"event":"deep_research_page_skipped","n":3,"url":"https://cats?.example/1","reason":"empty","detail":"No passage matches the search terms"}
{"event":"deep_research_run_end","notes_kept":0,"notes_dropped":0,"pages_read":3,"status":"failed","elapsed_ms":28}
{"event":"deep_research_model_call","step":"brief","think":false,"attempt":1,"wall_ms":0,"load_duration":0,"prompt_eval_count":0,"prompt_eval_duration":0,"eval_count":0,"eval_duration":0,"thinking_chars":0,"thinking_detected":false,"outcome":"ok"}
{"event":"deep_research_model_call","step":"plan","think":true,"attempt":1,"wall_ms":0,"load_duration":0,"prompt_eval_count":0,"prompt_eval_duration":0,"eval_count":0,"eval_duration":0,"thinking_chars":0,"thinking_detected":false,"outcome":"ok"}
{"event":"deep_research_model_call","step":"plan","think":false,"attempt":1,"wall_ms":0,"load_duration":0,"prompt_eval_count":0,"prompt_eval_duration":0,"eval_count":0,"eval_duration":0,"thinking_chars":0,"thinking_detected":false,"outcome":"ok"}
{"event":"deep_research_model_call","step":"queries","think":false,"attempt":1,"wall_ms":0,"load_duration":0,"prompt_eval_count":0,"prompt_eval_duration":0,"eval_count":0,"eval_duration":0,"thinking_chars":0,"thinking_detected":false,"outcome":"ok"}
{"event":"deep_research_model_call","step":"pages","think":false,"attempt":1,"wall_ms":0,"load_duration":0,"prompt_eval_count":0,"prompt_eval_duration":0,"eval_count":0,"eval_duration":0,"thinking_chars":0,"thinking_detected":false,"outcome":"ok"}
{"event":"deep_research_model_call","step":"notes","think":false,"attempt":1,"wall_ms":0,"load_duration":0,"prompt_eval_count":0,"prompt_eval_duration":0,"eval_count":0,"eval_duration":0,"thinking_chars":0,"thinking_detected":false,"outcome":"ok"}
{"event":"deep_research_model_call","step":"queries","think":false,"attempt":1,"wall_ms":0,"load_duration":0,"prompt_eval_count":0,"prompt_eval_duration":0,"eval_count":0,"eval_duration":0,"thinking_chars":0,"thinking_detected":false,"outcome":"ok"}
{"event":"deep_research_model_call","step":"queries","think":false,"attempt":1,"wall_ms":0,"load_duration":0,"prompt_eval_count":0,"prompt_eval_duration":0,"eval_count":0,"eval_duration":0,"thinking_chars":0,"thinking_detected":false,"outcome":"ok"}
{"event":"deep_research_model_call","step":"queries","think":false,"attempt":1,"wall_ms":0,"load_duration":0,"prompt_eval_count":0,"prompt_eval_duration":0,"eval_count":0,"eval_duration":0,"thinking_chars":0,"thinking_detected":false,"outcome":"ok"}
{"event":"deep_research_model_call","step":"pages","think":false,"attempt":1,"wall_ms":0,"load_duration":0,"prompt_eval_count":0,"prompt_eval_duration":0,"eval_count":0,"eval_duration":0,"thinking_chars":0,"thinking_detected":false,"outcome":"ok"}
{"event":"deep_research_page_skipped","n":2,"url":"https://gamma.example/1","reason":"empty","detail":"No passage matches the search terms"}
{"event":"deep_research_model_call","step":"queries","think":false,"attempt":1,"wall_ms":0,"load_duration":0,"prompt_eval_count":0,"prompt_eval_duration":0,"eval_count":0,"eval_duration":0,"thinking_chars":0,"thinking_detected":false,"outcome":"ok"}
{"event":"deep_research_model_call","step":"queries","think":false,"attempt":1,"wall_ms":0,"load_duration":0,"prompt_eval_count":0,"prompt_eval_duration":0,"eval_count":0,"eval_duration":0,"thinking_chars":0,"thinking_detected":false,"outcome":"ok"}
{"event":"deep_research_model_call","step":"queries","think":false,"attempt":1,"wall_ms":0,"load_duration":0,"prompt_eval_count":0,"prompt_eval_duration":0,"eval_count":0,"eval_duration":0,"thinking_chars":0,"thinking_detected":false,"outcome":"ok"}
{"event":"deep_research_model_call","step":"pages","think":false,"attempt":1,"wall_ms":0,"load_duration":0,"prompt_eval_count":0,"prompt_eval_duration":0,"eval_count":0,"eval_duration":0,"thinking_chars":0,"thinking_detected":false,"outcome":"ok"}
{"event":"deep_research_page_skipped","n":3,"url":"https://cats?.example/1","reason":"empty","detail":"No passage matches the search terms"}
{"event":"deep_research_run_end","notes_kept":0,"notes_dropped":0,"pages_read":3,"status":"failed","elapsed_ms":14}
{"event":"deep_research_model_call","step":"brief","think":false,"attempt":1,"wall_ms":0,"load_duration":0,"prompt_eval_count":0,"prompt_eval_duration":0,"eval_count":0,"eval_duration":0,"thinking_chars":0,"thinking_detected":false,"outcome":"ok"}
{"event":"deep_research_model_call","step":"plan","think":true,"attempt":1,"wall_ms":0,"load_duration":0,"prompt_eval_count":0,"prompt_eval_duration":0,"eval_count":0,"eval_duration":0,"thinking_chars":0,"thinking_detected":false,"outcome":"ok"}
{"event":"deep_research_model_call","step":"plan","think":false,"attempt":1,"wall_ms":0,"load_duration":0,"prompt_eval_count":0,"prompt_eval_duration":0,"eval_count":0,"eval_duration":0,"thinking_chars":0,"thinking_detected":false,"outcome":"ok"}
{"event":"deep_research_model_call","step":"queries","think":false,"attempt":1,"wall_ms":0,"load_duration":0,"prompt_eval_count":0,"prompt_eval_duration":0,"eval_count":0,"eval_duration":0,"thinking_chars":0,"thinking_detected":false,"outcome":"ok"}
{"event":"deep_research_model_call","step":"pages","think":false,"attempt":1,"wall_ms":0,"load_duration":0,"prompt_eval_count":0,"prompt_eval_duration":0,"eval_count":0,"eval_duration":0,"thinking_chars":0,"thinking_detected":false,"outcome":"ok"}
{"event":"deep_research_model_call","step":"notes","think":false,"attempt":1,"wall_ms":0,"load_duration":0,"prompt_eval_count":0,"prompt_eval_duration":0,"eval_count":0,"eval_duration":0,"thinking_chars":0,"thinking_detected":false,"outcome":"ok"}
{"event":"deep_research_note_dropped","run":"da27763d-897b-48a6-b729-89571bf9506f","n":1,"reason":"quote_not_found","quote":"This sentence is on no page at all."}
{"event":"deep_research_model_call","step":"queries","think":false,"attempt":1,"wall_ms":0,"load_duration":0,"prompt_eval_count":0,"prompt_eval_duration":0,"eval_count":0,"eval_duration":0,"thinking_chars":0,"thinking_detected":false,"outcome":"ok"}
{"event":"deep_research_model_call","step":"queries","think":false,"attempt":1,"wall_ms":0,"load_duration":0,"prompt_eval_count":0,"prompt_eval_duration":0,"eval_count":0,"eval_duration":0,"thinking_chars":0,"thinking_detected":false,"outcome":"ok"}
{"event":"deep_research_model_call","step":"queries","think":false,"attempt":1,"wall_ms":0,"load_duration":0,"prompt_eval_count":0,"prompt_eval_duration":0,"eval_count":0,"eval_duration":0,"thinking_chars":0,"thinking_detected":false,"outcome":"ok"}
{"event":"deep_research_model_call","step":"pages","think":false,"attempt":1,"wall_ms":0,"load_duration":0,"prompt_eval_count":0,"prompt_eval_duration":0,"eval_count":0,"eval_duration":0,"thinking_chars":0,"thinking_detected":false,"outcome":"ok"}
{"event":"deep_research_page_skipped","n":2,"url":"https://gamma.example/1","reason":"empty","detail":"No passage matches the search terms"}
{"event":"deep_research_model_call","step":"queries","think":false,"attempt":1,"wall_ms":0,"load_duration":0,"prompt_eval_count":0,"prompt_eval_duration":0,"eval_count":0,"eval_duration":0,"thinking_chars":0,"thinking_detected":false,"outcome":"ok"}
{"event":"deep_research_model_call","step":"queries","think":false,"attempt":1,"wall_ms":0,"load_duration":0,"prompt_eval_count":0,"prompt_eval_duration":0,"eval_count":0,"eval_duration":0,"thinking_chars":0,"thinking_detected":false,"outcome":"ok"}
{"event":"deep_research_model_call","step":"queries","think":false,"attempt":1,"wall_ms":0,"load_duration":0,"prompt_eval_count":0,"prompt_eval_duration":0,"eval_count":0,"eval_duration":0,"thinking_chars":0,"thinking_detected":false,"outcome":"ok"}
{"event":"deep_research_model_call","step":"pages","think":false,"attempt":1,"wall_ms":0,"load_duration":0,"prompt_eval_count":0,"prompt_eval_duration":0,"eval_count":0,"eval_duration":0,"thinking_chars":0,"thinking_detected":false,"outcome":"ok"}
{"event":"deep_research_page_skipped","n":3,"url":"https://cats?.example/1","reason":"empty","detail":"No passage matches the search terms"}
{"event":"deep_research_model_call","step":"write","think":true,"attempt":1,"wall_ms":0,"load_duration":0,"prompt_eval_count":0,"prompt_eval_duration":0,"eval_count":0,"eval_duration":0,"thinking_chars":0,"thinking_detected":false,"outcome":"ok"}
{"event":"deep_research_run_end","notes_kept":2,"notes_dropped":1,"pages_read":3,"status":"complete","elapsed_ms":13}
{"event":"deep_research_model_call","step":"brief","think":false,"attempt":1,"wall_ms":0,"load_duration":0,"prompt_eval_count":0,"prompt_eval_duration":0,"eval_count":0,"eval_duration":0,"thinking_chars":0,"thinking_detected":false,"outcome":"ok"}
{"event":"deep_research_model_call","step":"plan","think":true,"attempt":1,"wall_ms":1,"load_duration":0,"prompt_eval_count":0,"prompt_eval_duration":0,"eval_count":0,"eval_duration":0,"thinking_chars":0,"thinking_detected":false,"outcome":"ok"}
{"event":"deep_research_model_call","step":"queries","think":false,"attempt":1,"wall_ms":0,"load_duration":0,"prompt_eval_count":0,"prompt_eval_duration":0,"eval_count":0,"eval_duration":0,"thinking_chars":0,"thinking_detected":false,"outcome":"ok"}
{"event":"deep_research_model_call","step":"pages","think":false,"attempt":1,"wall_ms":0,"load_duration":0,"prompt_eval_count":0,"prompt_eval_duration":0,"eval_count":0,"eval_duration":0,"thinking_chars":0,"thinking_detected":false,"outcome":"ok"}
{"event":"deep_research_page_skipped","url":"https://alpha.example/1","reason":"empty","detail":"Page has only 7 words (minimum 40)"}
{"event":"deep_research_page_skipped","url":"https://alpha.example/2","reason":"blocked","detail":"Page appears to be a bot challenge or access verification"}
{"event":"deep_research_model_call","step":"notes","think":false,"attempt":1,"wall_ms":0,"load_duration":0,"prompt_eval_count":0,"prompt_eval_duration":0,"eval_count":0,"eval_duration":0,"thinking_chars":0,"thinking_detected":false,"outcome":"ok"}
{"event":"deep_research_model_call","step":"queries","think":false,"attempt":1,"wall_ms":0,"load_duration":0,"prompt_eval_count":0,"prompt_eval_duration":0,"eval_count":0,"eval_duration":0,"thinking_chars":0,"thinking_detected":false,"outcome":"ok"}
{"event":"deep_research_model_call","step":"queries","think":false,"attempt":1,"wall_ms":0,"load_duration":0,"prompt_eval_count":0,"prompt_eval_duration":0,"eval_count":0,"eval_duration":0,"thinking_chars":0,"thinking_detected":false,"outcome":"ok"}
{"event":"deep_research_model_call","step":"queries","think":false,"attempt":1,"wall_ms":0,"load_duration":0,"prompt_eval_count":0,"prompt_eval_duration":0,"eval_count":0,"eval_duration":0,"thinking_chars":0,"thinking_detected":false,"outcome":"ok"}
{"event":"deep_research_model_call","step":"pages","think":false,"attempt":1,"wall_ms":0,"load_duration":0,"prompt_eval_count":0,"prompt_eval_duration":0,"eval_count":0,"eval_duration":0,"thinking_chars":0,"thinking_detected":false,"outcome":"ok"}
{"event":"deep_research_model_call","step":"queries","think":false,"attempt":1,"wall_ms":0,"load_duration":0,"prompt_eval_count":0,"prompt_eval_duration":0,"eval_count":0,"eval_duration":0,"thinking_chars":0,"thinking_detected":false,"outcome":"ok"}
{"event":"deep_research_model_call","step":"queries","think":false,"attempt":1,"wall_ms":0,"load_duration":0,"prompt_eval_count":0,"prompt_eval_duration":0,"eval_count":0,"eval_duration":0,"thinking_chars":0,"thinking_detected":false,"outcome":"ok"}
{"event":"deep_research_model_call","step":"queries","think":false,"attempt":1,"wall_ms":0,"load_duration":0,"prompt_eval_count":0,"prompt_eval_duration":0,"eval_count":0,"eval_duration":0,"thinking_chars":0,"thinking_detected":false,"outcome":"ok"}
{"event":"deep_research_model_call","step":"pages","think":false,"attempt":1,"wall_ms":1,"load_duration":0,"prompt_eval_count":0,"prompt_eval_duration":0,"eval_count":0,"eval_duration":0,"thinking_chars":0,"thinking_detected":false,"outcome":"ok"}
{"event":"deep_research_page_skipped","n":2,"url":"https://beta.example/1","reason":"empty","detail":"No passage matches the search terms"}
{"event":"deep_research_model_call","step":"gap","think":false,"attempt":1,"wall_ms":0,"load_duration":0,"prompt_eval_count":0,"prompt_eval_duration":0,"eval_count":0,"eval_duration":0,"thinking_chars":0,"thinking_detected":false,"outcome":"ok"}
{"event":"deep_research_page_skipped","url":"https://beta.example/2","reason":"empty","detail":"Page has only 7 words (minimum 40)"}
{"event":"deep_research_page_skipped","url":"https://beta.example/3","reason":"blocked","detail":"Page appears to be a bot challenge or access verification"}
{"event":"deep_research_model_call","step":"write","think":true,"attempt":1,"wall_ms":0,"load_duration":0,"prompt_eval_count":0,"prompt_eval_duration":0,"eval_count":0,"eval_duration":0,"thinking_chars":0,"thinking_detected":false,"outcome":"ok"}
{"event":"deep_research_run_end","notes_kept":1,"notes_dropped":0,"pages_read":2,"status":"complete","elapsed_ms":7}

src/http/deepResearchDate.test.ts:
{"event":"deep_research_run_end","notes_kept":4,"notes_dropped":0,"pages_read":6,"status":"complete","elapsed_ms":1}
{"event":"deep_research_run_end","notes_kept":4,"notes_dropped":0,"pages_read":6,"status":"complete","elapsed_ms":2}

src/http/deepResearchStop.test.ts:
{"event":"deep_research_model_call","step":"brief","think":false,"attempt":1,"wall_ms":0,"load_duration":0,"prompt_eval_count":0,"prompt_eval_duration":0,"eval_count":3,"eval_duration":0,"thinking_chars":0,"thinking_detected":false,"outcome":"ok"}
{"event":"deep_research_model_call","step":"plan","think":true,"attempt":1,"wall_ms":0,"load_duration":0,"prompt_eval_count":0,"prompt_eval_duration":0,"eval_count":3,"eval_duration":0,"thinking_chars":0,"thinking_detected":false,"outcome":"ok"}
{"event":"deep_research_model_call","step":"plan","think":false,"attempt":1,"wall_ms":0,"load_duration":0,"prompt_eval_count":0,"prompt_eval_duration":0,"eval_count":3,"eval_duration":0,"thinking_chars":0,"thinking_detected":false,"outcome":"ok"}
{"event":"deep_research_model_call","step":"queries","think":false,"attempt":1,"wall_ms":0,"load_duration":0,"prompt_eval_count":0,"prompt_eval_duration":0,"eval_count":3,"eval_duration":0,"thinking_chars":0,"thinking_detected":false,"outcome":"ok"}
{"event":"deep_research_model_call","step":"pages","think":false,"attempt":1,"wall_ms":1,"load_duration":0,"prompt_eval_count":0,"prompt_eval_duration":0,"eval_count":3,"eval_duration":0,"thinking_chars":0,"thinking_detected":false,"outcome":"ok"}
{"event":"deep_research_model_call","step":"notes","think":false,"attempt":1,"wall_ms":0,"load_duration":0,"prompt_eval_count":0,"prompt_eval_duration":0,"eval_count":3,"eval_duration":0,"thinking_chars":0,"thinking_detected":false,"outcome":"ok"}
{"event":"deep_research_model_call","step":"queries","think":false,"attempt":1,"wall_ms":0,"load_duration":0,"prompt_eval_count":0,"prompt_eval_duration":0,"eval_count":3,"eval_duration":0,"thinking_chars":0,"thinking_detected":false,"outcome":"ok"}
{"event":"deep_research_model_call","step":"write","think":true,"attempt":1,"wall_ms":0,"load_duration":0,"prompt_eval_count":0,"prompt_eval_duration":0,"eval_count":3,"eval_duration":0,"thinking_chars":0,"thinking_detected":false,"outcome":"ok"}
{"event":"deep_research_run_end","notes_kept":1,"notes_dropped":0,"pages_read":2,"status":"partial","elapsed_ms":10}
{"event":"deep_research_model_call","step":"brief","think":false,"attempt":1,"wall_ms":0,"load_duration":0,"prompt_eval_count":0,"prompt_eval_duration":0,"eval_count":3,"eval_duration":0,"thinking_chars":0,"thinking_detected":false,"outcome":"ok"}
{"event":"deep_research_model_call","step":"plan","think":true,"attempt":1,"wall_ms":0,"load_duration":0,"prompt_eval_count":0,"prompt_eval_duration":0,"eval_count":3,"eval_duration":0,"thinking_chars":0,"thinking_detected":false,"outcome":"ok"}
{"event":"deep_research_model_call","step":"plan","think":false,"attempt":1,"wall_ms":0,"load_duration":0,"prompt_eval_count":0,"prompt_eval_duration":0,"eval_count":3,"eval_duration":0,"thinking_chars":0,"thinking_detected":false,"outcome":"ok"}
{"event":"deep_research_model_call","step":"queries","think":false,"attempt":1,"wall_ms":0,"load_duration":0,"prompt_eval_count":0,"prompt_eval_duration":0,"eval_count":3,"eval_duration":0,"thinking_chars":0,"thinking_detected":false,"outcome":"ok"}
{"event":"deep_research_model_call","step":"pages","think":false,"attempt":1,"wall_ms":0,"load_duration":0,"prompt_eval_count":0,"prompt_eval_duration":0,"eval_count":3,"eval_duration":0,"thinking_chars":0,"thinking_detected":false,"outcome":"ok"}
{"event":"deep_research_model_call","step":"notes","think":false,"attempt":1,"wall_ms":0,"load_duration":0,"prompt_eval_count":0,"prompt_eval_duration":0,"eval_count":3,"eval_duration":0,"thinking_chars":0,"thinking_detected":false,"outcome":"ok"}
{"event":"deep_research_model_call","step":"queries","think":false,"attempt":1,"wall_ms":0,"load_duration":0,"prompt_eval_count":0,"prompt_eval_duration":0,"eval_count":3,"eval_duration":0,"thinking_chars":0,"thinking_detected":false,"outcome":"ok"}
{"event":"deep_research_model_call","step":"write","think":true,"attempt":1,"wall_ms":1,"load_duration":null,"prompt_eval_count":null,"prompt_eval_duration":null,"eval_count":null,"eval_duration":null,"thinking_chars":0,"thinking_detected":false,"outcome":"aborted"}

src/http/deepResearchBreadthFirst.test.ts:
{"event":"deep_research_model_call","step":"brief","think":false,"attempt":1,"wall_ms":0,"load_duration":0,"prompt_eval_count":0,"prompt_eval_duration":0,"eval_count":3,"eval_duration":0,"thinking_chars":0,"thinking_detected":false,"outcome":"ok"}
{"event":"deep_research_model_call","step":"plan","think":true,"attempt":1,"wall_ms":0,"load_duration":0,"prompt_eval_count":0,"prompt_eval_duration":0,"eval_count":3,"eval_duration":0,"thinking_chars":0,"thinking_detected":false,"outcome":"ok"}
{"event":"deep_research_model_call","step":"queries","think":false,"attempt":1,"wall_ms":0,"load_duration":0,"prompt_eval_count":0,"prompt_eval_duration":0,"eval_count":3,"eval_duration":0,"thinking_chars":0,"thinking_detected":false,"outcome":"ok"}
{"event":"deep_research_model_call","step":"pages","think":false,"attempt":1,"wall_ms":0,"load_duration":0,"prompt_eval_count":0,"prompt_eval_duration":0,"eval_count":3,"eval_duration":0,"thinking_chars":0,"thinking_detected":false,"outcome":"ok"}
{"event":"deep_research_model_call","step":"notes","think":false,"attempt":1,"wall_ms":0,"load_duration":0,"prompt_eval_count":0,"prompt_eval_duration":0,"eval_count":3,"eval_duration":0,"thinking_chars":0,"thinking_detected":false,"outcome":"ok"}
{"event":"deep_research_model_call","step":"queries","think":false,"attempt":1,"wall_ms":0,"load_duration":0,"prompt_eval_count":0,"prompt_eval_duration":0,"eval_count":3,"eval_duration":0,"thinking_chars":0,"thinking_detected":false,"outcome":"ok"}
{"event":"deep_research_model_call","step":"pages","think":false,"attempt":1,"wall_ms":1,"load_duration":0,"prompt_eval_count":0,"prompt_eval_duration":0,"eval_count":3,"eval_duration":0,"thinking_chars":0,"thinking_detected":false,"outcome":"ok"}
{"event":"deep_research_model_call","step":"notes","think":false,"attempt":1,"wall_ms":0,"load_duration":0,"prompt_eval_count":0,"prompt_eval_duration":0,"eval_count":3,"eval_duration":0,"thinking_chars":0,"thinking_detected":false,"outcome":"ok"}
{"event":"deep_research_model_call","step":"queries","think":false,"attempt":1,"wall_ms":0,"load_duration":0,"prompt_eval_count":0,"prompt_eval_duration":0,"eval_count":3,"eval_duration":0,"thinking_chars":0,"thinking_detected":false,"outcome":"ok"}
{"event":"deep_research_model_call","step":"pages","think":false,"attempt":1,"wall_ms":0,"load_duration":0,"prompt_eval_count":0,"prompt_eval_duration":0,"eval_count":3,"eval_duration":0,"thinking_chars":0,"thinking_detected":false,"outcome":"ok"}
{"event":"deep_research_model_call","step":"notes","think":false,"attempt":1,"wall_ms":0,"load_duration":0,"prompt_eval_count":0,"prompt_eval_duration":0,"eval_count":3,"eval_duration":0,"thinking_chars":0,"thinking_detected":false,"outcome":"ok"}
{"event":"deep_research_model_call","step":"notes","think":false,"attempt":1,"wall_ms":0,"load_duration":0,"prompt_eval_count":0,"prompt_eval_duration":0,"eval_count":3,"eval_duration":0,"thinking_chars":0,"thinking_detected":false,"outcome":"ok"}
{"event":"deep_research_model_call","step":"notes","think":false,"attempt":1,"wall_ms":0,"load_duration":0,"prompt_eval_count":0,"prompt_eval_duration":0,"eval_count":3,"eval_duration":0,"thinking_chars":0,"thinking_detected":false,"outcome":"ok"}
{"event":"deep_research_model_call","step":"notes","think":false,"attempt":1,"wall_ms":0,"load_duration":0,"prompt_eval_count":0,"prompt_eval_duration":0,"eval_count":3,"eval_duration":0,"thinking_chars":0,"thinking_detected":false,"outcome":"ok"}
{"event":"deep_research_model_call","step":"write","think":true,"attempt":1,"wall_ms":0,"load_duration":0,"prompt_eval_count":0,"prompt_eval_duration":0,"eval_count":3,"eval_duration":0,"thinking_chars":0,"thinking_detected":false,"outcome":"ok"}
{"event":"deep_research_run_end","notes_kept":6,"notes_dropped":0,"pages_read":6,"status":"complete","elapsed_ms":3}
{"event":"deep_research_model_call","step":"brief","think":false,"attempt":1,"wall_ms":0,"load_duration":0,"prompt_eval_count":0,"prompt_eval_duration":0,"eval_count":3,"eval_duration":0,"thinking_chars":0,"thinking_detected":false,"outcome":"ok"}
{"event":"deep_research_model_call","step":"plan","think":true,"attempt":1,"wall_ms":0,"load_duration":0,"prompt_eval_count":0,"prompt_eval_duration":0,"eval_count":3,"eval_duration":0,"thinking_chars":0,"thinking_detected":false,"outcome":"ok"}
{"event":"deep_research_model_call","step":"queries","think":false,"attempt":1,"wall_ms":1,"load_duration":0,"prompt_eval_count":0,"prompt_eval_duration":0,"eval_count":3,"eval_duration":0,"thinking_chars":0,"thinking_detected":false,"outcome":"ok"}
{"event":"deep_research_model_call","step":"pages","think":false,"attempt":1,"wall_ms":0,"load_duration":0,"prompt_eval_count":0,"prompt_eval_duration":0,"eval_count":3,"eval_duration":0,"thinking_chars":0,"thinking_detected":false,"outcome":"ok"}
{"event":"deep_research_model_call","step":"notes","think":false,"attempt":1,"wall_ms":0,"load_duration":0,"prompt_eval_count":0,"prompt_eval_duration":0,"eval_count":3,"eval_duration":0,"thinking_chars":0,"thinking_detected":false,"outcome":"ok"}
{"event":"deep_research_model_call","step":"queries","think":false,"attempt":1,"wall_ms":0,"load_duration":0,"prompt_eval_count":0,"prompt_eval_duration":0,"eval_count":3,"eval_duration":0,"thinking_chars":0,"thinking_detected":false,"outcome":"ok"}
{"event":"deep_research_model_call","step":"pages","think":false,"attempt":1,"wall_ms":0,"load_duration":0,"prompt_eval_count":0,"prompt_eval_duration":0,"eval_count":3,"eval_duration":0,"thinking_chars":0,"thinking_detected":false,"outcome":"ok"}
{"event":"deep_research_model_call","step":"notes","think":false,"attempt":1,"wall_ms":0,"load_duration":0,"prompt_eval_count":0,"prompt_eval_duration":0,"eval_count":3,"eval_duration":0,"thinking_chars":0,"thinking_detected":false,"outcome":"ok"}
{"event":"deep_research_model_call","step":"queries","think":false,"attempt":1,"wall_ms":0,"load_duration":0,"prompt_eval_count":0,"prompt_eval_duration":0,"eval_count":3,"eval_duration":0,"thinking_chars":0,"thinking_detected":false,"outcome":"ok"}
{"event":"deep_research_model_call","step":"pages","think":false,"attempt":1,"wall_ms":0,"load_duration":0,"prompt_eval_count":0,"prompt_eval_duration":0,"eval_count":3,"eval_duration":0,"thinking_chars":0,"thinking_detected":false,"outcome":"ok"}
{"event":"deep_research_model_call","step":"notes","think":false,"attempt":1,"wall_ms":0,"load_duration":0,"prompt_eval_count":0,"prompt_eval_duration":0,"eval_count":3,"eval_duration":0,"thinking_chars":0,"thinking_detected":false,"outcome":"ok"}
{"event":"deep_research_model_call","step":"notes","think":false,"attempt":1,"wall_ms":0,"load_duration":0,"prompt_eval_count":0,"prompt_eval_duration":0,"eval_count":3,"eval_duration":0,"thinking_chars":0,"thinking_detected":false,"outcome":"ok"}
{"event":"deep_research_model_call","step":"notes","think":false,"attempt":1,"wall_ms":0,"load_duration":0,"prompt_eval_count":0,"prompt_eval_duration":0,"eval_count":3,"eval_duration":0,"thinking_chars":0,"thinking_detected":false,"outcome":"ok"}
{"event":"deep_research_model_call","step":"write","think":true,"attempt":1,"wall_ms":0,"load_duration":0,"prompt_eval_count":0,"prompt_eval_duration":0,"eval_count":3,"eval_duration":0,"thinking_chars":0,"thinking_detected":false,"outcome":"ok"}
{"event":"deep_research_run_end","notes_kept":5,"notes_dropped":0,"pages_read":5,"status":"complete","elapsed_ms":2}
{"event":"deep_research_model_call","step":"brief","think":false,"attempt":1,"wall_ms":0,"load_duration":0,"prompt_eval_count":0,"prompt_eval_duration":0,"eval_count":3,"eval_duration":0,"thinking_chars":0,"thinking_detected":false,"outcome":"ok"}
{"event":"deep_research_model_call","step":"plan","think":true,"attempt":1,"wall_ms":0,"load_duration":0,"prompt_eval_count":0,"prompt_eval_duration":0,"eval_count":3,"eval_duration":0,"thinking_chars":0,"thinking_detected":false,"outcome":"ok"}
{"event":"deep_research_model_call","step":"queries","think":false,"attempt":1,"wall_ms":0,"load_duration":0,"prompt_eval_count":0,"prompt_eval_duration":0,"eval_count":3,"eval_duration":0,"thinking_chars":0,"thinking_detected":false,"outcome":"ok"}
{"event":"deep_research_model_call","step":"pages","think":false,"attempt":1,"wall_ms":0,"load_duration":0,"prompt_eval_count":0,"prompt_eval_duration":0,"eval_count":3,"eval_duration":0,"thinking_chars":0,"thinking_detected":false,"outcome":"ok"}
{"event":"deep_research_model_call","step":"notes","think":false,"attempt":1,"wall_ms":0,"load_duration":0,"prompt_eval_count":0,"prompt_eval_duration":0,"eval_count":3,"eval_duration":0,"thinking_chars":0,"thinking_detected":false,"outcome":"ok"}
{"event":"deep_research_model_call","step":"queries","think":false,"attempt":1,"wall_ms":0,"load_duration":0,"prompt_eval_count":0,"prompt_eval_duration":0,"eval_count":3,"eval_duration":0,"thinking_chars":0,"thinking_detected":false,"outcome":"ok"}
{"event":"deep_research_model_call","step":"pages","think":false,"attempt":1,"wall_ms":0,"load_duration":0,"prompt_eval_count":0,"prompt_eval_duration":0,"eval_count":3,"eval_duration":0,"thinking_chars":0,"thinking_detected":false,"outcome":"ok"}
{"event":"deep_research_model_call","step":"notes","think":false,"attempt":1,"wall_ms":0,"load_duration":0,"prompt_eval_count":0,"prompt_eval_duration":0,"eval_count":3,"eval_duration":0,"thinking_chars":0,"thinking_detected":false,"outcome":"ok"}
{"event":"deep_research_model_call","step":"queries","think":false,"attempt":1,"wall_ms":0,"load_duration":0,"prompt_eval_count":0,"prompt_eval_duration":0,"eval_count":3,"eval_duration":0,"thinking_chars":0,"thinking_detected":false,"outcome":"ok"}
{"event":"deep_research_model_call","step":"pages","think":false,"attempt":1,"wall_ms":0,"load_duration":0,"prompt_eval_count":0,"prompt_eval_duration":0,"eval_count":3,"eval_duration":0,"thinking_chars":0,"thinking_detected":false,"outcome":"ok"}
{"event":"deep_research_model_call","step":"notes","think":false,"attempt":1,"wall_ms":1,"load_duration":0,"prompt_eval_count":0,"prompt_eval_duration":0,"eval_count":3,"eval_duration":0,"thinking_chars":0,"thinking_detected":false,"outcome":"ok"}
{"event":"deep_research_model_call","step":"notes","think":false,"attempt":1,"wall_ms":0,"load_duration":0,"prompt_eval_count":0,"prompt_eval_duration":0,"eval_count":3,"eval_duration":0,"thinking_chars":0,"thinking_detected":false,"outcome":"ok"}
{"event":"deep_research_model_call","step":"notes","think":false,"attempt":1,"wall_ms":0,"load_duration":0,"prompt_eval_count":0,"prompt_eval_duration":0,"eval_count":3,"eval_duration":0,"thinking_chars":0,"thinking_detected":false,"outcome":"ok"}
{"event":"deep_research_model_call","step":"notes","think":false,"attempt":1,"wall_ms":0,"load_duration":0,"prompt_eval_count":0,"prompt_eval_duration":0,"eval_count":3,"eval_duration":0,"thinking_chars":0,"thinking_detected":false,"outcome":"ok"}
{"event":"deep_research_model_call","step":"gap","think":false,"attempt":1,"wall_ms":0,"load_duration":0,"prompt_eval_count":0,"prompt_eval_duration":0,"eval_count":3,"eval_duration":0,"thinking_chars":0,"thinking_detected":false,"outcome":"ok"}
{"event":"deep_research_model_call","step":"pages","think":false,"attempt":1,"wall_ms":0,"load_duration":0,"prompt_eval_count":0,"prompt_eval_duration":0,"eval_count":3,"eval_duration":0,"thinking_chars":0,"thinking_detected":false,"outcome":"ok"}
{"event":"deep_research_model_call","step":"notes","think":false,"attempt":1,"wall_ms":0,"load_duration":0,"prompt_eval_count":0,"prompt_eval_duration":0,"eval_count":3,"eval_duration":0,"thinking_chars":0,"thinking_detected":false,"outcome":"ok"}
{"event":"deep_research_model_call","step":"gap","think":false,"attempt":1,"wall_ms":0,"load_duration":0,"prompt_eval_count":0,"prompt_eval_duration":0,"eval_count":3,"eval_duration":0,"thinking_chars":0,"thinking_detected":false,"outcome":"ok"}
{"event":"deep_research_model_call","step":"pages","think":false,"attempt":1,"wall_ms":0,"load_duration":0,"prompt_eval_count":0,"prompt_eval_duration":0,"eval_count":3,"eval_duration":0,"thinking_chars":0,"thinking_detected":false,"outcome":"ok"}
{"event":"deep_research_model_call","step":"notes","think":false,"attempt":1,"wall_ms":0,"load_duration":0,"prompt_eval_count":0,"prompt_eval_duration":0,"eval_count":3,"eval_duration":0,"thinking_chars":0,"thinking_detected":false,"outcome":"ok"}
{"event":"deep_research_model_call","step":"notes","think":false,"attempt":1,"wall_ms":0,"load_duration":0,"prompt_eval_count":0,"prompt_eval_duration":0,"eval_count":3,"eval_duration":0,"thinking_chars":0,"thinking_detected":false,"outcome":"ok"}
{"event":"deep_research_model_call","step":"notes","think":false,"attempt":1,"wall_ms":0,"load_duration":0,"prompt_eval_count":0,"prompt_eval_duration":0,"eval_count":3,"eval_duration":0,"thinking_chars":0,"thinking_detected":false,"outcome":"ok"}
{"event":"deep_research_model_call","step":"write","think":true,"attempt":1,"wall_ms":0,"load_duration":0,"prompt_eval_count":0,"prompt_eval_duration":0,"eval_count":3,"eval_duration":0,"thinking_chars":0,"thinking_detected":false,"outcome":"ok"}
{"event":"deep_research_run_end","notes_kept":10,"notes_dropped":0,"pages_read":10,"status":"complete","elapsed_ms":3}
{"event":"deep_research_model_call","step":"brief","think":false,"attempt":1,"wall_ms":0,"load_duration":0,"prompt_eval_count":0,"prompt_eval_duration":0,"eval_count":3,"eval_duration":0,"thinking_chars":0,"thinking_detected":false,"outcome":"ok"}
{"event":"deep_research_model_call","step":"plan","think":true,"attempt":1,"wall_ms":0,"load_duration":0,"prompt_eval_count":0,"prompt_eval_duration":0,"eval_count":3,"eval_duration":0,"thinking_chars":0,"thinking_detected":false,"outcome":"ok"}
{"event":"deep_research_model_call","step":"queries","think":false,"attempt":1,"wall_ms":0,"load_duration":0,"prompt_eval_count":0,"prompt_eval_duration":0,"eval_count":3,"eval_duration":0,"thinking_chars":0,"thinking_detected":false,"outcome":"ok"}
{"event":"deep_research_model_call","step":"pages","think":false,"attempt":1,"wall_ms":0,"load_duration":0,"prompt_eval_count":0,"prompt_eval_duration":0,"eval_count":3,"eval_duration":0,"thinking_chars":0,"thinking_detected":false,"outcome":"ok"}
{"event":"deep_research_model_call","step":"notes","think":false,"attempt":1,"wall_ms":0,"load_duration":0,"prompt_eval_count":0,"prompt_eval_duration":0,"eval_count":3,"eval_duration":0,"thinking_chars":0,"thinking_detected":false,"outcome":"ok"}
{"event":"deep_research_model_call","step":"queries","think":false,"attempt":1,"wall_ms":0,"load_duration":0,"prompt_eval_count":0,"prompt_eval_duration":0,"eval_count":3,"eval_duration":0,"thinking_chars":0,"thinking_detected":false,"outcome":"ok"}
{"event":"deep_research_model_call","step":"pages","think":false,"attempt":1,"wall_ms":0,"load_duration":0,"prompt_eval_count":0,"prompt_eval_duration":0,"eval_count":3,"eval_duration":0,"thinking_chars":0,"thinking_detected":false,"outcome":"ok"}
{"event":"deep_research_model_call","step":"notes","think":false,"attempt":1,"wall_ms":0,"load_duration":0,"prompt_eval_count":0,"prompt_eval_duration":0,"eval_count":3,"eval_duration":0,"thinking_chars":0,"thinking_detected":false,"outcome":"ok"}
{"event":"deep_research_model_call","step":"gap","think":false,"attempt":1,"wall_ms":0,"load_duration":0,"prompt_eval_count":0,"prompt_eval_duration":0,"eval_count":3,"eval_duration":0,"thinking_chars":0,"thinking_detected":false,"outcome":"ok"}
{"event":"deep_research_model_call","step":"gap","think":false,"attempt":1,"wall_ms":0,"load_duration":0,"prompt_eval_count":0,"prompt_eval_duration":0,"eval_count":3,"eval_duration":0,"thinking_chars":0,"thinking_detected":false,"outcome":"ok"}
{"event":"deep_research_model_call","step":"pages","think":false,"attempt":1,"wall_ms":0,"load_duration":0,"prompt_eval_count":0,"prompt_eval_duration":0,"eval_count":3,"eval_duration":0,"thinking_chars":0,"thinking_detected":false,"outcome":"ok"}
{"event":"deep_research_model_call","step":"notes","think":false,"attempt":1,"wall_ms":0,"load_duration":0,"prompt_eval_count":0,"prompt_eval_duration":0,"eval_count":3,"eval_duration":0,"thinking_chars":0,"thinking_detected":false,"outcome":"ok"}
{"event":"deep_research_model_call","step":"gap","think":false,"attempt":1,"wall_ms":0,"load_duration":0,"prompt_eval_count":0,"prompt_eval_duration":0,"eval_count":3,"eval_duration":0,"thinking_chars":0,"thinking_detected":false,"outcome":"ok"}
{"event":"deep_research_model_call","step":"pages","think":false,"attempt":1,"wall_ms":0,"load_duration":0,"prompt_eval_count":0,"prompt_eval_duration":0,"eval_count":3,"eval_duration":0,"thinking_chars":0,"thinking_detected":false,"outcome":"ok"}
{"event":"deep_research_model_call","step":"notes","think":false,"attempt":1,"wall_ms":0,"load_duration":0,"prompt_eval_count":0,"prompt_eval_duration":0,"eval_count":3,"eval_duration":0,"thinking_chars":0,"thinking_detected":false,"outcome":"ok"}
{"event":"deep_research_model_call","step":"write","think":true,"attempt":1,"wall_ms":0,"load_duration":0,"prompt_eval_count":0,"prompt_eval_duration":0,"eval_count":3,"eval_duration":0,"thinking_chars":0,"thinking_detected":false,"outcome":"ok"}
{"event":"deep_research_run_end","notes_kept":4,"notes_dropped":0,"pages_read":4,"status":"complete","elapsed_ms":1}
{"event":"deep_research_model_call","step":"brief","think":false,"attempt":1,"wall_ms":0,"load_duration":0,"prompt_eval_count":0,"prompt_eval_duration":0,"eval_count":3,"eval_duration":0,"thinking_chars":0,"thinking_detected":false,"outcome":"ok"}
{"event":"deep_research_model_call","step":"plan","think":true,"attempt":1,"wall_ms":0,"load_duration":0,"prompt_eval_count":0,"prompt_eval_duration":0,"eval_count":3,"eval_duration":0,"thinking_chars":0,"thinking_detected":false,"outcome":"ok"}
{"event":"deep_research_model_call","step":"queries","think":false,"attempt":1,"wall_ms":0,"load_duration":0,"prompt_eval_count":0,"prompt_eval_duration":0,"eval_count":3,"eval_duration":0,"thinking_chars":0,"thinking_detected":false,"outcome":"ok"}
{"event":"deep_research_model_call","step":"pages","think":false,"attempt":1,"wall_ms":0,"load_duration":0,"prompt_eval_count":0,"prompt_eval_duration":0,"eval_count":3,"eval_duration":0,"thinking_chars":0,"thinking_detected":false,"outcome":"ok"}
{"event":"deep_research_model_call","step":"notes","think":false,"attempt":1,"wall_ms":0,"load_duration":0,"prompt_eval_count":0,"prompt_eval_duration":0,"eval_count":3,"eval_duration":0,"thinking_chars":0,"thinking_detected":false,"outcome":"ok"}
{"event":"deep_research_model_call","step":"queries","think":false,"attempt":1,"wall_ms":0,"load_duration":0,"prompt_eval_count":0,"prompt_eval_duration":0,"eval_count":3,"eval_duration":0,"thinking_chars":0,"thinking_detected":false,"outcome":"ok"}
{"event":"deep_research_model_call","step":"pages","think":false,"attempt":1,"wall_ms":0,"load_duration":0,"prompt_eval_count":0,"prompt_eval_duration":0,"eval_count":3,"eval_duration":0,"thinking_chars":0,"thinking_detected":false,"outcome":"ok"}
{"event":"deep_research_model_call","step":"notes","think":false,"attempt":1,"wall_ms":0,"load_duration":0,"prompt_eval_count":0,"prompt_eval_duration":0,"eval_count":3,"eval_duration":0,"thinking_chars":0,"thinking_detected":false,"outcome":"ok"}
{"event":"deep_research_model_call","step":"queries","think":false,"attempt":1,"wall_ms":0,"load_duration":0,"prompt_eval_count":0,"prompt_eval_duration":0,"eval_count":3,"eval_duration":0,"thinking_chars":0,"thinking_detected":false,"outcome":"ok"}
{"event":"deep_research_model_call","step":"pages","think":false,"attempt":1,"wall_ms":0,"load_duration":0,"prompt_eval_count":0,"prompt_eval_duration":0,"eval_count":3,"eval_duration":0,"thinking_chars":0,"thinking_detected":false,"outcome":"ok"}
{"event":"deep_research_model_call","step":"notes","think":false,"attempt":1,"wall_ms":0,"load_duration":0,"prompt_eval_count":0,"prompt_eval_duration":0,"eval_count":3,"eval_duration":0,"thinking_chars":0,"thinking_detected":false,"outcome":"ok"}
{"event":"deep_research_model_call","step":"notes","think":false,"attempt":1,"wall_ms":0,"load_duration":0,"prompt_eval_count":0,"prompt_eval_duration":0,"eval_count":3,"eval_duration":0,"thinking_chars":0,"thinking_detected":false,"outcome":"ok"}
{"event":"deep_research_model_call","step":"notes","think":false,"attempt":1,"wall_ms":0,"load_duration":0,"prompt_eval_count":0,"prompt_eval_duration":0,"eval_count":3,"eval_duration":0,"thinking_chars":0,"thinking_detected":false,"outcome":"ok"}
{"event":"deep_research_model_call","step":"notes","think":false,"attempt":1,"wall_ms":0,"load_duration":0,"prompt_eval_count":0,"prompt_eval_duration":0,"eval_count":3,"eval_duration":0,"thinking_chars":0,"thinking_detected":false,"outcome":"ok"}
{"event":"deep_research_model_call","step":"write","think":true,"attempt":1,"wall_ms":0,"load_duration":0,"prompt_eval_count":0,"prompt_eval_duration":0,"eval_count":3,"eval_duration":0,"thinking_chars":0,"thinking_detected":false,"outcome":"ok"}
{"event":"deep_research_run_end","notes_kept":6,"notes_dropped":0,"pages_read":6,"status":"complete","elapsed_ms":1}
{"event":"deep_research_model_call","step":"brief","think":false,"attempt":1,"wall_ms":0,"load_duration":0,"prompt_eval_count":0,"prompt_eval_duration":0,"eval_count":3,"eval_duration":0,"thinking_chars":0,"thinking_detected":false,"outcome":"ok"}
{"event":"deep_research_model_call","step":"plan","think":true,"attempt":1,"wall_ms":0,"load_duration":0,"prompt_eval_count":0,"prompt_eval_duration":0,"eval_count":3,"eval_duration":0,"thinking_chars":0,"thinking_detected":false,"outcome":"ok"}
{"event":"deep_research_model_call","step":"queries","think":false,"attempt":1,"wall_ms":0,"load_duration":0,"prompt_eval_count":0,"prompt_eval_duration":0,"eval_count":3,"eval_duration":0,"thinking_chars":0,"thinking_detected":false,"outcome":"ok"}
{"event":"deep_research_model_call","step":"pages","think":false,"attempt":1,"wall_ms":0,"load_duration":0,"prompt_eval_count":0,"prompt_eval_duration":0,"eval_count":3,"eval_duration":0,"thinking_chars":0,"thinking_detected":false,"outcome":"ok"}
{"event":"deep_research_model_call","step":"notes","think":false,"attempt":1,"wall_ms":0,"load_duration":0,"prompt_eval_count":0,"prompt_eval_duration":0,"eval_count":3,"eval_duration":0,"thinking_chars":0,"thinking_detected":false,"outcome":"ok"}
{"event":"deep_research_model_call","step":"queries","think":false,"attempt":1,"wall_ms":0,"load_duration":0,"prompt_eval_count":0,"prompt_eval_duration":0,"eval_count":3,"eval_duration":0,"thinking_chars":0,"thinking_detected":false,"outcome":"ok"}
{"event":"deep_research_model_call","step":"pages","think":false,"attempt":1,"wall_ms":0,"load_duration":0,"prompt_eval_count":0,"prompt_eval_duration":0,"eval_count":3,"eval_duration":0,"thinking_chars":0,"thinking_detected":false,"outcome":"ok"}
{"event":"deep_research_model_call","step":"notes","think":false,"attempt":1,"wall_ms":0,"load_duration":0,"prompt_eval_count":0,"prompt_eval_duration":0,"eval_count":3,"eval_duration":0,"thinking_chars":0,"thinking_detected":false,"outcome":"ok"}
{"event":"deep_research_model_call","step":"queries","think":false,"attempt":1,"wall_ms":0,"load_duration":0,"prompt_eval_count":0,"prompt_eval_duration":0,"eval_count":3,"eval_duration":0,"thinking_chars":0,"thinking_detected":false,"outcome":"ok"}
{"event":"deep_research_model_call","step":"pages","think":false,"attempt":1,"wall_ms":0,"load_duration":0,"prompt_eval_count":0,"prompt_eval_duration":0,"eval_count":3,"eval_duration":0,"thinking_chars":0,"thinking_detected":false,"outcome":"ok"}
{"event":"deep_research_model_call","step":"notes","think":false,"attempt":1,"wall_ms":0,"load_duration":0,"prompt_eval_count":0,"prompt_eval_duration":0,"eval_count":3,"eval_duration":0,"thinking_chars":0,"thinking_detected":false,"outcome":"ok"}
{"event":"deep_research_model_call","step":"notes","think":false,"attempt":1,"wall_ms":0,"load_duration":0,"prompt_eval_count":0,"prompt_eval_duration":0,"eval_count":3,"eval_duration":0,"thinking_chars":0,"thinking_detected":false,"outcome":"ok"}
{"event":"deep_research_model_call","step":"notes","think":false,"attempt":1,"wall_ms":0,"load_duration":0,"prompt_eval_count":0,"prompt_eval_duration":0,"eval_count":3,"eval_duration":0,"thinking_chars":0,"thinking_detected":false,"outcome":"ok"}
{"event":"deep_research_model_call","step":"notes","think":false,"attempt":1,"wall_ms":0,"load_duration":0,"prompt_eval_count":0,"prompt_eval_duration":0,"eval_count":3,"eval_duration":0,"thinking_chars":0,"thinking_detected":false,"outcome":"ok"}
{"event":"deep_research_model_call","step":"write","think":true,"attempt":1,"wall_ms":0,"load_duration":0,"prompt_eval_count":0,"prompt_eval_duration":0,"eval_count":3,"eval_duration":0,"thinking_chars":0,"thinking_detected":false,"outcome":"ok"}
{"event":"deep_research_run_end","notes_kept":6,"notes_dropped":0,"pages_read":6,"status":"complete","elapsed_ms":1}
{"event":"deep_research_model_call","step":"brief","think":false,"attempt":1,"wall_ms":0,"load_duration":0,"prompt_eval_count":0,"prompt_eval_duration":0,"eval_count":3,"eval_duration":0,"thinking_chars":0,"thinking_detected":false,"outcome":"ok"}
{"event":"deep_research_model_call","step":"plan","think":true,"attempt":1,"wall_ms":0,"load_duration":0,"prompt_eval_count":0,"prompt_eval_duration":0,"eval_count":3,"eval_duration":0,"thinking_chars":0,"thinking_detected":false,"outcome":"ok"}
{"event":"deep_research_model_call","step":"queries","think":false,"attempt":1,"wall_ms":0,"load_duration":0,"prompt_eval_count":0,"prompt_eval_duration":0,"eval_count":3,"eval_duration":0,"thinking_chars":0,"thinking_detected":false,"outcome":"ok"}
{"event":"deep_research_model_call","step":"pages","think":false,"attempt":1,"wall_ms":0,"load_duration":0,"prompt_eval_count":0,"prompt_eval_duration":0,"eval_count":3,"eval_duration":0,"thinking_chars":0,"thinking_detected":false,"outcome":"ok"}
{"event":"deep_research_model_call","step":"notes","think":false,"attempt":1,"wall_ms":0,"load_duration":0,"prompt_eval_count":0,"prompt_eval_duration":0,"eval_count":3,"eval_duration":0,"thinking_chars":0,"thinking_detected":false,"outcome":"ok"}
{"event":"deep_research_model_call","step":"queries","think":false,"attempt":1,"wall_ms":0,"load_duration":0,"prompt_eval_count":0,"prompt_eval_duration":0,"eval_count":3,"eval_duration":0,"thinking_chars":0,"thinking_detected":false,"outcome":"ok"}
{"event":"deep_research_model_call","step":"pages","think":false,"attempt":1,"wall_ms":0,"load_duration":0,"prompt_eval_count":0,"prompt_eval_duration":0,"eval_count":3,"eval_duration":0,"thinking_chars":0,"thinking_detected":false,"outcome":"ok"}
{"event":"deep_research_model_call","step":"notes","think":false,"attempt":1,"wall_ms":0,"load_duration":0,"prompt_eval_count":0,"prompt_eval_duration":0,"eval_count":3,"eval_duration":0,"thinking_chars":0,"thinking_detected":false,"outcome":"ok"}
{"event":"deep_research_model_call","step":"gap","think":false,"attempt":1,"wall_ms":0,"load_duration":0,"prompt_eval_count":0,"prompt_eval_duration":0,"eval_count":3,"eval_duration":0,"thinking_chars":0,"thinking_detected":false,"outcome":"ok"}
{"event":"deep_research_model_call","step":"gap","think":false,"attempt":1,"wall_ms":0,"load_duration":0,"prompt_eval_count":0,"prompt_eval_duration":0,"eval_count":3,"eval_duration":0,"thinking_chars":0,"thinking_detected":false,"outcome":"ok"}
{"event":"deep_research_model_call","step":"pages","think":false,"attempt":1,"wall_ms":0,"load_duration":0,"prompt_eval_count":0,"prompt_eval_duration":0,"eval_count":3,"eval_duration":0,"thinking_chars":0,"thinking_detected":false,"outcome":"ok"}
{"event":"deep_research_model_call","step":"notes","think":false,"attempt":1,"wall_ms":0,"load_duration":0,"prompt_eval_count":0,"prompt_eval_duration":0,"eval_count":3,"eval_duration":0,"thinking_chars":0,"thinking_detected":false,"outcome":"ok"}
{"event":"deep_research_model_call","step":"gap","think":false,"attempt":1,"wall_ms":0,"load_duration":0,"prompt_eval_count":0,"prompt_eval_duration":0,"eval_count":3,"eval_duration":0,"thinking_chars":0,"thinking_detected":false,"outcome":"ok"}
{"event":"deep_research_model_call","step":"pages","think":false,"attempt":1,"wall_ms":0,"load_duration":0,"prompt_eval_count":0,"prompt_eval_duration":0,"eval_count":3,"eval_duration":0,"thinking_chars":0,"thinking_detected":false,"outcome":"ok"}
{"event":"deep_research_model_call","step":"notes","think":false,"attempt":1,"wall_ms":0,"load_duration":0,"prompt_eval_count":0,"prompt_eval_duration":0,"eval_count":3,"eval_duration":0,"thinking_chars":0,"thinking_detected":false,"outcome":"ok"}
{"event":"deep_research_model_call","step":"gap","think":false,"attempt":1,"wall_ms":0,"load_duration":0,"prompt_eval_count":0,"prompt_eval_duration":0,"eval_count":3,"eval_duration":0,"thinking_chars":0,"thinking_detected":false,"outcome":"ok"}
{"event":"deep_research_model_call","step":"pages","think":false,"attempt":1,"wall_ms":0,"load_duration":0,"prompt_eval_count":0,"prompt_eval_duration":0,"eval_count":3,"eval_duration":0,"thinking_chars":0,"thinking_detected":false,"outcome":"ok"}
{"event":"deep_research_model_call","step":"notes","think":false,"attempt":1,"wall_ms":0,"load_duration":0,"prompt_eval_count":0,"prompt_eval_duration":0,"eval_count":3,"eval_duration":0,"thinking_chars":0,"thinking_detected":false,"outcome":"ok"}
{"event":"deep_research_model_call","step":"write","think":true,"attempt":1,"wall_ms":0,"load_duration":0,"prompt_eval_count":0,"prompt_eval_duration":0,"eval_count":3,"eval_duration":0,"thinking_chars":0,"thinking_detected":false,"outcome":"ok"}
{"event":"deep_research_run_end","notes_kept":5,"notes_dropped":0,"pages_read":5,"status":"complete","elapsed_ms":2}
{"event":"deep_research_model_call","step":"brief","think":false,"attempt":1,"wall_ms":4,"load_duration":0,"prompt_eval_count":0,"prompt_eval_duration":0,"eval_count":3,"eval_duration":0,"thinking_chars":0,"thinking_detected":false,"outcome":"ok"}
{"event":"deep_research_model_call","step":"plan","think":true,"attempt":1,"wall_ms":4,"load_duration":0,"prompt_eval_count":0,"prompt_eval_duration":0,"eval_count":3,"eval_duration":0,"thinking_chars":0,"thinking_detected":false,"outcome":"ok"}
{"event":"deep_research_model_call","step":"queries","think":false,"attempt":1,"wall_ms":4,"load_duration":0,"prompt_eval_count":0,"prompt_eval_duration":0,"eval_count":3,"eval_duration":0,"thinking_chars":0,"thinking_detected":false,"outcome":"ok"}
{"event":"deep_research_model_call","step":"pages","think":false,"attempt":1,"wall_ms":4,"load_duration":0,"prompt_eval_count":0,"prompt_eval_duration":0,"eval_count":3,"eval_duration":0,"thinking_chars":0,"thinking_detected":false,"outcome":"ok"}
{"event":"deep_research_model_call","step":"notes","think":false,"attempt":1,"wall_ms":4,"load_duration":0,"prompt_eval_count":0,"prompt_eval_duration":0,"eval_count":3,"eval_duration":0,"thinking_chars":0,"thinking_detected":false,"outcome":"ok"}
{"event":"deep_research_model_call","step":"queries","think":false,"attempt":1,"wall_ms":4,"load_duration":0,"prompt_eval_count":0,"prompt_eval_duration":0,"eval_count":3,"eval_duration":0,"thinking_chars":0,"thinking_detected":false,"outcome":"ok"}
{"event":"deep_research_model_call","step":"pages","think":false,"attempt":1,"wall_ms":4,"load_duration":0,"prompt_eval_count":0,"prompt_eval_duration":0,"eval_count":3,"eval_duration":0,"thinking_chars":0,"thinking_detected":false,"outcome":"ok"}
{"event":"deep_research_model_call","step":"notes","think":false,"attempt":1,"wall_ms":4,"load_duration":0,"prompt_eval_count":0,"prompt_eval_duration":0,"eval_count":3,"eval_duration":0,"thinking_chars":0,"thinking_detected":false,"outcome":"ok"}
{"event":"deep_research_model_call","step":"queries","think":false,"attempt":1,"wall_ms":4,"load_duration":0,"prompt_eval_count":0,"prompt_eval_duration":0,"eval_count":3,"eval_duration":0,"thinking_chars":0,"thinking_detected":false,"outcome":"ok"}
{"event":"deep_research_model_call","step":"pages","think":false,"attempt":1,"wall_ms":4,"load_duration":0,"prompt_eval_count":0,"prompt_eval_duration":0,"eval_count":3,"eval_duration":0,"thinking_chars":0,"thinking_detected":false,"outcome":"ok"}
{"event":"deep_research_model_call","step":"notes","think":false,"attempt":1,"wall_ms":5,"load_duration":0,"prompt_eval_count":0,"prompt_eval_duration":0,"eval_count":3,"eval_duration":0,"thinking_chars":0,"thinking_detected":false,"outcome":"ok"}
{"event":"deep_research_model_call","step":"notes","think":false,"attempt":1,"wall_ms":4,"load_duration":0,"prompt_eval_count":0,"prompt_eval_duration":0,"eval_count":3,"eval_duration":0,"thinking_chars":0,"thinking_detected":false,"outcome":"ok"}
{"event":"deep_research_model_call","step":"notes","think":false,"attempt":1,"wall_ms":3,"load_duration":0,"prompt_eval_count":0,"prompt_eval_duration":0,"eval_count":3,"eval_duration":0,"thinking_chars":0,"thinking_detected":false,"outcome":"ok"}
{"event":"deep_research_model_call","step":"notes","think":false,"attempt":1,"wall_ms":3,"load_duration":0,"prompt_eval_count":0,"prompt_eval_duration":0,"eval_count":3,"eval_duration":0,"thinking_chars":0,"thinking_detected":false,"outcome":"ok"}
{"event":"deep_research_model_call","step":"write","think":true,"attempt":1,"wall_ms":4,"load_duration":0,"prompt_eval_count":0,"prompt_eval_duration":0,"eval_count":3,"eval_duration":0,"thinking_chars":0,"thinking_detected":false,"outcome":"ok"}
{"event":"deep_research_run_end","notes_kept":6,"notes_dropped":0,"pages_read":6,"status":"complete","elapsed_ms":430}
{"event":"deep_research_model_call","step":"brief","think":false,"attempt":1,"wall_ms":0,"load_duration":0,"prompt_eval_count":0,"prompt_eval_duration":0,"eval_count":3,"eval_duration":0,"thinking_chars":0,"thinking_detected":false,"outcome":"ok"}
{"event":"deep_research_model_call","step":"plan","think":true,"attempt":1,"wall_ms":0,"load_duration":0,"prompt_eval_count":0,"prompt_eval_duration":0,"eval_count":3,"eval_duration":0,"thinking_chars":0,"thinking_detected":false,"outcome":"ok"}
{"event":"deep_research_model_call","step":"queries","think":false,"attempt":1,"wall_ms":0,"load_duration":0,"prompt_eval_count":0,"prompt_eval_duration":0,"eval_count":3,"eval_duration":0,"thinking_chars":0,"thinking_detected":false,"outcome":"ok"}
{"event":"deep_research_model_call","step":"pages","think":false,"attempt":1,"wall_ms":0,"load_duration":0,"prompt_eval_count":0,"prompt_eval_duration":0,"eval_count":3,"eval_duration":0,"thinking_chars":0,"thinking_detected":false,"outcome":"ok"}
{"event":"deep_research_model_call","step":"notes","think":false,"attempt":1,"wall_ms":0,"load_duration":0,"prompt_eval_count":0,"prompt_eval_duration":0,"eval_count":3,"eval_duration":0,"thinking_chars":0,"thinking_detected":false,"outcome":"ok"}
{"event":"deep_research_model_call","step":"queries","think":false,"attempt":1,"wall_ms":1,"load_duration":0,"prompt_eval_count":0,"prompt_eval_duration":0,"eval_count":3,"eval_duration":0,"thinking_chars":0,"thinking_detected":false,"outcome":"ok"}
{"event":"deep_research_model_call","step":"pages","think":false,"attempt":1,"wall_ms":0,"load_duration":0,"prompt_eval_count":0,"prompt_eval_duration":0,"eval_count":3,"eval_duration":0,"thinking_chars":0,"thinking_detected":false,"outcome":"ok"}
{"event":"deep_research_model_call","step":"write","think":true,"attempt":1,"wall_ms":0,"load_duration":0,"prompt_eval_count":0,"prompt_eval_duration":0,"eval_count":3,"eval_duration":0,"thinking_chars":0,"thinking_detected":false,"outcome":"ok"}
{"event":"deep_research_run_end","notes_kept":1,"notes_dropped":0,"pages_read":2,"status":"partial","elapsed_ms":607}
{"event":"deep_research_model_call","step":"brief","think":false,"attempt":1,"wall_ms":0,"load_duration":0,"prompt_eval_count":0,"prompt_eval_duration":0,"eval_count":3,"eval_duration":0,"thinking_chars":0,"thinking_detected":false,"outcome":"ok"}
{"event":"deep_research_model_call","step":"plan","think":true,"attempt":1,"wall_ms":0,"load_duration":0,"prompt_eval_count":0,"prompt_eval_duration":0,"eval_count":3,"eval_duration":0,"thinking_chars":0,"thinking_detected":false,"outcome":"ok"}
{"event":"deep_research_model_call","step":"queries","think":false,"attempt":1,"wall_ms":0,"load_duration":0,"prompt_eval_count":0,"prompt_eval_duration":0,"eval_count":3,"eval_duration":0,"thinking_chars":0,"thinking_detected":false,"outcome":"ok"}
{"event":"deep_research_model_call","step":"pages","think":false,"attempt":1,"wall_ms":0,"load_duration":0,"prompt_eval_count":0,"prompt_eval_duration":0,"eval_count":3,"eval_duration":0,"thinking_chars":0,"thinking_detected":false,"outcome":"ok"}
{"event":"deep_research_model_call","step":"notes","think":false,"attempt":1,"wall_ms":0,"load_duration":0,"prompt_eval_count":0,"prompt_eval_duration":0,"eval_count":3,"eval_duration":0,"thinking_chars":0,"thinking_detected":false,"outcome":"ok"}
{"event":"deep_research_model_call","step":"queries","think":false,"attempt":1,"wall_ms":0,"load_duration":0,"prompt_eval_count":0,"prompt_eval_duration":0,"eval_count":3,"eval_duration":0,"thinking_chars":0,"thinking_detected":false,"outcome":"ok"}
{"event":"deep_research_model_call","step":"pages","think":false,"attempt":1,"wall_ms":0,"load_duration":0,"prompt_eval_count":0,"prompt_eval_duration":0,"eval_count":3,"eval_duration":0,"thinking_chars":0,"thinking_detected":false,"outcome":"ok"}
{"event":"deep_research_model_call","step":"write","think":true,"attempt":1,"wall_ms":0,"load_duration":0,"prompt_eval_count":0,"prompt_eval_duration":0,"eval_count":3,"eval_duration":0,"thinking_chars":0,"thinking_detected":false,"outcome":"ok"}
{"event":"deep_research_run_end","notes_kept":1,"notes_dropped":0,"pages_read":1,"status":"partial","elapsed_ms":4}

src/http/deepResearchPlanCount.test.ts:
{"event":"deep_research_run_end","notes_kept":4,"notes_dropped":0,"pages_read":6,"status":"complete","elapsed_ms":3}
{"event":"deep_research_run_end","notes_kept":4,"notes_dropped":0,"pages_read":6,"status":"complete","elapsed_ms":2}
{"event":"deep_research_run_end","notes_kept":4,"notes_dropped":0,"pages_read":6,"status":"complete","elapsed_ms":2}
{"event":"deep_research_run_end","notes_kept":6,"notes_dropped":0,"pages_read":6,"status":"complete","elapsed_ms":2}
{"event":"deep_research_run_end","notes_kept":6,"notes_dropped":0,"pages_read":6,"status":"complete","elapsed_ms":1}

src/http/deepResearchPrices.test.ts:
{"event":"deep_research_run_end","notes_kept":4,"notes_dropped":0,"pages_read":6,"status":"complete","elapsed_ms":1}
{"event":"deep_research_run_end","notes_kept":4,"notes_dropped":0,"pages_read":6,"status":"complete","elapsed_ms":2}
{"event":"deep_research_run_end","notes_kept":4,"notes_dropped":0,"pages_read":6,"status":"complete","elapsed_ms":1}
{"event":"deep_research_run_end","notes_kept":4,"notes_dropped":0,"pages_read":6,"status":"complete","elapsed_ms":1}
{"event":"deep_research_run_end","notes_kept":4,"notes_dropped":0,"pages_read":6,"status":"complete","elapsed_ms":1}
{"event":"deep_research_run_end","notes_kept":4,"notes_dropped":0,"pages_read":6,"status":"complete","elapsed_ms":1}

src/http/deepResearchResume.test.ts:
{"event":"deep_research_model_call","step":"brief","think":false,"attempt":1,"wall_ms":0,"load_duration":0,"prompt_eval_count":0,"prompt_eval_duration":0,"eval_count":3,"eval_duration":0,"thinking_chars":0,"thinking_detected":false,"outcome":"ok"}
{"event":"deep_research_model_call","step":"plan","think":true,"attempt":1,"wall_ms":0,"load_duration":0,"prompt_eval_count":0,"prompt_eval_duration":0,"eval_count":3,"eval_duration":0,"thinking_chars":0,"thinking_detected":false,"outcome":"ok"}
{"event":"deep_research_model_call","step":"plan","think":false,"attempt":1,"wall_ms":0,"load_duration":0,"prompt_eval_count":0,"prompt_eval_duration":0,"eval_count":3,"eval_duration":0,"thinking_chars":0,"thinking_detected":false,"outcome":"ok"}
{"event":"deep_research_model_call","step":"queries","think":false,"attempt":1,"wall_ms":0,"load_duration":0,"prompt_eval_count":0,"prompt_eval_duration":0,"eval_count":3,"eval_duration":0,"thinking_chars":0,"thinking_detected":false,"outcome":"ok"}
{"event":"deep_research_model_call","step":"pages","think":false,"attempt":1,"wall_ms":0,"load_duration":0,"prompt_eval_count":0,"prompt_eval_duration":0,"eval_count":3,"eval_duration":0,"thinking_chars":0,"thinking_detected":false,"outcome":"ok"}
{"event":"deep_research_model_call","step":"notes","think":false,"attempt":1,"wall_ms":0,"load_duration":0,"prompt_eval_count":0,"prompt_eval_duration":0,"eval_count":3,"eval_duration":0,"thinking_chars":0,"thinking_detected":false,"outcome":"ok"}
{"event":"deep_research_model_call","step":"queries","think":false,"attempt":1,"wall_ms":0,"load_duration":0,"prompt_eval_count":0,"prompt_eval_duration":0,"eval_count":3,"eval_duration":0,"thinking_chars":0,"thinking_detected":false,"outcome":"ok"}
{"event":"deep_research_model_call","step":"queries","think":false,"attempt":1,"wall_ms":0,"load_duration":0,"prompt_eval_count":0,"prompt_eval_duration":0,"eval_count":3,"eval_duration":0,"thinking_chars":0,"thinking_detected":false,"outcome":"ok"}
{"event":"deep_research_model_call","step":"queries","think":false,"attempt":1,"wall_ms":0,"load_duration":0,"prompt_eval_count":0,"prompt_eval_duration":0,"eval_count":3,"eval_duration":0,"thinking_chars":0,"thinking_detected":false,"outcome":"ok"}
{"event":"deep_research_model_call","step":"pages","think":false,"attempt":1,"wall_ms":0,"load_duration":0,"prompt_eval_count":0,"prompt_eval_duration":0,"eval_count":3,"eval_duration":0,"thinking_chars":0,"thinking_detected":false,"outcome":"ok"}
{"event":"deep_research_model_call","step":"notes","think":false,"attempt":1,"wall_ms":0,"load_duration":0,"prompt_eval_count":0,"prompt_eval_duration":0,"eval_count":3,"eval_duration":0,"thinking_chars":0,"thinking_detected":false,"outcome":"ok"}
{"event":"deep_research_model_call","step":"queries","think":false,"attempt":1,"wall_ms":0,"load_duration":0,"prompt_eval_count":0,"prompt_eval_duration":0,"eval_count":3,"eval_duration":0,"thinking_chars":0,"thinking_detected":false,"outcome":"ok"}
{"event":"deep_research_model_call","step":"queries","think":false,"attempt":1,"wall_ms":0,"load_duration":0,"prompt_eval_count":0,"prompt_eval_duration":0,"eval_count":3,"eval_duration":0,"thinking_chars":0,"thinking_detected":false,"outcome":"ok"}
{"event":"deep_research_model_call","step":"queries","think":false,"attempt":1,"wall_ms":0,"load_duration":0,"prompt_eval_count":0,"prompt_eval_duration":0,"eval_count":3,"eval_duration":0,"thinking_chars":0,"thinking_detected":false,"outcome":"ok"}
{"event":"deep_research_model_call","step":"pages","think":false,"attempt":1,"wall_ms":0,"load_duration":0,"prompt_eval_count":0,"prompt_eval_duration":0,"eval_count":3,"eval_duration":0,"thinking_chars":0,"thinking_detected":false,"outcome":"ok"}
{"event":"deep_research_model_call","step":"notes","think":false,"attempt":1,"wall_ms":0,"load_duration":0,"prompt_eval_count":0,"prompt_eval_duration":0,"eval_count":3,"eval_duration":0,"thinking_chars":0,"thinking_detected":false,"outcome":"ok"}
{"event":"deep_research_model_call","step":"notes","think":false,"attempt":1,"wall_ms":0,"load_duration":0,"prompt_eval_count":0,"prompt_eval_duration":0,"eval_count":3,"eval_duration":0,"thinking_chars":0,"thinking_detected":false,"outcome":"ok"}
{"event":"deep_research_model_call","step":"notes","think":false,"attempt":1,"wall_ms":0,"load_duration":0,"prompt_eval_count":0,"prompt_eval_duration":0,"eval_count":3,"eval_duration":0,"thinking_chars":0,"thinking_detected":false,"outcome":"ok"}
{"event":"deep_research_model_call","step":"notes","think":false,"attempt":1,"wall_ms":0,"load_duration":0,"prompt_eval_count":0,"prompt_eval_duration":0,"eval_count":3,"eval_duration":0,"thinking_chars":0,"thinking_detected":false,"outcome":"ok"}
{"event":"deep_research_model_call","step":"write","think":true,"attempt":1,"wall_ms":0,"load_duration":0,"prompt_eval_count":0,"prompt_eval_duration":0,"eval_count":3,"eval_duration":0,"thinking_chars":0,"thinking_detected":false,"outcome":"ok"}
{"event":"deep_research_run_end","notes_kept":4,"notes_dropped":0,"pages_read":6,"status":"complete","elapsed_ms":55}
{"event":"deep_research_model_call","step":"brief","think":false,"attempt":1,"wall_ms":0,"load_duration":0,"prompt_eval_count":0,"prompt_eval_duration":0,"eval_count":3,"eval_duration":0,"thinking_chars":0,"thinking_detected":false,"outcome":"ok"}
{"event":"deep_research_model_call","step":"plan","think":true,"attempt":1,"wall_ms":0,"load_duration":0,"prompt_eval_count":0,"prompt_eval_duration":0,"eval_count":3,"eval_duration":0,"thinking_chars":0,"thinking_detected":false,"outcome":"ok"}
{"event":"deep_research_model_call","step":"plan","think":false,"attempt":1,"wall_ms":0,"load_duration":0,"prompt_eval_count":0,"prompt_eval_duration":0,"eval_count":3,"eval_duration":0,"thinking_chars":0,"thinking_detected":false,"outcome":"ok"}
{"event":"deep_research_model_call","step":"queries","think":false,"attempt":1,"wall_ms":0,"load_duration":0,"prompt_eval_count":0,"prompt_eval_duration":0,"eval_count":3,"eval_duration":0,"thinking_chars":0,"thinking_detected":false,"outcome":"ok"}
{"event":"deep_research_model_call","step":"pages","think":false,"attempt":1,"wall_ms":0,"load_duration":0,"prompt_eval_count":0,"prompt_eval_duration":0,"eval_count":3,"eval_duration":0,"thinking_chars":0,"thinking_detected":false,"outcome":"ok"}
{"event":"deep_research_model_call","step":"notes","think":false,"attempt":1,"wall_ms":0,"load_duration":0,"prompt_eval_count":0,"prompt_eval_duration":0,"eval_count":3,"eval_duration":0,"thinking_chars":0,"thinking_detected":false,"outcome":"ok"}
{"event":"deep_research_model_call","step":"queries","think":false,"attempt":1,"wall_ms":0,"load_duration":0,"prompt_eval_count":0,"prompt_eval_duration":0,"eval_count":3,"eval_duration":0,"thinking_chars":0,"thinking_detected":false,"outcome":"ok"}
{"event":"deep_research_model_call","step":"queries","think":false,"attempt":1,"wall_ms":0,"load_duration":0,"prompt_eval_count":0,"prompt_eval_duration":0,"eval_count":3,"eval_duration":0,"thinking_chars":0,"thinking_detected":false,"outcome":"ok"}
{"event":"deep_research_model_call","step":"queries","think":false,"attempt":1,"wall_ms":0,"load_duration":0,"prompt_eval_count":0,"prompt_eval_duration":0,"eval_count":3,"eval_duration":0,"thinking_chars":0,"thinking_detected":false,"outcome":"ok"}
{"event":"deep_research_model_call","step":"pages","think":false,"attempt":1,"wall_ms":0,"load_duration":0,"prompt_eval_count":0,"prompt_eval_duration":0,"eval_count":3,"eval_duration":0,"thinking_chars":0,"thinking_detected":false,"outcome":"ok"}
{"event":"deep_research_model_call","step":"notes","think":false,"attempt":1,"wall_ms":0,"load_duration":0,"prompt_eval_count":0,"prompt_eval_duration":0,"eval_count":3,"eval_duration":0,"thinking_chars":0,"thinking_detected":false,"outcome":"ok"}
{"event":"deep_research_model_call","step":"queries","think":false,"attempt":1,"wall_ms":0,"load_duration":0,"prompt_eval_count":0,"prompt_eval_duration":0,"eval_count":3,"eval_duration":0,"thinking_chars":0,"thinking_detected":false,"outcome":"ok"}
{"event":"deep_research_model_call","step":"queries","think":false,"attempt":1,"wall_ms":1,"load_duration":0,"prompt_eval_count":0,"prompt_eval_duration":0,"eval_count":3,"eval_duration":0,"thinking_chars":0,"thinking_detected":false,"outcome":"ok"}
{"event":"deep_research_model_call","step":"queries","think":false,"attempt":1,"wall_ms":0,"load_duration":0,"prompt_eval_count":0,"prompt_eval_duration":0,"eval_count":3,"eval_duration":0,"thinking_chars":0,"thinking_detected":false,"outcome":"ok"}
{"event":"deep_research_model_call","step":"pages","think":false,"attempt":1,"wall_ms":0,"load_duration":0,"prompt_eval_count":0,"prompt_eval_duration":0,"eval_count":3,"eval_duration":0,"thinking_chars":0,"thinking_detected":false,"outcome":"ok"}
{"event":"deep_research_model_call","step":"notes","think":false,"attempt":1,"wall_ms":0,"load_duration":0,"prompt_eval_count":0,"prompt_eval_duration":0,"eval_count":3,"eval_duration":0,"thinking_chars":0,"thinking_detected":false,"outcome":"ok"}
{"event":"deep_research_model_call","step":"notes","think":false,"attempt":1,"wall_ms":0,"load_duration":0,"prompt_eval_count":0,"prompt_eval_duration":0,"eval_count":3,"eval_duration":0,"thinking_chars":0,"thinking_detected":false,"outcome":"ok"}
{"event":"deep_research_model_call","step":"notes","think":false,"attempt":1,"wall_ms":0,"load_duration":0,"prompt_eval_count":0,"prompt_eval_duration":0,"eval_count":3,"eval_duration":0,"thinking_chars":0,"thinking_detected":false,"outcome":"ok"}
{"event":"deep_research_model_call","step":"notes","think":false,"attempt":1,"wall_ms":0,"load_duration":0,"prompt_eval_count":0,"prompt_eval_duration":0,"eval_count":3,"eval_duration":0,"thinking_chars":0,"thinking_detected":false,"outcome":"ok"}
{"event":"deep_research_model_call","step":"write","think":true,"attempt":1,"wall_ms":0,"load_duration":0,"prompt_eval_count":0,"prompt_eval_duration":0,"eval_count":3,"eval_duration":0,"thinking_chars":0,"thinking_detected":false,"outcome":"ok"}
{"event":"deep_research_run_end","notes_kept":4,"notes_dropped":0,"pages_read":6,"status":"complete","elapsed_ms":2}
{"event":"deep_research_model_call","step":"brief","think":false,"attempt":1,"wall_ms":0,"load_duration":0,"prompt_eval_count":0,"prompt_eval_duration":0,"eval_count":3,"eval_duration":0,"thinking_chars":0,"thinking_detected":false,"outcome":"ok"}
{"event":"deep_research_model_call","step":"plan","think":true,"attempt":1,"wall_ms":0,"load_duration":0,"prompt_eval_count":0,"prompt_eval_duration":0,"eval_count":3,"eval_duration":0,"thinking_chars":0,"thinking_detected":false,"outcome":"ok"}
{"event":"deep_research_model_call","step":"plan","think":false,"attempt":1,"wall_ms":0,"load_duration":0,"prompt_eval_count":0,"prompt_eval_duration":0,"eval_count":3,"eval_duration":0,"thinking_chars":0,"thinking_detected":false,"outcome":"ok"}
{"event":"deep_research_model_call","step":"queries","think":false,"attempt":1,"wall_ms":0,"load_duration":0,"prompt_eval_count":0,"prompt_eval_duration":0,"eval_count":3,"eval_duration":0,"thinking_chars":0,"thinking_detected":false,"outcome":"ok"}
{"event":"deep_research_model_call","step":"pages","think":false,"attempt":1,"wall_ms":0,"load_duration":0,"prompt_eval_count":0,"prompt_eval_duration":0,"eval_count":3,"eval_duration":0,"thinking_chars":0,"thinking_detected":false,"outcome":"ok"}

src/http/deepResearch.test.ts:
{"event":"deep_research_model_call","step":"brief","think":false,"attempt":1,"wall_ms":1,"load_duration":0,"prompt_eval_count":0,"prompt_eval_duration":0,"eval_count":3,"eval_duration":0,"thinking_chars":0,"thinking_detected":false,"outcome":"ok"}
{"event":"deep_research_model_call","step":"plan","think":true,"attempt":1,"wall_ms":0,"load_duration":0,"prompt_eval_count":0,"prompt_eval_duration":0,"eval_count":3,"eval_duration":0,"thinking_chars":0,"thinking_detected":false,"outcome":"ok"}
{"event":"deep_research_model_call","step":"plan","think":false,"attempt":1,"wall_ms":0,"load_duration":0,"prompt_eval_count":0,"prompt_eval_duration":0,"eval_count":3,"eval_duration":0,"thinking_chars":0,"thinking_detected":false,"outcome":"ok"}
{"event":"deep_research_model_call","step":"queries","think":false,"attempt":1,"wall_ms":0,"load_duration":0,"prompt_eval_count":0,"prompt_eval_duration":0,"eval_count":3,"eval_duration":0,"thinking_chars":0,"thinking_detected":false,"outcome":"ok"}
{"event":"deep_research_model_call","step":"pages","think":false,"attempt":1,"wall_ms":1,"load_duration":0,"prompt_eval_count":0,"prompt_eval_duration":0,"eval_count":3,"eval_duration":0,"thinking_chars":0,"thinking_detected":false,"outcome":"ok"}
{"event":"deep_research_model_call","step":"notes","think":false,"attempt":1,"wall_ms":0,"load_duration":0,"prompt_eval_count":0,"prompt_eval_duration":0,"eval_count":3,"eval_duration":0,"thinking_chars":0,"thinking_detected":false,"outcome":"ok"}
{"event":"deep_research_model_call","step":"queries","think":false,"attempt":1,"wall_ms":0,"load_duration":0,"prompt_eval_count":0,"prompt_eval_duration":0,"eval_count":3,"eval_duration":0,"thinking_chars":0,"thinking_detected":false,"outcome":"ok"}
{"event":"deep_research_model_call","step":"queries","think":false,"attempt":1,"wall_ms":0,"load_duration":0,"prompt_eval_count":0,"prompt_eval_duration":0,"eval_count":3,"eval_duration":0,"thinking_chars":0,"thinking_detected":false,"outcome":"ok"}
{"event":"deep_research_model_call","step":"queries","think":false,"attempt":1,"wall_ms":0,"load_duration":0,"prompt_eval_count":0,"prompt_eval_duration":0,"eval_count":3,"eval_duration":0,"thinking_chars":0,"thinking_detected":false,"outcome":"ok"}
{"event":"deep_research_model_call","step":"pages","think":false,"attempt":1,"wall_ms":0,"load_duration":0,"prompt_eval_count":0,"prompt_eval_duration":0,"eval_count":3,"eval_duration":0,"thinking_chars":0,"thinking_detected":false,"outcome":"ok"}
{"event":"deep_research_model_call","step":"notes","think":false,"attempt":1,"wall_ms":0,"load_duration":0,"prompt_eval_count":0,"prompt_eval_duration":0,"eval_count":3,"eval_duration":0,"thinking_chars":0,"thinking_detected":false,"outcome":"ok"}
{"event":"deep_research_model_call","step":"queries","think":false,"attempt":1,"wall_ms":0,"load_duration":0,"prompt_eval_count":0,"prompt_eval_duration":0,"eval_count":3,"eval_duration":0,"thinking_chars":0,"thinking_detected":false,"outcome":"ok"}
{"event":"deep_research_model_call","step":"queries","think":false,"attempt":1,"wall_ms":0,"load_duration":0,"prompt_eval_count":0,"prompt_eval_duration":0,"eval_count":3,"eval_duration":0,"thinking_chars":0,"thinking_detected":false,"outcome":"ok"}
{"event":"deep_research_model_call","step":"queries","think":false,"attempt":1,"wall_ms":0,"load_duration":0,"prompt_eval_count":0,"prompt_eval_duration":0,"eval_count":3,"eval_duration":0,"thinking_chars":0,"thinking_detected":false,"outcome":"ok"}
{"event":"deep_research_model_call","step":"pages","think":false,"attempt":1,"wall_ms":0,"load_duration":0,"prompt_eval_count":0,"prompt_eval_duration":0,"eval_count":3,"eval_duration":0,"thinking_chars":0,"thinking_detected":false,"outcome":"ok"}
{"event":"deep_research_model_call","step":"notes","think":false,"attempt":1,"wall_ms":0,"load_duration":0,"prompt_eval_count":0,"prompt_eval_duration":0,"eval_count":3,"eval_duration":0,"thinking_chars":0,"thinking_detected":false,"outcome":"ok"}
{"event":"deep_research_model_call","step":"notes","think":false,"attempt":1,"wall_ms":0,"load_duration":0,"prompt_eval_count":0,"prompt_eval_duration":0,"eval_count":3,"eval_duration":0,"thinking_chars":0,"thinking_detected":false,"outcome":"ok"}
{"event":"deep_research_model_call","step":"notes","think":false,"attempt":1,"wall_ms":1,"load_duration":0,"prompt_eval_count":0,"prompt_eval_duration":0,"eval_count":3,"eval_duration":0,"thinking_chars":0,"thinking_detected":false,"outcome":"ok"}
{"event":"deep_research_model_call","step":"notes","think":false,"attempt":1,"wall_ms":0,"load_duration":0,"prompt_eval_count":0,"prompt_eval_duration":0,"eval_count":3,"eval_duration":0,"thinking_chars":0,"thinking_detected":false,"outcome":"ok"}
{"event":"deep_research_model_call","step":"write","think":true,"attempt":1,"wall_ms":0,"load_duration":0,"prompt_eval_count":0,"prompt_eval_duration":0,"eval_count":3,"eval_duration":0,"thinking_chars":0,"thinking_detected":false,"outcome":"ok"}
{"event":"deep_research_run_end","notes_kept":4,"notes_dropped":0,"pages_read":6,"status":"complete","elapsed_ms":4}
{"event":"deep_research_model_call","step":"brief","think":false,"attempt":1,"wall_ms":1,"load_duration":0,"prompt_eval_count":0,"prompt_eval_duration":0,"eval_count":3,"eval_duration":0,"thinking_chars":0,"thinking_detected":false,"outcome":"ok"}
{"event":"deep_research_model_call","step":"plan","think":true,"attempt":1,"wall_ms":0,"load_duration":0,"prompt_eval_count":0,"prompt_eval_duration":0,"eval_count":3,"eval_duration":0,"thinking_chars":0,"thinking_detected":false,"outcome":"ok"}
{"event":"deep_research_model_call","step":"plan","think":false,"attempt":1,"wall_ms":0,"load_duration":0,"prompt_eval_count":0,"prompt_eval_duration":0,"eval_count":3,"eval_duration":0,"thinking_chars":0,"thinking_detected":false,"outcome":"ok"}
{"event":"deep_research_model_call","step":"queries","think":false,"attempt":1,"wall_ms":0,"load_duration":0,"prompt_eval_count":0,"prompt_eval_duration":0,"eval_count":3,"eval_duration":0,"thinking_chars":0,"thinking_detected":false,"outcome":"ok"}
{"event":"deep_research_model_call","step":"pages","think":false,"attempt":1,"wall_ms":0,"load_duration":0,"prompt_eval_count":0,"prompt_eval_duration":0,"eval_count":3,"eval_duration":0,"thinking_chars":0,"thinking_detected":false,"outcome":"ok"}
{"event":"deep_research_model_call","step":"notes","think":false,"attempt":1,"wall_ms":0,"load_duration":0,"prompt_eval_count":0,"prompt_eval_duration":0,"eval_count":3,"eval_duration":0,"thinking_chars":0,"thinking_detected":false,"outcome":"ok"}
{"event":"deep_research_model_call","step":"queries","think":false,"attempt":1,"wall_ms":0,"load_duration":0,"prompt_eval_count":0,"prompt_eval_duration":0,"eval_count":3,"eval_duration":0,"thinking_chars":0,"thinking_detected":false,"outcome":"ok"}
{"event":"deep_research_model_call","step":"queries","think":false,"attempt":1,"wall_ms":0,"load_duration":0,"prompt_eval_count":0,"prompt_eval_duration":0,"eval_count":3,"eval_duration":0,"thinking_chars":0,"thinking_detected":false,"outcome":"ok"}
{"event":"deep_research_model_call","step":"queries","think":false,"attempt":1,"wall_ms":0,"load_duration":0,"prompt_eval_count":0,"prompt_eval_duration":0,"eval_count":3,"eval_duration":0,"thinking_chars":0,"thinking_detected":false,"outcome":"ok"}
{"event":"deep_research_model_call","step":"write","think":true,"attempt":1,"wall_ms":0,"load_duration":0,"prompt_eval_count":0,"prompt_eval_duration":0,"eval_count":3,"eval_duration":0,"thinking_chars":0,"thinking_detected":false,"outcome":"ok"}
{"event":"deep_research_run_end","notes_kept":1,"notes_dropped":0,"pages_read":2,"status":"partial","elapsed_ms":707}
{"event":"deep_research_model_call","step":"brief","think":false,"attempt":1,"wall_ms":0,"load_duration":0,"prompt_eval_count":0,"prompt_eval_duration":0,"eval_count":3,"eval_duration":0,"thinking_chars":0,"thinking_detected":false,"outcome":"ok"}
{"event":"deep_research_model_call","step":"plan","think":true,"attempt":1,"wall_ms":0,"load_duration":0,"prompt_eval_count":0,"prompt_eval_duration":0,"eval_count":3,"eval_duration":0,"thinking_chars":0,"thinking_detected":false,"outcome":"ok"}
{"event":"deep_research_model_call","step":"plan","think":false,"attempt":1,"wall_ms":0,"load_duration":0,"prompt_eval_count":0,"prompt_eval_duration":0,"eval_count":3,"eval_duration":0,"thinking_chars":0,"thinking_detected":false,"outcome":"ok"}
{"event":"deep_research_model_call","step":"queries","think":false,"attempt":1,"wall_ms":0,"load_duration":0,"prompt_eval_count":0,"prompt_eval_duration":0,"eval_count":3,"eval_duration":0,"thinking_chars":0,"thinking_detected":false,"outcome":"ok"}
{"event":"deep_research_model_call","step":"queries","think":false,"attempt":1,"wall_ms":0,"load_duration":0,"prompt_eval_count":0,"prompt_eval_duration":0,"eval_count":3,"eval_duration":0,"thinking_chars":0,"thinking_detected":false,"outcome":"ok"}
{"event":"deep_research_model_call","step":"queries","think":false,"attempt":1,"wall_ms":0,"load_duration":0,"prompt_eval_count":0,"prompt_eval_duration":0,"eval_count":3,"eval_duration":0,"thinking_chars":0,"thinking_detected":false,"outcome":"ok"}
{"event":"deep_research_model_call","step":"queries","think":false,"attempt":1,"wall_ms":0,"load_duration":0,"prompt_eval_count":0,"prompt_eval_duration":0,"eval_count":3,"eval_duration":0,"thinking_chars":0,"thinking_detected":false,"outcome":"ok"}
{"event":"deep_research_model_call","step":"queries","think":false,"attempt":1,"wall_ms":0,"load_duration":0,"prompt_eval_count":0,"prompt_eval_duration":0,"eval_count":3,"eval_duration":0,"thinking_chars":0,"thinking_detected":false,"outcome":"ok"}
{"event":"deep_research_model_call","step":"queries","think":false,"attempt":1,"wall_ms":0,"load_duration":0,"prompt_eval_count":0,"prompt_eval_duration":0,"eval_count":3,"eval_duration":0,"thinking_chars":0,"thinking_detected":false,"outcome":"ok"}
{"event":"deep_research_model_call","step":"queries","think":false,"attempt":1,"wall_ms":0,"load_duration":0,"prompt_eval_count":0,"prompt_eval_duration":0,"eval_count":3,"eval_duration":0,"thinking_chars":0,"thinking_detected":false,"outcome":"ok"}
{"event":"deep_research_model_call","step":"gap","think":false,"attempt":1,"wall_ms":0,"load_duration":0,"prompt_eval_count":0,"prompt_eval_duration":0,"eval_count":3,"eval_duration":0,"thinking_chars":0,"thinking_detected":false,"outcome":"ok"}
{"event":"deep_research_model_call","step":"gap","think":false,"attempt":1,"wall_ms":0,"load_duration":0,"prompt_eval_count":0,"prompt_eval_duration":0,"eval_count":3,"eval_duration":0,"thinking_chars":0,"thinking_detected":false,"outcome":"ok"}
{"event":"deep_research_run_end","notes_kept":0,"notes_dropped":0,"pages_read":0,"status":"failed","elapsed_ms":1}
{"event":"deep_research_model_call","step":"brief","think":false,"attempt":1,"wall_ms":1,"load_duration":0,"prompt_eval_count":0,"prompt_eval_duration":0,"eval_count":3,"eval_duration":0,"thinking_chars":0,"thinking_detected":false,"outcome":"ok"}
{"event":"deep_research_model_call","step":"plan","think":true,"attempt":1,"wall_ms":0,"load_duration":0,"prompt_eval_count":0,"prompt_eval_duration":0,"eval_count":3,"eval_duration":0,"thinking_chars":0,"thinking_detected":false,"outcome":"ok"}
{"event":"deep_research_model_call","step":"plan","think":false,"attempt":1,"wall_ms":0,"load_duration":0,"prompt_eval_count":0,"prompt_eval_duration":0,"eval_count":3,"eval_duration":0,"thinking_chars":0,"thinking_detected":false,"outcome":"ok"}
{"event":"deep_research_model_call","step":"queries","think":false,"attempt":1,"wall_ms":0,"load_duration":0,"prompt_eval_count":0,"prompt_eval_duration":0,"eval_count":3,"eval_duration":0,"thinking_chars":0,"thinking_detected":false,"outcome":"ok"}
{"event":"deep_research_run_end","notes_kept":0,"notes_dropped":0,"pages_read":0,"status":"failed","elapsed_ms":615}
{"event":"deep_research_model_call","step":"brief","think":false,"attempt":1,"wall_ms":0,"load_duration":0,"prompt_eval_count":0,"prompt_eval_duration":0,"eval_count":3,"eval_duration":0,"thinking_chars":0,"thinking_detected":false,"outcome":"ok"}
{"event":"deep_research_model_call","step":"plan","think":true,"attempt":1,"wall_ms":0,"load_duration":0,"prompt_eval_count":0,"prompt_eval_duration":0,"eval_count":3,"eval_duration":0,"thinking_chars":0,"thinking_detected":false,"outcome":"ok"}
{"event":"deep_research_model_call","step":"plan","think":false,"attempt":1,"wall_ms":0,"load_duration":0,"prompt_eval_count":0,"prompt_eval_duration":0,"eval_count":3,"eval_duration":0,"thinking_chars":0,"thinking_detected":false,"outcome":"ok"}
{"event":"deep_research_model_call","step":"queries","think":false,"attempt":1,"wall_ms":0,"load_duration":0,"prompt_eval_count":0,"prompt_eval_duration":0,"eval_count":3,"eval_duration":0,"thinking_chars":0,"thinking_detected":false,"outcome":"ok"}
{"event":"deep_research_model_call","step":"pages","think":false,"attempt":1,"wall_ms":0,"load_duration":0,"prompt_eval_count":0,"prompt_eval_duration":0,"eval_count":3,"eval_duration":0,"thinking_chars":0,"thinking_detected":false,"outcome":"ok"}
{"event":"deep_research_model_call","step":"notes","think":false,"attempt":1,"wall_ms":0,"load_duration":0,"prompt_eval_count":0,"prompt_eval_duration":0,"eval_count":3,"eval_duration":0,"thinking_chars":0,"thinking_detected":false,"outcome":"ok"}
{"event":"deep_research_model_call","step":"queries","think":false,"attempt":1,"wall_ms":0,"load_duration":0,"prompt_eval_count":0,"prompt_eval_duration":0,"eval_count":3,"eval_duration":0,"thinking_chars":0,"thinking_detected":false,"outcome":"ok"}
{"event":"deep_research_model_call","step":"queries","think":false,"attempt":1,"wall_ms":0,"load_duration":0,"prompt_eval_count":0,"prompt_eval_duration":0,"eval_count":3,"eval_duration":0,"thinking_chars":0,"thinking_detected":false,"outcome":"ok"}
{"event":"deep_research_model_call","step":"queries","think":false,"attempt":1,"wall_ms":0,"load_duration":0,"prompt_eval_count":0,"prompt_eval_duration":0,"eval_count":3,"eval_duration":0,"thinking_chars":0,"thinking_detected":false,"outcome":"ok"}
{"event":"deep_research_model_call","step":"pages","think":false,"attempt":1,"wall_ms":0,"load_duration":0,"prompt_eval_count":0,"prompt_eval_duration":0,"eval_count":3,"eval_duration":0,"thinking_chars":0,"thinking_detected":false,"outcome":"ok"}
{"event":"deep_research_model_call","step":"write","think":true,"attempt":1,"wall_ms":0,"load_duration":0,"prompt_eval_count":0,"prompt_eval_duration":0,"eval_count":3,"eval_duration":0,"thinking_chars":0,"thinking_detected":false,"outcome":"ok"}
{"event":"deep_research_run_end","notes_kept":1,"notes_dropped":0,"pages_read":1,"status":"partial","elapsed_ms":606}
{"event":"deep_research_model_call","step":"brief","think":false,"attempt":1,"wall_ms":602,"load_duration":null,"prompt_eval_count":null,"prompt_eval_duration":null,"eval_count":null,"eval_duration":null,"thinking_chars":0,"thinking_detected":false,"outcome":"aborted"}
{"event":"deep_research_model_call","step":"write","think":true,"attempt":1,"wall_ms":1,"load_duration":0,"prompt_eval_count":0,"prompt_eval_duration":0,"eval_count":3,"eval_duration":0,"thinking_chars":0,"thinking_detected":false,"outcome":"ok"}
{"event":"deep_research_run_end","notes_kept":0,"notes_dropped":0,"pages_read":0,"status":"partial","elapsed_ms":604}
{"event":"deep_research_model_call","step":"brief","think":false,"attempt":1,"wall_ms":0,"load_duration":0,"prompt_eval_count":0,"prompt_eval_duration":0,"eval_count":3,"eval_duration":0,"thinking_chars":0,"thinking_detected":false,"outcome":"ok"}
{"event":"deep_research_model_call","step":"plan","think":true,"attempt":1,"wall_ms":0,"load_duration":0,"prompt_eval_count":0,"prompt_eval_duration":0,"eval_count":3,"eval_duration":0,"thinking_chars":0,"thinking_detected":false,"outcome":"ok"}
{"event":"deep_research_model_call","step":"plan","think":false,"attempt":1,"wall_ms":0,"load_duration":0,"prompt_eval_count":0,"prompt_eval_duration":0,"eval_count":3,"eval_duration":0,"thinking_chars":0,"thinking_detected":false,"outcome":"ok"}
{"event":"deep_research_model_call","step":"queries","think":false,"attempt":1,"wall_ms":1,"load_duration":0,"prompt_eval_count":0,"prompt_eval_duration":0,"eval_count":3,"eval_duration":0,"thinking_chars":0,"thinking_detected":false,"outcome":"ok"}
{"event":"deep_research_model_call","step":"pages","think":false,"attempt":1,"wall_ms":0,"load_duration":0,"prompt_eval_count":0,"prompt_eval_duration":0,"eval_count":3,"eval_duration":0,"thinking_chars":0,"thinking_detected":false,"outcome":"ok"}
{"event":"deep_research_model_call","step":"notes","think":false,"attempt":1,"wall_ms":0,"load_duration":0,"prompt_eval_count":0,"prompt_eval_duration":0,"eval_count":3,"eval_duration":0,"thinking_chars":0,"thinking_detected":false,"outcome":"ok"}
{"event":"deep_research_model_call","step":"queries","think":false,"attempt":1,"wall_ms":0,"load_duration":0,"prompt_eval_count":0,"prompt_eval_duration":0,"eval_count":3,"eval_duration":0,"thinking_chars":0,"thinking_detected":false,"outcome":"ok"}
{"event":"deep_research_model_call","step":"queries","think":false,"attempt":1,"wall_ms":0,"load_duration":0,"prompt_eval_count":0,"prompt_eval_duration":0,"eval_count":3,"eval_duration":0,"thinking_chars":0,"thinking_detected":false,"outcome":"ok"}
{"event":"deep_research_model_call","step":"queries","think":false,"attempt":1,"wall_ms":1,"load_duration":0,"prompt_eval_count":0,"prompt_eval_duration":0,"eval_count":3,"eval_duration":0,"thinking_chars":0,"thinking_detected":false,"outcome":"ok"}
{"event":"deep_research_model_call","step":"pages","think":false,"attempt":1,"wall_ms":0,"load_duration":0,"prompt_eval_count":0,"prompt_eval_duration":0,"eval_count":3,"eval_duration":0,"thinking_chars":0,"thinking_detected":false,"outcome":"ok"}
{"event":"deep_research_model_call","step":"notes","think":false,"attempt":1,"wall_ms":0,"load_duration":0,"prompt_eval_count":0,"prompt_eval_duration":0,"eval_count":3,"eval_duration":0,"thinking_chars":0,"thinking_detected":false,"outcome":"ok"}
{"event":"deep_research_model_call","step":"queries","think":false,"attempt":1,"wall_ms":0,"load_duration":0,"prompt_eval_count":0,"prompt_eval_duration":0,"eval_count":3,"eval_duration":0,"thinking_chars":0,"thinking_detected":false,"outcome":"ok"}
{"event":"deep_research_model_call","step":"queries","think":false,"attempt":1,"wall_ms":0,"load_duration":0,"prompt_eval_count":0,"prompt_eval_duration":0,"eval_count":3,"eval_duration":0,"thinking_chars":0,"thinking_detected":false,"outcome":"ok"}
{"event":"deep_research_model_call","step":"queries","think":false,"attempt":1,"wall_ms":0,"load_duration":0,"prompt_eval_count":0,"prompt_eval_duration":0,"eval_count":3,"eval_duration":0,"thinking_chars":0,"thinking_detected":false,"outcome":"ok"}
{"event":"deep_research_model_call","step":"pages","think":false,"attempt":1,"wall_ms":0,"load_duration":0,"prompt_eval_count":0,"prompt_eval_duration":0,"eval_count":3,"eval_duration":0,"thinking_chars":0,"thinking_detected":false,"outcome":"ok"}
{"event":"deep_research_model_call","step":"notes","think":false,"attempt":1,"wall_ms":1,"load_duration":0,"prompt_eval_count":0,"prompt_eval_duration":0,"eval_count":3,"eval_duration":0,"thinking_chars":0,"thinking_detected":false,"outcome":"ok"}
{"event":"deep_research_model_call","step":"notes","think":false,"attempt":1,"wall_ms":0,"load_duration":0,"prompt_eval_count":0,"prompt_eval_duration":0,"eval_count":3,"eval_duration":0,"thinking_chars":0,"thinking_detected":false,"outcome":"ok"}
{"event":"deep_research_model_call","step":"notes","think":false,"attempt":1,"wall_ms":0,"load_duration":0,"prompt_eval_count":0,"prompt_eval_duration":0,"eval_count":3,"eval_duration":0,"thinking_chars":0,"thinking_detected":false,"outcome":"ok"}
{"event":"deep_research_model_call","step":"notes","think":false,"attempt":1,"wall_ms":0,"load_duration":0,"prompt_eval_count":0,"prompt_eval_duration":0,"eval_count":3,"eval_duration":0,"thinking_chars":0,"thinking_detected":false,"outcome":"ok"}
{"event":"deep_research_model_call","step":"write","think":true,"attempt":1,"wall_ms":799,"load_duration":null,"prompt_eval_count":null,"prompt_eval_duration":null,"eval_count":null,"eval_duration":null,"thinking_chars":0,"thinking_detected":false,"outcome":"aborted"}
{"event":"deep_research_run_end","notes_kept":4,"notes_dropped":0,"pages_read":6,"status":"partial","elapsed_ms":803}
{"event":"deep_research_model_call","step":"brief","think":false,"attempt":1,"wall_ms":0,"load_duration":0,"prompt_eval_count":0,"prompt_eval_duration":0,"eval_count":3,"eval_duration":0,"thinking_chars":0,"thinking_detected":false,"outcome":"ok"}
{"event":"deep_research_model_call","step":"plan","think":true,"attempt":1,"wall_ms":0,"load_duration":0,"prompt_eval_count":0,"prompt_eval_duration":0,"eval_count":3,"eval_duration":0,"thinking_chars":0,"thinking_detected":false,"outcome":"ok"}
{"event":"deep_research_model_call","step":"plan","think":false,"attempt":1,"wall_ms":0,"load_duration":0,"prompt_eval_count":0,"prompt_eval_duration":0,"eval_count":3,"eval_duration":0,"thinking_chars":0,"thinking_detected":false,"outcome":"ok"}
{"event":"deep_research_model_call","step":"queries","think":false,"attempt":1,"wall_ms":0,"load_duration":0,"prompt_eval_count":0,"prompt_eval_duration":0,"eval_count":3,"eval_duration":0,"thinking_chars":0,"thinking_detected":false,"outcome":"ok"}

src/http/deepResearchUnreadable.test.ts:
{"event":"deep_research_model_call","step":"brief","think":false,"attempt":1,"wall_ms":0,"load_duration":0,"prompt_eval_count":0,"prompt_eval_duration":0,"eval_count":0,"eval_duration":0,"thinking_chars":0,"thinking_detected":false,"outcome":"ok"}
{"event":"deep_research_model_call","step":"plan","think":true,"attempt":1,"wall_ms":0,"load_duration":0,"prompt_eval_count":0,"prompt_eval_duration":0,"eval_count":0,"eval_duration":0,"thinking_chars":0,"thinking_detected":false,"outcome":"ok"}
{"event":"deep_research_model_call","step":"queries","think":false,"attempt":1,"wall_ms":0,"load_duration":0,"prompt_eval_count":0,"prompt_eval_duration":0,"eval_count":0,"eval_duration":0,"thinking_chars":0,"thinking_detected":false,"outcome":"ok"}
{"event":"deep_research_model_call","step":"pages","think":false,"attempt":1,"wall_ms":0,"load_duration":0,"prompt_eval_count":0,"prompt_eval_duration":0,"eval_count":0,"eval_duration":0,"thinking_chars":0,"thinking_detected":false,"outcome":"ok"}
{"event":"deep_research_page_skipped","url":"https://www.scribd.com/doc/1","reason":"blocked","detail":"Page appears to be a bot challenge or access verification"}
{"event":"deep_research_page_skipped","url":"https://thin.example/p","reason":"empty","detail":"Page has only 9 words (minimum 40)"}
{"event":"deep_research_model_call","step":"notes","think":false,"attempt":1,"wall_ms":0,"load_duration":0,"prompt_eval_count":0,"prompt_eval_duration":0,"eval_count":0,"eval_duration":0,"thinking_chars":0,"thinking_detected":false,"outcome":"ok"}
{"event":"deep_research_model_call","step":"notes","think":false,"attempt":1,"wall_ms":0,"load_duration":0,"prompt_eval_count":0,"prompt_eval_duration":0,"eval_count":0,"eval_duration":0,"thinking_chars":0,"thinking_detected":false,"outcome":"ok"}
{"event":"deep_research_model_call","step":"write","think":true,"attempt":1,"wall_ms":0,"load_duration":0,"prompt_eval_count":0,"prompt_eval_duration":0,"eval_count":0,"eval_duration":0,"thinking_chars":0,"thinking_detected":false,"outcome":"ok"}
{"event":"deep_research_run_end","notes_kept":2,"notes_dropped":0,"pages_read":2,"status":"complete","elapsed_ms":65}
{"event":"deep_research_model_call","step":"brief","think":false,"attempt":1,"wall_ms":0,"load_duration":0,"prompt_eval_count":0,"prompt_eval_duration":0,"eval_count":0,"eval_duration":0,"thinking_chars":0,"thinking_detected":false,"outcome":"ok"}
{"event":"deep_research_model_call","step":"plan","think":true,"attempt":1,"wall_ms":0,"load_duration":0,"prompt_eval_count":0,"prompt_eval_duration":0,"eval_count":0,"eval_duration":0,"thinking_chars":0,"thinking_detected":false,"outcome":"ok"}
{"event":"deep_research_model_call","step":"queries","think":false,"attempt":1,"wall_ms":0,"load_duration":0,"prompt_eval_count":0,"prompt_eval_duration":0,"eval_count":0,"eval_duration":0,"thinking_chars":0,"thinking_detected":false,"outcome":"ok"}
{"event":"deep_research_model_call","step":"pages","think":false,"attempt":1,"wall_ms":0,"load_duration":0,"prompt_eval_count":0,"prompt_eval_duration":0,"eval_count":0,"eval_duration":0,"thinking_chars":0,"thinking_detected":false,"outcome":"ok"}
{"event":"deep_research_page_skipped","url":"https://a.example/blocked","reason":"blocked","detail":"Page appears to be a bot challenge or access verification"}
{"event":"deep_research_model_call","step":"notes","think":false,"attempt":1,"wall_ms":0,"load_duration":0,"prompt_eval_count":0,"prompt_eval_duration":0,"eval_count":0,"eval_duration":0,"thinking_chars":0,"thinking_detected":false,"outcome":"ok"}
{"event":"deep_research_page_skipped","url":"https://c.example/blocked","reason":"blocked","detail":"Page appears to be a bot challenge or access verification"}
{"event":"deep_research_model_call","step":"notes","think":false,"attempt":1,"wall_ms":0,"load_duration":0,"prompt_eval_count":0,"prompt_eval_duration":0,"eval_count":0,"eval_duration":0,"thinking_chars":0,"thinking_detected":false,"outcome":"ok"}
{"event":"deep_research_model_call","step":"write","think":true,"attempt":1,"wall_ms":0,"load_duration":0,"prompt_eval_count":0,"prompt_eval_duration":0,"eval_count":0,"eval_duration":0,"thinking_chars":0,"thinking_detected":false,"outcome":"ok"}
{"event":"deep_research_run_end","notes_kept":2,"notes_dropped":0,"pages_read":2,"status":"complete","elapsed_ms":2}
{"event":"deep_research_model_call","step":"brief","think":false,"attempt":1,"wall_ms":0,"load_duration":0,"prompt_eval_count":0,"prompt_eval_duration":0,"eval_count":0,"eval_duration":0,"thinking_chars":0,"thinking_detected":false,"outcome":"ok"}
{"event":"deep_research_model_call","step":"plan","think":true,"attempt":1,"wall_ms":0,"load_duration":0,"prompt_eval_count":0,"prompt_eval_duration":0,"eval_count":0,"eval_duration":0,"thinking_chars":0,"thinking_detected":false,"outcome":"ok"}
{"event":"deep_research_model_call","step":"queries","think":false,"attempt":1,"wall_ms":0,"load_duration":0,"prompt_eval_count":0,"prompt_eval_duration":0,"eval_count":0,"eval_duration":0,"thinking_chars":0,"thinking_detected":false,"outcome":"ok"}
{"event":"deep_research_model_call","step":"pages","think":false,"attempt":1,"wall_ms":0,"load_duration":0,"prompt_eval_count":0,"prompt_eval_duration":0,"eval_count":0,"eval_duration":0,"thinking_chars":0,"thinking_detected":false,"outcome":"ok"}
{"event":"deep_research_page_skipped","url":"https://a.example/blocked","reason":"blocked","detail":"Page appears to be a bot challenge or access verification"}
{"event":"deep_research_model_call","step":"notes","think":false,"attempt":1,"wall_ms":0,"load_duration":0,"prompt_eval_count":0,"prompt_eval_duration":0,"eval_count":0,"eval_duration":0,"thinking_chars":0,"thinking_detected":false,"outcome":"ok"}
{"event":"deep_research_page_skipped","url":"https://c.example/thin","reason":"empty","detail":"Page has only 9 words (minimum 40)"}
{"event":"deep_research_model_call","step":"write","think":true,"attempt":1,"wall_ms":0,"load_duration":0,"prompt_eval_count":0,"prompt_eval_duration":0,"eval_count":0,"eval_duration":0,"thinking_chars":0,"thinking_detected":false,"outcome":"ok"}
{"event":"deep_research_run_end","notes_kept":1,"notes_dropped":0,"pages_read":1,"status":"complete","elapsed_ms":2}
{"event":"deep_research_model_call","step":"brief","think":false,"attempt":1,"wall_ms":0,"load_duration":0,"prompt_eval_count":0,"prompt_eval_duration":0,"eval_count":0,"eval_duration":0,"thinking_chars":0,"thinking_detected":false,"outcome":"ok"}
{"event":"deep_research_model_call","step":"plan","think":true,"attempt":1,"wall_ms":0,"load_duration":0,"prompt_eval_count":0,"prompt_eval_duration":0,"eval_count":0,"eval_duration":0,"thinking_chars":0,"thinking_detected":false,"outcome":"ok"}
{"event":"deep_research_model_call","step":"queries","think":false,"attempt":1,"wall_ms":0,"load_duration":0,"prompt_eval_count":0,"prompt_eval_duration":0,"eval_count":0,"eval_duration":0,"thinking_chars":0,"thinking_detected":false,"outcome":"ok"}
{"event":"deep_research_model_call","step":"pages","think":false,"attempt":1,"wall_ms":0,"load_duration":0,"prompt_eval_count":0,"prompt_eval_duration":0,"eval_count":0,"eval_duration":0,"thinking_chars":0,"thinking_detected":false,"outcome":"ok"}
{"event":"deep_research_page_skipped","url":"https://a.example/blocked","reason":"blocked","detail":"Page appears to be a bot challenge or access verification"}
{"event":"deep_research_run_end","notes_kept":0,"notes_dropped":0,"pages_read":0,"status":"failed","elapsed_ms":1201}
{"event":"deep_research_model_call","step":"brief","think":false,"attempt":1,"wall_ms":0,"load_duration":0,"prompt_eval_count":0,"prompt_eval_duration":0,"eval_count":0,"eval_duration":0,"thinking_chars":0,"thinking_detected":false,"outcome":"ok"}
{"event":"deep_research_model_call","step":"plan","think":true,"attempt":1,"wall_ms":0,"load_duration":0,"prompt_eval_count":0,"prompt_eval_duration":0,"eval_count":0,"eval_duration":0,"thinking_chars":0,"thinking_detected":false,"outcome":"ok"}
{"event":"deep_research_model_call","step":"queries","think":false,"attempt":1,"wall_ms":0,"load_duration":0,"prompt_eval_count":0,"prompt_eval_duration":0,"eval_count":0,"eval_duration":0,"thinking_chars":0,"thinking_detected":false,"outcome":"ok"}
{"event":"deep_research_model_call","step":"pages","think":false,"attempt":1,"wall_ms":0,"load_duration":0,"prompt_eval_count":0,"prompt_eval_duration":0,"eval_count":0,"eval_duration":0,"thinking_chars":0,"thinking_detected":false,"outcome":"ok"}
{"event":"deep_research_page_skipped","url":"https://a.example/blocked","reason":"blocked","detail":"Page appears to be a bot challenge or access verification"}
{"event":"deep_research_page_skipped","url":"https://b.example/thin","reason":"empty","detail":"Page has only 9 words (minimum 40)"}
{"event":"deep_research_page_skipped","url":"https://c.example/blocked","reason":"blocked","detail":"Page appears to be a bot challenge or access verification"}
{"event":"deep_research_run_end","notes_kept":0,"notes_dropped":0,"pages_read":0,"status":"failed","elapsed_ms":1}
{"event":"deep_research_model_call","step":"brief","think":false,"attempt":1,"wall_ms":1,"load_duration":0,"prompt_eval_count":0,"prompt_eval_duration":0,"eval_count":0,"eval_duration":0,"thinking_chars":0,"thinking_detected":false,"outcome":"ok"}
{"event":"deep_research_model_call","step":"plan","think":true,"attempt":1,"wall_ms":0,"load_duration":0,"prompt_eval_count":0,"prompt_eval_duration":0,"eval_count":0,"eval_duration":0,"thinking_chars":0,"thinking_detected":false,"outcome":"ok"}
{"event":"deep_research_model_call","step":"queries","think":false,"attempt":1,"wall_ms":0,"load_duration":0,"prompt_eval_count":0,"prompt_eval_duration":0,"eval_count":0,"eval_duration":0,"thinking_chars":0,"thinking_detected":false,"outcome":"ok"}
{"event":"deep_research_model_call","step":"pages","think":false,"attempt":1,"wall_ms":0,"load_duration":0,"prompt_eval_count":0,"prompt_eval_duration":0,"eval_count":0,"eval_duration":0,"thinking_chars":0,"thinking_detected":false,"outcome":"ok"}
{"event":"deep_research_page_skipped","url":"https://site.example/challenge","reason":"blocked","detail":"Page appears to be a bot challenge or access verification"}
{"event":"deep_research_model_call","step":"notes","think":false,"attempt":1,"wall_ms":0,"load_duration":0,"prompt_eval_count":0,"prompt_eval_duration":0,"eval_count":0,"eval_duration":0,"thinking_chars":0,"thinking_detected":false,"outcome":"ok"}
{"event":"deep_research_model_call","step":"write","think":true,"attempt":1,"wall_ms":0,"load_duration":0,"prompt_eval_count":0,"prompt_eval_duration":0,"eval_count":0,"eval_duration":0,"thinking_chars":0,"thinking_detected":false,"outcome":"ok"}
{"event":"deep_research_run_end","notes_kept":1,"notes_dropped":0,"pages_read":1,"status":"complete","elapsed_ms":2}

src/http/deepResearchModelCalls.test.ts:
{"event":"deep_research_run_end","notes_kept":6,"notes_dropped":0,"pages_read":6,"status":"complete","elapsed_ms":1}
{"event":"deep_research_run_end","notes_kept":6,"notes_dropped":0,"pages_read":6,"status":"complete","elapsed_ms":1}
{"event":"deep_research_run_end","notes_kept":6,"notes_dropped":0,"pages_read":6,"status":"complete","elapsed_ms":1}
{"event":"deep_research_run_end","notes_kept":6,"notes_dropped":0,"pages_read":6,"status":"complete","elapsed_ms":1}
{"event":"deep_research_run_end","notes_kept":6,"notes_dropped":0,"pages_read":6,"status":"complete","elapsed_ms":1}
{"event":"deep_research_run_end","notes_kept":6,"notes_dropped":0,"pages_read":6,"status":"complete","elapsed_ms":1}
{"event":"deep_research_run_end","notes_kept":6,"notes_dropped":0,"pages_read":6,"status":"complete","elapsed_ms":1}
{"event":"deep_research_run_end","notes_kept":6,"notes_dropped":0,"pages_read":6,"status":"complete","elapsed_ms":103}
{"event":"deep_research_run_end","notes_kept":6,"notes_dropped":0,"pages_read":6,"status":"complete","elapsed_ms":378}
{"event":"deep_research_run_end","notes_kept":6,"notes_dropped":0,"pages_read":6,"status":"complete","elapsed_ms":108}
{"event":"deep_research_run_end","notes_kept":6,"notes_dropped":0,"pages_read":6,"status":"complete","elapsed_ms":103}
{"event":"deep_research_run_end","notes_kept":6,"notes_dropped":0,"pages_read":6,"status":"partial","elapsed_ms":104}
{"event":"deep_research_run_end","notes_kept":6,"notes_dropped":0,"pages_read":6,"status":"complete","elapsed_ms":172}
{"event":"deep_research_run_end","notes_kept":4,"notes_dropped":0,"pages_read":6,"status":"complete","elapsed_ms":104}

src/http/deepResearchPartialNotes.test.ts:
{"event":"deep_research_model_call","step":"brief","think":false,"attempt":1,"wall_ms":0,"load_duration":0,"prompt_eval_count":0,"prompt_eval_duration":0,"eval_count":3,"eval_duration":0,"thinking_chars":0,"thinking_detected":false,"outcome":"ok"}
{"event":"deep_research_model_call","step":"plan","think":true,"attempt":1,"wall_ms":0,"load_duration":0,"prompt_eval_count":0,"prompt_eval_duration":0,"eval_count":3,"eval_duration":0,"thinking_chars":0,"thinking_detected":false,"outcome":"ok"}
{"event":"deep_research_model_call","step":"plan","think":false,"attempt":1,"wall_ms":0,"load_duration":0,"prompt_eval_count":0,"prompt_eval_duration":0,"eval_count":3,"eval_duration":0,"thinking_chars":0,"thinking_detected":false,"outcome":"ok"}
{"event":"deep_research_model_call","step":"queries","think":false,"attempt":1,"wall_ms":0,"load_duration":0,"prompt_eval_count":0,"prompt_eval_duration":0,"eval_count":3,"eval_duration":0,"thinking_chars":0,"thinking_detected":false,"outcome":"ok"}
{"event":"deep_research_model_call","step":"pages","think":false,"attempt":1,"wall_ms":0,"load_duration":0,"prompt_eval_count":0,"prompt_eval_duration":0,"eval_count":3,"eval_duration":0,"thinking_chars":0,"thinking_detected":false,"outcome":"ok"}
{"event":"deep_research_model_call","step":"notes","think":false,"attempt":1,"wall_ms":600,"load_duration":null,"prompt_eval_count":null,"prompt_eval_duration":null,"eval_count":null,"eval_duration":null,"thinking_chars":0,"thinking_detected":false,"outcome":"aborted"}
{"event":"deep_research_note_dropped","run":"d50ec215-0f64-454a-ae41-868a227a0424","n":1,"reason":"quote_not_found","quote":"Cats fly at night"}
{"event":"deep_research_model_call","step":"write","think":true,"attempt":1,"wall_ms":1,"load_duration":0,"prompt_eval_count":0,"prompt_eval_duration":0,"eval_count":3,"eval_duration":0,"thinking_chars":0,"thinking_detected":false,"outcome":"ok"}
{"event":"deep_research_run_end","notes_kept":1,"notes_dropped":1,"pages_read":1,"status":"partial","elapsed_ms":604}
{"event":"deep_research_model_call","step":"brief","think":false,"attempt":1,"wall_ms":0,"load_duration":0,"prompt_eval_count":0,"prompt_eval_duration":0,"eval_count":3,"eval_duration":0,"thinking_chars":0,"thinking_detected":false,"outcome":"ok"}
{"event":"deep_research_model_call","step":"plan","think":true,"attempt":1,"wall_ms":0,"load_duration":0,"prompt_eval_count":0,"prompt_eval_duration":0,"eval_count":3,"eval_duration":0,"thinking_chars":0,"thinking_detected":false,"outcome":"ok"}
{"event":"deep_research_model_call","step":"plan","think":false,"attempt":1,"wall_ms":0,"load_duration":0,"prompt_eval_count":0,"prompt_eval_duration":0,"eval_count":3,"eval_duration":0,"thinking_chars":0,"thinking_detected":false,"outcome":"ok"}
{"event":"deep_research_model_call","step":"queries","think":false,"attempt":1,"wall_ms":0,"load_duration":0,"prompt_eval_count":0,"prompt_eval_duration":0,"eval_count":3,"eval_duration":0,"thinking_chars":0,"thinking_detected":false,"outcome":"ok"}
{"event":"deep_research_model_call","step":"pages","think":false,"attempt":1,"wall_ms":0,"load_duration":0,"prompt_eval_count":0,"prompt_eval_duration":0,"eval_count":3,"eval_duration":0,"thinking_chars":0,"thinking_detected":false,"outcome":"ok"}
{"event":"deep_research_model_call","step":"notes","think":false,"attempt":1,"wall_ms":604,"load_duration":null,"prompt_eval_count":null,"prompt_eval_duration":null,"eval_count":null,"eval_duration":null,"thinking_chars":0,"thinking_detected":false,"outcome":"aborted"}
{"event":"deep_research_run_end","notes_kept":0,"notes_dropped":0,"pages_read":1,"status":"failed","elapsed_ms":606}
{"event":"deep_research_model_call","step":"brief","think":false,"attempt":1,"wall_ms":0,"load_duration":0,"prompt_eval_count":0,"prompt_eval_duration":0,"eval_count":3,"eval_duration":0,"thinking_chars":0,"thinking_detected":false,"outcome":"ok"}
{"event":"deep_research_model_call","step":"plan","think":true,"attempt":1,"wall_ms":0,"load_duration":0,"prompt_eval_count":0,"prompt_eval_duration":0,"eval_count":3,"eval_duration":0,"thinking_chars":0,"thinking_detected":false,"outcome":"ok"}
{"event":"deep_research_model_call","step":"plan","think":false,"attempt":1,"wall_ms":0,"load_duration":0,"prompt_eval_count":0,"prompt_eval_duration":0,"eval_count":3,"eval_duration":0,"thinking_chars":0,"thinking_detected":false,"outcome":"ok"}
{"event":"deep_research_model_call","step":"queries","think":false,"attempt":1,"wall_ms":0,"load_duration":0,"prompt_eval_count":0,"prompt_eval_duration":0,"eval_count":3,"eval_duration":0,"thinking_chars":0,"thinking_detected":false,"outcome":"ok"}
{"event":"deep_research_model_call","step":"pages","think":false,"attempt":1,"wall_ms":0,"load_duration":0,"prompt_eval_count":0,"prompt_eval_duration":0,"eval_count":3,"eval_duration":0,"thinking_chars":0,"thinking_detected":false,"outcome":"ok"}
{"event":"deep_research_model_call","step":"notes","think":false,"attempt":1,"wall_ms":0,"load_duration":0,"prompt_eval_count":0,"prompt_eval_duration":0,"eval_count":3,"eval_duration":0,"thinking_chars":0,"thinking_detected":false,"outcome":"ok"}
{"event":"deep_research_model_call","step":"queries","think":false,"attempt":1,"wall_ms":0,"load_duration":0,"prompt_eval_count":0,"prompt_eval_duration":0,"eval_count":3,"eval_duration":0,"thinking_chars":0,"thinking_detected":false,"outcome":"ok"}
{"event":"deep_research_model_call","step":"queries","think":false,"attempt":1,"wall_ms":0,"load_duration":0,"prompt_eval_count":0,"prompt_eval_duration":0,"eval_count":3,"eval_duration":0,"thinking_chars":0,"thinking_detected":false,"outcome":"ok"}
{"event":"deep_research_model_call","step":"queries","think":false,"attempt":1,"wall_ms":0,"load_duration":0,"prompt_eval_count":0,"prompt_eval_duration":0,"eval_count":3,"eval_duration":0,"thinking_chars":0,"thinking_detected":false,"outcome":"ok"}
{"event":"deep_research_model_call","step":"pages","think":false,"attempt":1,"wall_ms":0,"load_duration":0,"prompt_eval_count":0,"prompt_eval_duration":0,"eval_count":3,"eval_duration":0,"thinking_chars":0,"thinking_detected":false,"outcome":"ok"}
{"event":"deep_research_model_call","step":"notes","think":false,"attempt":1,"wall_ms":0,"load_duration":0,"prompt_eval_count":0,"prompt_eval_duration":0,"eval_count":3,"eval_duration":0,"thinking_chars":0,"thinking_detected":false,"outcome":"ok"}
{"event":"deep_research_model_call","step":"queries","think":false,"attempt":1,"wall_ms":0,"load_duration":0,"prompt_eval_count":0,"prompt_eval_duration":0,"eval_count":3,"eval_duration":0,"thinking_chars":0,"thinking_detected":false,"outcome":"ok"}
{"event":"deep_research_model_call","step":"queries","think":false,"attempt":1,"wall_ms":0,"load_duration":0,"prompt_eval_count":0,"prompt_eval_duration":0,"eval_count":3,"eval_duration":0,"thinking_chars":0,"thinking_detected":false,"outcome":"ok"}
{"event":"deep_research_model_call","step":"queries","think":false,"attempt":1,"wall_ms":0,"load_duration":0,"prompt_eval_count":0,"prompt_eval_duration":0,"eval_count":3,"eval_duration":0,"thinking_chars":0,"thinking_detected":false,"outcome":"ok"}
{"event":"deep_research_model_call","step":"pages","think":false,"attempt":1,"wall_ms":0,"load_duration":0,"prompt_eval_count":0,"prompt_eval_duration":0,"eval_count":3,"eval_duration":0,"thinking_chars":0,"thinking_detected":false,"outcome":"ok"}
{"event":"deep_research_model_call","step":"notes","think":false,"attempt":1,"wall_ms":0,"load_duration":0,"prompt_eval_count":0,"prompt_eval_duration":0,"eval_count":3,"eval_duration":0,"thinking_chars":0,"thinking_detected":false,"outcome":"ok"}
{"event":"deep_research_model_call","step":"gap","think":false,"attempt":1,"wall_ms":0,"load_duration":0,"prompt_eval_count":0,"prompt_eval_duration":0,"eval_count":3,"eval_duration":0,"thinking_chars":0,"thinking_detected":false,"outcome":"ok"}
{"event":"deep_research_run_end","notes_kept":0,"notes_dropped":0,"pages_read":3,"status":"failed","elapsed_ms":2}
{"event":"deep_research_model_call","step":"brief","think":false,"attempt":1,"wall_ms":0,"load_duration":0,"prompt_eval_count":0,"prompt_eval_duration":0,"eval_count":3,"eval_duration":0,"thinking_chars":0,"thinking_detected":false,"outcome":"ok"}
{"event":"deep_research_model_call","step":"plan","think":true,"attempt":1,"wall_ms":0,"load_duration":0,"prompt_eval_count":0,"prompt_eval_duration":0,"eval_count":3,"eval_duration":0,"thinking_chars":0,"thinking_detected":false,"outcome":"ok"}
{"event":"deep_research_model_call","step":"plan","think":false,"attempt":1,"wall_ms":0,"load_duration":0,"prompt_eval_count":0,"prompt_eval_duration":0,"eval_count":3,"eval_duration":0,"thinking_chars":0,"thinking_detected":false,"outcome":"ok"}
{"event":"deep_research_model_call","step":"queries","think":false,"attempt":1,"wall_ms":0,"load_duration":0,"prompt_eval_count":0,"prompt_eval_duration":0,"eval_count":3,"eval_duration":0,"thinking_chars":0,"thinking_detected":false,"outcome":"ok"}
{"event":"deep_research_model_call","step":"queries","think":false,"attempt":1,"wall_ms":0,"load_duration":0,"prompt_eval_count":0,"prompt_eval_duration":0,"eval_count":3,"eval_duration":0,"thinking_chars":0,"thinking_detected":false,"outcome":"ok"}
{"event":"deep_research_model_call","step":"queries","think":false,"attempt":1,"wall_ms":0,"load_duration":0,"prompt_eval_count":0,"prompt_eval_duration":0,"eval_count":3,"eval_duration":0,"thinking_chars":0,"thinking_detected":false,"outcome":"ok"}
{"event":"deep_research_model_call","step":"queries","think":false,"attempt":1,"wall_ms":0,"load_duration":0,"prompt_eval_count":0,"prompt_eval_duration":0,"eval_count":3,"eval_duration":0,"thinking_chars":0,"thinking_detected":false,"outcome":"ok"}
{"event":"deep_research_model_call","step":"queries","think":false,"attempt":1,"wall_ms":0,"load_duration":0,"prompt_eval_count":0,"prompt_eval_duration":0,"eval_count":3,"eval_duration":0,"thinking_chars":0,"thinking_detected":false,"outcome":"ok"}
{"event":"deep_research_model_call","step":"queries","think":false,"attempt":1,"wall_ms":0,"load_duration":0,"prompt_eval_count":0,"prompt_eval_duration":0,"eval_count":3,"eval_duration":0,"thinking_chars":0,"thinking_detected":false,"outcome":"ok"}
{"event":"deep_research_model_call","step":"queries","think":false,"attempt":1,"wall_ms":0,"load_duration":0,"prompt_eval_count":0,"prompt_eval_duration":0,"eval_count":3,"eval_duration":0,"thinking_chars":0,"thinking_detected":false,"outcome":"ok"}
{"event":"deep_research_model_call","step":"gap","think":false,"attempt":1,"wall_ms":0,"load_duration":0,"prompt_eval_count":0,"prompt_eval_duration":0,"eval_count":3,"eval_duration":0,"thinking_chars":0,"thinking_detected":false,"outcome":"ok"}
{"event":"deep_research_run_end","notes_kept":0,"notes_dropped":0,"pages_read":0,"status":"failed","elapsed_ms":1}

src/http/streamKeepAlive.test.ts:
{"event":"deep_research_model_call","step":"brief","think":false,"attempt":1,"wall_ms":0,"load_duration":0,"prompt_eval_count":0,"prompt_eval_duration":0,"eval_count":3,"eval_duration":0,"thinking_chars":0,"thinking_detected":false,"outcome":"ok"}
{"event":"deep_research_model_call","step":"plan","think":true,"attempt":1,"wall_ms":0,"load_duration":0,"prompt_eval_count":0,"prompt_eval_duration":0,"eval_count":3,"eval_duration":0,"thinking_chars":0,"thinking_detected":false,"outcome":"ok"}
{"event":"deep_research_model_call","step":"plan","think":false,"attempt":1,"wall_ms":0,"load_duration":0,"prompt_eval_count":0,"prompt_eval_duration":0,"eval_count":3,"eval_duration":0,"thinking_chars":0,"thinking_detected":false,"outcome":"ok"}
{"event":"deep_research_model_call","step":"queries","think":false,"attempt":1,"wall_ms":0,"load_duration":0,"prompt_eval_count":0,"prompt_eval_duration":0,"eval_count":3,"eval_duration":0,"thinking_chars":0,"thinking_detected":false,"outcome":"ok"}
{"event":"deep_research_model_call","step":"queries","think":false,"attempt":1,"wall_ms":0,"load_duration":0,"prompt_eval_count":0,"prompt_eval_duration":0,"eval_count":3,"eval_duration":0,"thinking_chars":0,"thinking_detected":false,"outcome":"ok"}
{"event":"deep_research_model_call","step":"queries","think":false,"attempt":1,"wall_ms":0,"load_duration":0,"prompt_eval_count":0,"prompt_eval_duration":0,"eval_count":3,"eval_duration":0,"thinking_chars":0,"thinking_detected":false,"outcome":"ok"}
{"event":"deep_research_model_call","step":"pages","think":false,"attempt":1,"wall_ms":0,"load_duration":0,"prompt_eval_count":0,"prompt_eval_duration":0,"eval_count":3,"eval_duration":0,"thinking_chars":0,"thinking_detected":false,"outcome":"ok"}
{"event":"deep_research_model_call","step":"notes","think":false,"attempt":1,"wall_ms":0,"load_duration":0,"prompt_eval_count":0,"prompt_eval_duration":0,"eval_count":3,"eval_duration":0,"thinking_chars":0,"thinking_detected":false,"outcome":"ok"}
{"event":"deep_research_model_call","step":"queries","think":false,"attempt":1,"wall_ms":0,"load_duration":0,"prompt_eval_count":0,"prompt_eval_duration":0,"eval_count":3,"eval_duration":0,"thinking_chars":0,"thinking_detected":false,"outcome":"ok"}
{"event":"deep_research_model_call","step":"queries","think":false,"attempt":1,"wall_ms":0,"load_duration":0,"prompt_eval_count":0,"prompt_eval_duration":0,"eval_count":3,"eval_duration":0,"thinking_chars":0,"thinking_detected":false,"outcome":"ok"}
{"event":"deep_research_model_call","step":"queries","think":false,"attempt":1,"wall_ms":1,"load_duration":0,"prompt_eval_count":0,"prompt_eval_duration":0,"eval_count":3,"eval_duration":0,"thinking_chars":0,"thinking_detected":false,"outcome":"ok"}
{"event":"deep_research_model_call","step":"pages","think":false,"attempt":1,"wall_ms":0,"load_duration":0,"prompt_eval_count":0,"prompt_eval_duration":0,"eval_count":3,"eval_duration":0,"thinking_chars":0,"thinking_detected":false,"outcome":"ok"}
{"event":"deep_research_model_call","step":"notes","think":false,"attempt":1,"wall_ms":0,"load_duration":0,"prompt_eval_count":0,"prompt_eval_duration":0,"eval_count":3,"eval_duration":0,"thinking_chars":0,"thinking_detected":false,"outcome":"ok"}
{"event":"deep_research_model_call","step":"queries","think":false,"attempt":1,"wall_ms":0,"load_duration":0,"prompt_eval_count":0,"prompt_eval_duration":0,"eval_count":3,"eval_duration":0,"thinking_chars":0,"thinking_detected":false,"outcome":"ok"}
{"event":"deep_research_model_call","step":"queries","think":false,"attempt":1,"wall_ms":0,"load_duration":0,"prompt_eval_count":0,"prompt_eval_duration":0,"eval_count":3,"eval_duration":0,"thinking_chars":0,"thinking_detected":false,"outcome":"ok"}
{"event":"deep_research_model_call","step":"queries","think":false,"attempt":1,"wall_ms":0,"load_duration":0,"prompt_eval_count":0,"prompt_eval_duration":0,"eval_count":3,"eval_duration":0,"thinking_chars":0,"thinking_detected":false,"outcome":"ok"}
{"event":"deep_research_model_call","step":"pages","think":false,"attempt":1,"wall_ms":0,"load_duration":0,"prompt_eval_count":0,"prompt_eval_duration":0,"eval_count":3,"eval_duration":0,"thinking_chars":0,"thinking_detected":false,"outcome":"ok"}
{"event":"deep_research_model_call","step":"notes","think":false,"attempt":1,"wall_ms":0,"load_duration":0,"prompt_eval_count":0,"prompt_eval_duration":0,"eval_count":3,"eval_duration":0,"thinking_chars":0,"thinking_detected":false,"outcome":"ok"}
{"event":"deep_research_model_call","step":"gap","think":false,"attempt":1,"wall_ms":1,"load_duration":0,"prompt_eval_count":0,"prompt_eval_duration":0,"eval_count":3,"eval_duration":0,"thinking_chars":0,"thinking_detected":false,"outcome":"ok"}
{"event":"deep_research_model_call","step":"write","think":true,"attempt":1,"wall_ms":0,"load_duration":0,"prompt_eval_count":0,"prompt_eval_duration":0,"eval_count":3,"eval_duration":0,"thinking_chars":0,"thinking_detected":false,"outcome":"ok"}
{"event":"deep_research_run_end","notes_kept":2,"notes_dropped":0,"pages_read":3,"status":"complete","elapsed_ms":497}

src/http/deepResearchQuotes.test.ts:
{"event":"deep_research_model_call","step":"brief","think":false,"attempt":1,"wall_ms":1,"load_duration":0,"prompt_eval_count":0,"prompt_eval_duration":0,"eval_count":0,"eval_duration":0,"thinking_chars":0,"thinking_detected":false,"outcome":"ok"}
{"event":"deep_research_model_call","step":"plan","think":true,"attempt":1,"wall_ms":0,"load_duration":0,"prompt_eval_count":0,"prompt_eval_duration":0,"eval_count":0,"eval_duration":0,"thinking_chars":0,"thinking_detected":false,"outcome":"ok"}
{"event":"deep_research_model_call","step":"plan","think":false,"attempt":1,"wall_ms":0,"load_duration":0,"prompt_eval_count":0,"prompt_eval_duration":0,"eval_count":0,"eval_duration":0,"thinking_chars":0,"thinking_detected":false,"outcome":"ok"}
{"event":"deep_research_model_call","step":"queries","think":false,"attempt":1,"wall_ms":0,"load_duration":0,"prompt_eval_count":0,"prompt_eval_duration":0,"eval_count":0,"eval_duration":0,"thinking_chars":0,"thinking_detected":false,"outcome":"ok"}
{"event":"deep_research_model_call","step":"pages","think":false,"attempt":1,"wall_ms":1,"load_duration":0,"prompt_eval_count":0,"prompt_eval_duration":0,"eval_count":0,"eval_duration":0,"thinking_chars":0,"thinking_detected":false,"outcome":"ok"}
{"event":"deep_research_model_call","step":"notes","think":false,"attempt":1,"wall_ms":1,"load_duration":0,"prompt_eval_count":0,"prompt_eval_duration":0,"eval_count":0,"eval_duration":0,"thinking_chars":0,"thinking_detected":false,"outcome":"ok"}
{"event":"deep_research_model_call","step":"queries","think":false,"attempt":1,"wall_ms":0,"load_duration":0,"prompt_eval_count":0,"prompt_eval_duration":0,"eval_count":0,"eval_duration":0,"thinking_chars":0,"thinking_detected":false,"outcome":"ok"}
{"event":"deep_research_model_call","step":"queries","think":false,"attempt":1,"wall_ms":0,"load_duration":0,"prompt_eval_count":0,"prompt_eval_duration":0,"eval_count":0,"eval_duration":0,"thinking_chars":0,"thinking_detected":false,"outcome":"ok"}
{"event":"deep_research_model_call","step":"queries","think":false,"attempt":1,"wall_ms":0,"load_duration":0,"prompt_eval_count":0,"prompt_eval_duration":0,"eval_count":0,"eval_duration":0,"thinking_chars":0,"thinking_detected":false,"outcome":"ok"}
{"event":"deep_research_model_call","step":"pages","think":false,"attempt":1,"wall_ms":0,"load_duration":0,"prompt_eval_count":0,"prompt_eval_duration":0,"eval_count":0,"eval_duration":0,"thinking_chars":0,"thinking_detected":false,"outcome":"ok"}
{"event":"deep_research_model_call","step":"queries","think":false,"attempt":1,"wall_ms":0,"load_duration":0,"prompt_eval_count":0,"prompt_eval_duration":0,"eval_count":0,"eval_duration":0,"thinking_chars":0,"thinking_detected":false,"outcome":"ok"}
{"event":"deep_research_model_call","step":"queries","think":false,"attempt":1,"wall_ms":0,"load_duration":0,"prompt_eval_count":0,"prompt_eval_duration":0,"eval_count":0,"eval_duration":0,"thinking_chars":0,"thinking_detected":false,"outcome":"ok"}
{"event":"deep_research_model_call","step":"queries","think":false,"attempt":1,"wall_ms":1,"load_duration":0,"prompt_eval_count":0,"prompt_eval_duration":0,"eval_count":0,"eval_duration":0,"thinking_chars":0,"thinking_detected":false,"outcome":"ok"}
{"event":"deep_research_model_call","step":"pages","think":false,"attempt":1,"wall_ms":0,"load_duration":0,"prompt_eval_count":0,"prompt_eval_duration":0,"eval_count":0,"eval_duration":0,"thinking_chars":0,"thinking_detected":false,"outcome":"ok"}
{"event":"deep_research_model_call","step":"gap","think":false,"attempt":1,"wall_ms":0,"load_duration":0,"prompt_eval_count":0,"prompt_eval_duration":0,"eval_count":0,"eval_duration":0,"thinking_chars":0,"thinking_detected":false,"outcome":"ok"}
{"event":"deep_research_model_call","step":"write","think":true,"attempt":1,"wall_ms":0,"load_duration":0,"prompt_eval_count":0,"prompt_eval_duration":0,"eval_count":0,"eval_duration":0,"thinking_chars":0,"thinking_detected":false,"outcome":"ok"}
{"event":"deep_research_run_end","notes_kept":1,"notes_dropped":0,"pages_read":1,"status":"complete","elapsed_ms":5}
{"event":"deep_research_model_call","step":"brief","think":false,"attempt":1,"wall_ms":1,"load_duration":0,"prompt_eval_count":0,"prompt_eval_duration":0,"eval_count":0,"eval_duration":0,"thinking_chars":0,"thinking_detected":false,"outcome":"ok"}
{"event":"deep_research_model_call","step":"plan","think":true,"attempt":1,"wall_ms":0,"load_duration":0,"prompt_eval_count":0,"prompt_eval_duration":0,"eval_count":0,"eval_duration":0,"thinking_chars":0,"thinking_detected":false,"outcome":"ok"}
{"event":"deep_research_model_call","step":"plan","think":false,"attempt":1,"wall_ms":0,"load_duration":0,"prompt_eval_count":0,"prompt_eval_duration":0,"eval_count":0,"eval_duration":0,"thinking_chars":0,"thinking_detected":false,"outcome":"ok"}
{"event":"deep_research_model_call","step":"queries","think":false,"attempt":1,"wall_ms":0,"load_duration":0,"prompt_eval_count":0,"prompt_eval_duration":0,"eval_count":0,"eval_duration":0,"thinking_chars":0,"thinking_detected":false,"outcome":"ok"}
{"event":"deep_research_model_call","step":"pages","think":false,"attempt":1,"wall_ms":0,"load_duration":0,"prompt_eval_count":0,"prompt_eval_duration":0,"eval_count":0,"eval_duration":0,"thinking_chars":0,"thinking_detected":false,"outcome":"ok"}
{"event":"deep_research_model_call","step":"notes","think":false,"attempt":1,"wall_ms":1,"load_duration":0,"prompt_eval_count":0,"prompt_eval_duration":0,"eval_count":0,"eval_duration":0,"thinking_chars":0,"thinking_detected":false,"outcome":"ok"}
{"event":"deep_research_model_call","step":"queries","think":false,"attempt":1,"wall_ms":0,"load_duration":0,"prompt_eval_count":0,"prompt_eval_duration":0,"eval_count":0,"eval_duration":0,"thinking_chars":0,"thinking_detected":false,"outcome":"ok"}
{"event":"deep_research_model_call","step":"queries","think":false,"attempt":1,"wall_ms":0,"load_duration":0,"prompt_eval_count":0,"prompt_eval_duration":0,"eval_count":0,"eval_duration":0,"thinking_chars":0,"thinking_detected":false,"outcome":"ok"}
{"event":"deep_research_model_call","step":"queries","think":false,"attempt":1,"wall_ms":0,"load_duration":0,"prompt_eval_count":0,"prompt_eval_duration":0,"eval_count":0,"eval_duration":0,"thinking_chars":0,"thinking_detected":false,"outcome":"ok"}
{"event":"deep_research_model_call","step":"pages","think":false,"attempt":1,"wall_ms":0,"load_duration":0,"prompt_eval_count":0,"prompt_eval_duration":0,"eval_count":0,"eval_duration":0,"thinking_chars":0,"thinking_detected":false,"outcome":"ok"}
{"event":"deep_research_model_call","step":"queries","think":false,"attempt":1,"wall_ms":0,"load_duration":0,"prompt_eval_count":0,"prompt_eval_duration":0,"eval_count":0,"eval_duration":0,"thinking_chars":0,"thinking_detected":false,"outcome":"ok"}
{"event":"deep_research_model_call","step":"queries","think":false,"attempt":1,"wall_ms":0,"load_duration":0,"prompt_eval_count":0,"prompt_eval_duration":0,"eval_count":0,"eval_duration":0,"thinking_chars":0,"thinking_detected":false,"outcome":"ok"}
{"event":"deep_research_model_call","step":"queries","think":false,"attempt":1,"wall_ms":0,"load_duration":0,"prompt_eval_count":0,"prompt_eval_duration":0,"eval_count":0,"eval_duration":0,"thinking_chars":0,"thinking_detected":false,"outcome":"ok"}
{"event":"deep_research_model_call","step":"pages","think":false,"attempt":1,"wall_ms":0,"load_duration":0,"prompt_eval_count":0,"prompt_eval_duration":0,"eval_count":0,"eval_duration":0,"thinking_chars":0,"thinking_detected":false,"outcome":"ok"}
{"event":"deep_research_model_call","step":"gap","think":false,"attempt":1,"wall_ms":0,"load_duration":0,"prompt_eval_count":0,"prompt_eval_duration":0,"eval_count":0,"eval_duration":0,"thinking_chars":0,"thinking_detected":false,"outcome":"ok"}
{"event":"deep_research_model_call","step":"write","think":true,"attempt":1,"wall_ms":0,"load_duration":0,"prompt_eval_count":0,"prompt_eval_duration":0,"eval_count":0,"eval_duration":0,"thinking_chars":0,"thinking_detected":false,"outcome":"ok"}
{"event":"deep_research_run_end","notes_kept":1,"notes_dropped":0,"pages_read":1,"status":"complete","elapsed_ms":3}
{"event":"deep_research_model_call","step":"brief","think":false,"attempt":1,"wall_ms":0,"load_duration":0,"prompt_eval_count":0,"prompt_eval_duration":0,"eval_count":0,"eval_duration":0,"thinking_chars":0,"thinking_detected":false,"outcome":"ok"}
{"event":"deep_research_model_call","step":"plan","think":true,"attempt":1,"wall_ms":0,"load_duration":0,"prompt_eval_count":0,"prompt_eval_duration":0,"eval_count":0,"eval_duration":0,"thinking_chars":0,"thinking_detected":false,"outcome":"ok"}
{"event":"deep_research_model_call","step":"plan","think":false,"attempt":1,"wall_ms":0,"load_duration":0,"prompt_eval_count":0,"prompt_eval_duration":0,"eval_count":0,"eval_duration":0,"thinking_chars":0,"thinking_detected":false,"outcome":"ok"}
{"event":"deep_research_model_call","step":"queries","think":false,"attempt":1,"wall_ms":0,"load_duration":0,"prompt_eval_count":0,"prompt_eval_duration":0,"eval_count":0,"eval_duration":0,"thinking_chars":0,"thinking_detected":false,"outcome":"ok"}
{"event":"deep_research_model_call","step":"pages","think":false,"attempt":1,"wall_ms":0,"load_duration":0,"prompt_eval_count":0,"prompt_eval_duration":0,"eval_count":0,"eval_duration":0,"thinking_chars":0,"thinking_detected":false,"outcome":"ok"}
{"event":"deep_research_model_call","step":"notes","think":false,"attempt":1,"wall_ms":0,"load_duration":0,"prompt_eval_count":0,"prompt_eval_duration":0,"eval_count":0,"eval_duration":0,"thinking_chars":0,"thinking_detected":false,"outcome":"ok"}
{"event":"deep_research_model_call","step":"queries","think":false,"attempt":1,"wall_ms":0,"load_duration":0,"prompt_eval_count":0,"prompt_eval_duration":0,"eval_count":0,"eval_duration":0,"thinking_chars":0,"thinking_detected":false,"outcome":"ok"}
{"event":"deep_research_model_call","step":"queries","think":false,"attempt":1,"wall_ms":0,"load_duration":0,"prompt_eval_count":0,"prompt_eval_duration":0,"eval_count":0,"eval_duration":0,"thinking_chars":0,"thinking_detected":false,"outcome":"ok"}
{"event":"deep_research_model_call","step":"queries","think":false,"attempt":1,"wall_ms":0,"load_duration":0,"prompt_eval_count":0,"prompt_eval_duration":0,"eval_count":0,"eval_duration":0,"thinking_chars":0,"thinking_detected":false,"outcome":"ok"}
{"event":"deep_research_model_call","step":"pages","think":false,"attempt":1,"wall_ms":0,"load_duration":0,"prompt_eval_count":0,"prompt_eval_duration":0,"eval_count":0,"eval_duration":0,"thinking_chars":0,"thinking_detected":false,"outcome":"ok"}
{"event":"deep_research_model_call","step":"queries","think":false,"attempt":1,"wall_ms":0,"load_duration":0,"prompt_eval_count":0,"prompt_eval_duration":0,"eval_count":0,"eval_duration":0,"thinking_chars":0,"thinking_detected":false,"outcome":"ok"}
{"event":"deep_research_model_call","step":"queries","think":false,"attempt":1,"wall_ms":1,"load_duration":0,"prompt_eval_count":0,"prompt_eval_duration":0,"eval_count":0,"eval_duration":0,"thinking_chars":0,"thinking_detected":false,"outcome":"ok"}
{"event":"deep_research_model_call","step":"queries","think":false,"attempt":1,"wall_ms":0,"load_duration":0,"prompt_eval_count":0,"prompt_eval_duration":0,"eval_count":0,"eval_duration":0,"thinking_chars":0,"thinking_detected":false,"outcome":"ok"}
{"event":"deep_research_model_call","step":"pages","think":false,"attempt":1,"wall_ms":0,"load_duration":0,"prompt_eval_count":0,"prompt_eval_duration":0,"eval_count":0,"eval_duration":0,"thinking_chars":0,"thinking_detected":false,"outcome":"ok"}
{"event":"deep_research_model_call","step":"gap","think":false,"attempt":1,"wall_ms":0,"load_duration":0,"prompt_eval_count":0,"prompt_eval_duration":0,"eval_count":0,"eval_duration":0,"thinking_chars":0,"thinking_detected":false,"outcome":"ok"}
{"event":"deep_research_model_call","step":"write","think":true,"attempt":1,"wall_ms":0,"load_duration":0,"prompt_eval_count":0,"prompt_eval_duration":0,"eval_count":0,"eval_duration":0,"thinking_chars":0,"thinking_detected":false,"outcome":"ok"}
{"event":"deep_research_run_end","notes_kept":1,"notes_dropped":0,"pages_read":1,"status":"complete","elapsed_ms":2}
{"event":"deep_research_model_call","step":"brief","think":false,"attempt":1,"wall_ms":0,"load_duration":0,"prompt_eval_count":0,"prompt_eval_duration":0,"eval_count":0,"eval_duration":0,"thinking_chars":0,"thinking_detected":false,"outcome":"ok"}
{"event":"deep_research_model_call","step":"plan","think":true,"attempt":1,"wall_ms":0,"load_duration":0,"prompt_eval_count":0,"prompt_eval_duration":0,"eval_count":0,"eval_duration":0,"thinking_chars":0,"thinking_detected":false,"outcome":"ok"}
{"event":"deep_research_model_call","step":"plan","think":false,"attempt":1,"wall_ms":0,"load_duration":0,"prompt_eval_count":0,"prompt_eval_duration":0,"eval_count":0,"eval_duration":0,"thinking_chars":0,"thinking_detected":false,"outcome":"ok"}
{"event":"deep_research_model_call","step":"queries","think":false,"attempt":1,"wall_ms":0,"load_duration":0,"prompt_eval_count":0,"prompt_eval_duration":0,"eval_count":0,"eval_duration":0,"thinking_chars":0,"thinking_detected":false,"outcome":"ok"}
{"event":"deep_research_model_call","step":"pages","think":false,"attempt":1,"wall_ms":0,"load_duration":0,"prompt_eval_count":0,"prompt_eval_duration":0,"eval_count":0,"eval_duration":0,"thinking_chars":0,"thinking_detected":false,"outcome":"ok"}
{"event":"deep_research_model_call","step":"notes","think":false,"attempt":1,"wall_ms":0,"load_duration":0,"prompt_eval_count":0,"prompt_eval_duration":0,"eval_count":0,"eval_duration":0,"thinking_chars":0,"thinking_detected":false,"outcome":"ok"}
{"event":"deep_research_model_call","step":"queries","think":false,"attempt":1,"wall_ms":0,"load_duration":0,"prompt_eval_count":0,"prompt_eval_duration":0,"eval_count":0,"eval_duration":0,"thinking_chars":0,"thinking_detected":false,"outcome":"ok"}
{"event":"deep_research_model_call","step":"queries","think":false,"attempt":1,"wall_ms":0,"load_duration":0,"prompt_eval_count":0,"prompt_eval_duration":0,"eval_count":0,"eval_duration":0,"thinking_chars":0,"thinking_detected":false,"outcome":"ok"}
{"event":"deep_research_model_call","step":"queries","think":false,"attempt":1,"wall_ms":0,"load_duration":0,"prompt_eval_count":0,"prompt_eval_duration":0,"eval_count":0,"eval_duration":0,"thinking_chars":0,"thinking_detected":false,"outcome":"ok"}
{"event":"deep_research_model_call","step":"pages","think":false,"attempt":1,"wall_ms":0,"load_duration":0,"prompt_eval_count":0,"prompt_eval_duration":0,"eval_count":0,"eval_duration":0,"thinking_chars":0,"thinking_detected":false,"outcome":"ok"}
{"event":"deep_research_model_call","step":"queries","think":false,"attempt":1,"wall_ms":0,"load_duration":0,"prompt_eval_count":0,"prompt_eval_duration":0,"eval_count":0,"eval_duration":0,"thinking_chars":0,"thinking_detected":false,"outcome":"ok"}
{"event":"deep_research_model_call","step":"queries","think":false,"attempt":1,"wall_ms":0,"load_duration":0,"prompt_eval_count":0,"prompt_eval_duration":0,"eval_count":0,"eval_duration":0,"thinking_chars":0,"thinking_detected":false,"outcome":"ok"}
{"event":"deep_research_model_call","step":"queries","think":false,"attempt":1,"wall_ms":0,"load_duration":0,"prompt_eval_count":0,"prompt_eval_duration":0,"eval_count":0,"eval_duration":0,"thinking_chars":0,"thinking_detected":false,"outcome":"ok"}
{"event":"deep_research_model_call","step":"pages","think":false,"attempt":1,"wall_ms":0,"load_duration":0,"prompt_eval_count":0,"prompt_eval_duration":0,"eval_count":0,"eval_duration":0,"thinking_chars":0,"thinking_detected":false,"outcome":"ok"}
{"event":"deep_research_model_call","step":"gap","think":false,"attempt":1,"wall_ms":0,"load_duration":0,"prompt_eval_count":0,"prompt_eval_duration":0,"eval_count":0,"eval_duration":0,"thinking_chars":0,"thinking_detected":false,"outcome":"ok"}
{"event":"deep_research_model_call","step":"write","think":true,"attempt":1,"wall_ms":0,"load_duration":0,"prompt_eval_count":0,"prompt_eval_duration":0,"eval_count":0,"eval_duration":0,"thinking_chars":0,"thinking_detected":false,"outcome":"ok"}
{"event":"deep_research_run_end","notes_kept":1,"notes_dropped":0,"pages_read":1,"status":"complete","elapsed_ms":1}
{"event":"deep_research_model_call","step":"brief","think":false,"attempt":1,"wall_ms":1,"load_duration":0,"prompt_eval_count":0,"prompt_eval_duration":0,"eval_count":0,"eval_duration":0,"thinking_chars":0,"thinking_detected":false,"outcome":"ok"}
{"event":"deep_research_model_call","step":"plan","think":true,"attempt":1,"wall_ms":0,"load_duration":0,"prompt_eval_count":0,"prompt_eval_duration":0,"eval_count":0,"eval_duration":0,"thinking_chars":0,"thinking_detected":false,"outcome":"ok"}
{"event":"deep_research_model_call","step":"plan","think":false,"attempt":1,"wall_ms":0,"load_duration":0,"prompt_eval_count":0,"prompt_eval_duration":0,"eval_count":0,"eval_duration":0,"thinking_chars":0,"thinking_detected":false,"outcome":"ok"}
{"event":"deep_research_model_call","step":"queries","think":false,"attempt":1,"wall_ms":0,"load_duration":0,"prompt_eval_count":0,"prompt_eval_duration":0,"eval_count":0,"eval_duration":0,"thinking_chars":0,"thinking_detected":false,"outcome":"ok"}
{"event":"deep_research_model_call","step":"pages","think":false,"attempt":1,"wall_ms":0,"load_duration":0,"prompt_eval_count":0,"prompt_eval_duration":0,"eval_count":0,"eval_duration":0,"thinking_chars":0,"thinking_detected":false,"outcome":"ok"}
{"event":"deep_research_model_call","step":"notes","think":false,"attempt":1,"wall_ms":0,"load_duration":0,"prompt_eval_count":0,"prompt_eval_duration":0,"eval_count":0,"eval_duration":0,"thinking_chars":0,"thinking_detected":false,"outcome":"ok"}
{"event":"deep_research_model_call","step":"queries","think":false,"attempt":1,"wall_ms":0,"load_duration":0,"prompt_eval_count":0,"prompt_eval_duration":0,"eval_count":0,"eval_duration":0,"thinking_chars":0,"thinking_detected":false,"outcome":"ok"}
{"event":"deep_research_model_call","step":"queries","think":false,"attempt":1,"wall_ms":0,"load_duration":0,"prompt_eval_count":0,"prompt_eval_duration":0,"eval_count":0,"eval_duration":0,"thinking_chars":0,"thinking_detected":false,"outcome":"ok"}
{"event":"deep_research_model_call","step":"queries","think":false,"attempt":1,"wall_ms":0,"load_duration":0,"prompt_eval_count":0,"prompt_eval_duration":0,"eval_count":0,"eval_duration":0,"thinking_chars":0,"thinking_detected":false,"outcome":"ok"}
{"event":"deep_research_model_call","step":"pages","think":false,"attempt":1,"wall_ms":0,"load_duration":0,"prompt_eval_count":0,"prompt_eval_duration":0,"eval_count":0,"eval_duration":0,"thinking_chars":0,"thinking_detected":false,"outcome":"ok"}
{"event":"deep_research_model_call","step":"queries","think":false,"attempt":1,"wall_ms":1,"load_duration":0,"prompt_eval_count":0,"prompt_eval_duration":0,"eval_count":0,"eval_duration":0,"thinking_chars":0,"thinking_detected":false,"outcome":"ok"}
{"event":"deep_research_model_call","step":"queries","think":false,"attempt":1,"wall_ms":0,"load_duration":0,"prompt_eval_count":0,"prompt_eval_duration":0,"eval_count":0,"eval_duration":0,"thinking_chars":0,"thinking_detected":false,"outcome":"ok"}
{"event":"deep_research_model_call","step":"queries","think":false,"attempt":1,"wall_ms":0,"load_duration":0,"prompt_eval_count":0,"prompt_eval_duration":0,"eval_count":0,"eval_duration":0,"thinking_chars":0,"thinking_detected":false,"outcome":"ok"}
{"event":"deep_research_model_call","step":"pages","think":false,"attempt":1,"wall_ms":0,"load_duration":0,"prompt_eval_count":0,"prompt_eval_duration":0,"eval_count":0,"eval_duration":0,"thinking_chars":0,"thinking_detected":false,"outcome":"ok"}
{"event":"deep_research_model_call","step":"gap","think":false,"attempt":1,"wall_ms":0,"load_duration":0,"prompt_eval_count":0,"prompt_eval_duration":0,"eval_count":0,"eval_duration":0,"thinking_chars":0,"thinking_detected":false,"outcome":"ok"}
{"event":"deep_research_model_call","step":"write","think":true,"attempt":1,"wall_ms":0,"load_duration":0,"prompt_eval_count":0,"prompt_eval_duration":0,"eval_count":0,"eval_duration":0,"thinking_chars":0,"thinking_detected":false,"outcome":"ok"}
{"event":"deep_research_run_end","notes_kept":1,"notes_dropped":0,"pages_read":1,"status":"complete","elapsed_ms":2}
{"event":"deep_research_model_call","step":"brief","think":false,"attempt":1,"wall_ms":0,"load_duration":0,"prompt_eval_count":0,"prompt_eval_duration":0,"eval_count":0,"eval_duration":0,"thinking_chars":0,"thinking_detected":false,"outcome":"ok"}
{"event":"deep_research_model_call","step":"plan","think":true,"attempt":1,"wall_ms":0,"load_duration":0,"prompt_eval_count":0,"prompt_eval_duration":0,"eval_count":0,"eval_duration":0,"thinking_chars":0,"thinking_detected":false,"outcome":"ok"}
{"event":"deep_research_model_call","step":"plan","think":false,"attempt":1,"wall_ms":0,"load_duration":0,"prompt_eval_count":0,"prompt_eval_duration":0,"eval_count":0,"eval_duration":0,"thinking_chars":0,"thinking_detected":false,"outcome":"ok"}
{"event":"deep_research_model_call","step":"queries","think":false,"attempt":1,"wall_ms":0,"load_duration":0,"prompt_eval_count":0,"prompt_eval_duration":0,"eval_count":0,"eval_duration":0,"thinking_chars":0,"thinking_detected":false,"outcome":"ok"}
{"event":"deep_research_model_call","step":"pages","think":false,"attempt":1,"wall_ms":0,"load_duration":0,"prompt_eval_count":0,"prompt_eval_duration":0,"eval_count":0,"eval_duration":0,"thinking_chars":0,"thinking_detected":false,"outcome":"ok"}
{"event":"deep_research_model_call","step":"notes","think":false,"attempt":1,"wall_ms":0,"load_duration":0,"prompt_eval_count":0,"prompt_eval_duration":0,"eval_count":0,"eval_duration":0,"thinking_chars":0,"thinking_detected":false,"outcome":"ok"}
{"event":"deep_research_model_call","step":"queries","think":false,"attempt":1,"wall_ms":0,"load_duration":0,"prompt_eval_count":0,"prompt_eval_duration":0,"eval_count":0,"eval_duration":0,"thinking_chars":0,"thinking_detected":false,"outcome":"ok"}
{"event":"deep_research_model_call","step":"queries","think":false,"attempt":1,"wall_ms":1,"load_duration":0,"prompt_eval_count":0,"prompt_eval_duration":0,"eval_count":0,"eval_duration":0,"thinking_chars":0,"thinking_detected":false,"outcome":"ok"}
{"event":"deep_research_model_call","step":"queries","think":false,"attempt":1,"wall_ms":0,"load_duration":0,"prompt_eval_count":0,"prompt_eval_duration":0,"eval_count":0,"eval_duration":0,"thinking_chars":0,"thinking_detected":false,"outcome":"ok"}
{"event":"deep_research_model_call","step":"pages","think":false,"attempt":1,"wall_ms":0,"load_duration":0,"prompt_eval_count":0,"prompt_eval_duration":0,"eval_count":0,"eval_duration":0,"thinking_chars":0,"thinking_detected":false,"outcome":"ok"}
{"event":"deep_research_model_call","step":"queries","think":false,"attempt":1,"wall_ms":0,"load_duration":0,"prompt_eval_count":0,"prompt_eval_duration":0,"eval_count":0,"eval_duration":0,"thinking_chars":0,"thinking_detected":false,"outcome":"ok"}
{"event":"deep_research_model_call","step":"queries","think":false,"attempt":1,"wall_ms":0,"load_duration":0,"prompt_eval_count":0,"prompt_eval_duration":0,"eval_count":0,"eval_duration":0,"thinking_chars":0,"thinking_detected":false,"outcome":"ok"}
{"event":"deep_research_model_call","step":"queries","think":false,"attempt":1,"wall_ms":0,"load_duration":0,"prompt_eval_count":0,"prompt_eval_duration":0,"eval_count":0,"eval_duration":0,"thinking_chars":0,"thinking_detected":false,"outcome":"ok"}
{"event":"deep_research_model_call","step":"pages","think":false,"attempt":1,"wall_ms":0,"load_duration":0,"prompt_eval_count":0,"prompt_eval_duration":0,"eval_count":0,"eval_duration":0,"thinking_chars":0,"thinking_detected":false,"outcome":"ok"}
{"event":"deep_research_model_call","step":"gap","think":false,"attempt":1,"wall_ms":0,"load_duration":0,"prompt_eval_count":0,"prompt_eval_duration":0,"eval_count":0,"eval_duration":0,"thinking_chars":0,"thinking_detected":false,"outcome":"ok"}
{"event":"deep_research_model_call","step":"write","think":true,"attempt":1,"wall_ms":0,"load_duration":0,"prompt_eval_count":0,"prompt_eval_duration":0,"eval_count":0,"eval_duration":0,"thinking_chars":0,"thinking_detected":false,"outcome":"ok"}
{"event":"deep_research_run_end","notes_kept":1,"notes_dropped":0,"pages_read":1,"status":"complete","elapsed_ms":1}
{"event":"deep_research_model_call","step":"brief","think":false,"attempt":1,"wall_ms":0,"load_duration":0,"prompt_eval_count":0,"prompt_eval_duration":0,"eval_count":0,"eval_duration":0,"thinking_chars":0,"thinking_detected":false,"outcome":"ok"}
{"event":"deep_research_model_call","step":"plan","think":true,"attempt":1,"wall_ms":0,"load_duration":0,"prompt_eval_count":0,"prompt_eval_duration":0,"eval_count":0,"eval_duration":0,"thinking_chars":0,"thinking_detected":false,"outcome":"ok"}
{"event":"deep_research_model_call","step":"plan","think":false,"attempt":1,"wall_ms":0,"load_duration":0,"prompt_eval_count":0,"prompt_eval_duration":0,"eval_count":0,"eval_duration":0,"thinking_chars":0,"thinking_detected":false,"outcome":"ok"}
{"event":"deep_research_model_call","step":"queries","think":false,"attempt":1,"wall_ms":0,"load_duration":0,"prompt_eval_count":0,"prompt_eval_duration":0,"eval_count":0,"eval_duration":0,"thinking_chars":0,"thinking_detected":false,"outcome":"ok"}
{"event":"deep_research_model_call","step":"pages","think":false,"attempt":1,"wall_ms":0,"load_duration":0,"prompt_eval_count":0,"prompt_eval_duration":0,"eval_count":0,"eval_duration":0,"thinking_chars":0,"thinking_detected":false,"outcome":"ok"}
{"event":"deep_research_model_call","step":"notes","think":false,"attempt":1,"wall_ms":0,"load_duration":0,"prompt_eval_count":0,"prompt_eval_duration":0,"eval_count":0,"eval_duration":0,"thinking_chars":0,"thinking_detected":false,"outcome":"ok"}
{"event":"deep_research_model_call","step":"queries","think":false,"attempt":1,"wall_ms":0,"load_duration":0,"prompt_eval_count":0,"prompt_eval_duration":0,"eval_count":0,"eval_duration":0,"thinking_chars":0,"thinking_detected":false,"outcome":"ok"}
{"event":"deep_research_model_call","step":"queries","think":false,"attempt":1,"wall_ms":0,"load_duration":0,"prompt_eval_count":0,"prompt_eval_duration":0,"eval_count":0,"eval_duration":0,"thinking_chars":0,"thinking_detected":false,"outcome":"ok"}
{"event":"deep_research_model_call","step":"queries","think":false,"attempt":1,"wall_ms":0,"load_duration":0,"prompt_eval_count":0,"prompt_eval_duration":0,"eval_count":0,"eval_duration":0,"thinking_chars":0,"thinking_detected":false,"outcome":"ok"}
{"event":"deep_research_model_call","step":"pages","think":false,"attempt":1,"wall_ms":0,"load_duration":0,"prompt_eval_count":0,"prompt_eval_duration":0,"eval_count":0,"eval_duration":0,"thinking_chars":0,"thinking_detected":false,"outcome":"ok"}
{"event":"deep_research_model_call","step":"queries","think":false,"attempt":1,"wall_ms":0,"load_duration":0,"prompt_eval_count":0,"prompt_eval_duration":0,"eval_count":0,"eval_duration":0,"thinking_chars":0,"thinking_detected":false,"outcome":"ok"}
{"event":"deep_research_model_call","step":"queries","think":false,"attempt":1,"wall_ms":0,"load_duration":0,"prompt_eval_count":0,"prompt_eval_duration":0,"eval_count":0,"eval_duration":0,"thinking_chars":0,"thinking_detected":false,"outcome":"ok"}
{"event":"deep_research_model_call","step":"queries","think":false,"attempt":1,"wall_ms":0,"load_duration":0,"prompt_eval_count":0,"prompt_eval_duration":0,"eval_count":0,"eval_duration":0,"thinking_chars":0,"thinking_detected":false,"outcome":"ok"}
{"event":"deep_research_model_call","step":"pages","think":false,"attempt":1,"wall_ms":0,"load_duration":0,"prompt_eval_count":0,"prompt_eval_duration":0,"eval_count":0,"eval_duration":0,"thinking_chars":0,"thinking_detected":false,"outcome":"ok"}
{"event":"deep_research_model_call","step":"gap","think":false,"attempt":1,"wall_ms":0,"load_duration":0,"prompt_eval_count":0,"prompt_eval_duration":0,"eval_count":0,"eval_duration":0,"thinking_chars":0,"thinking_detected":false,"outcome":"ok"}
{"event":"deep_research_model_call","step":"write","think":true,"attempt":1,"wall_ms":0,"load_duration":0,"prompt_eval_count":0,"prompt_eval_duration":0,"eval_count":0,"eval_duration":0,"thinking_chars":0,"thinking_detected":false,"outcome":"ok"}
{"event":"deep_research_run_end","notes_kept":1,"notes_dropped":0,"pages_read":1,"status":"complete","elapsed_ms":1}
{"event":"deep_research_model_call","step":"brief","think":false,"attempt":1,"wall_ms":0,"load_duration":0,"prompt_eval_count":0,"prompt_eval_duration":0,"eval_count":0,"eval_duration":0,"thinking_chars":0,"thinking_detected":false,"outcome":"ok"}
{"event":"deep_research_model_call","step":"plan","think":true,"attempt":1,"wall_ms":0,"load_duration":0,"prompt_eval_count":0,"prompt_eval_duration":0,"eval_count":0,"eval_duration":0,"thinking_chars":0,"thinking_detected":false,"outcome":"ok"}
{"event":"deep_research_model_call","step":"plan","think":false,"attempt":1,"wall_ms":0,"load_duration":0,"prompt_eval_count":0,"prompt_eval_duration":0,"eval_count":0,"eval_duration":0,"thinking_chars":0,"thinking_detected":false,"outcome":"ok"}
{"event":"deep_research_model_call","step":"queries","think":false,"attempt":1,"wall_ms":0,"load_duration":0,"prompt_eval_count":0,"prompt_eval_duration":0,"eval_count":0,"eval_duration":0,"thinking_chars":0,"thinking_detected":false,"outcome":"ok"}
{"event":"deep_research_model_call","step":"pages","think":false,"attempt":1,"wall_ms":0,"load_duration":0,"prompt_eval_count":0,"prompt_eval_duration":0,"eval_count":0,"eval_duration":0,"thinking_chars":0,"thinking_detected":false,"outcome":"ok"}
{"event":"deep_research_model_call","step":"notes","think":false,"attempt":1,"wall_ms":0,"load_duration":0,"prompt_eval_count":0,"prompt_eval_duration":0,"eval_count":0,"eval_duration":0,"thinking_chars":0,"thinking_detected":false,"outcome":"ok"}
{"event":"deep_research_model_call","step":"queries","think":false,"attempt":1,"wall_ms":0,"load_duration":0,"prompt_eval_count":0,"prompt_eval_duration":0,"eval_count":0,"eval_duration":0,"thinking_chars":0,"thinking_detected":false,"outcome":"ok"}
{"event":"deep_research_model_call","step":"queries","think":false,"attempt":1,"wall_ms":0,"load_duration":0,"prompt_eval_count":0,"prompt_eval_duration":0,"eval_count":0,"eval_duration":0,"thinking_chars":0,"thinking_detected":false,"outcome":"ok"}
{"event":"deep_research_model_call","step":"queries","think":false,"attempt":1,"wall_ms":0,"load_duration":0,"prompt_eval_count":0,"prompt_eval_duration":0,"eval_count":0,"eval_duration":0,"thinking_chars":0,"thinking_detected":false,"outcome":"ok"}
{"event":"deep_research_model_call","step":"pages","think":false,"attempt":1,"wall_ms":0,"load_duration":0,"prompt_eval_count":0,"prompt_eval_duration":0,"eval_count":0,"eval_duration":0,"thinking_chars":0,"thinking_detected":false,"outcome":"ok"}
{"event":"deep_research_model_call","step":"queries","think":false,"attempt":1,"wall_ms":0,"load_duration":0,"prompt_eval_count":0,"prompt_eval_duration":0,"eval_count":0,"eval_duration":0,"thinking_chars":0,"thinking_detected":false,"outcome":"ok"}
{"event":"deep_research_model_call","step":"queries","think":false,"attempt":1,"wall_ms":0,"load_duration":0,"prompt_eval_count":0,"prompt_eval_duration":0,"eval_count":0,"eval_duration":0,"thinking_chars":0,"thinking_detected":false,"outcome":"ok"}
{"event":"deep_research_model_call","step":"queries","think":false,"attempt":1,"wall_ms":0,"load_duration":0,"prompt_eval_count":0,"prompt_eval_duration":0,"eval_count":0,"eval_duration":0,"thinking_chars":0,"thinking_detected":false,"outcome":"ok"}
{"event":"deep_research_model_call","step":"pages","think":false,"attempt":1,"wall_ms":0,"load_duration":0,"prompt_eval_count":0,"prompt_eval_duration":0,"eval_count":0,"eval_duration":0,"thinking_chars":0,"thinking_detected":false,"outcome":"ok"}
{"event":"deep_research_model_call","step":"gap","think":false,"attempt":1,"wall_ms":0,"load_duration":0,"prompt_eval_count":0,"prompt_eval_duration":0,"eval_count":0,"eval_duration":0,"thinking_chars":0,"thinking_detected":false,"outcome":"ok"}
{"event":"deep_research_model_call","step":"write","think":true,"attempt":1,"wall_ms":0,"load_duration":0,"prompt_eval_count":0,"prompt_eval_duration":0,"eval_count":0,"eval_duration":0,"thinking_chars":0,"thinking_detected":false,"outcome":"ok"}
{"event":"deep_research_run_end","notes_kept":1,"notes_dropped":0,"pages_read":1,"status":"complete","elapsed_ms":1}
{"event":"deep_research_model_call","step":"brief","think":false,"attempt":1,"wall_ms":0,"load_duration":0,"prompt_eval_count":0,"prompt_eval_duration":0,"eval_count":0,"eval_duration":0,"thinking_chars":0,"thinking_detected":false,"outcome":"ok"}
{"event":"deep_research_model_call","step":"plan","think":true,"attempt":1,"wall_ms":0,"load_duration":0,"prompt_eval_count":0,"prompt_eval_duration":0,"eval_count":0,"eval_duration":0,"thinking_chars":0,"thinking_detected":false,"outcome":"ok"}
{"event":"deep_research_model_call","step":"plan","think":false,"attempt":1,"wall_ms":0,"load_duration":0,"prompt_eval_count":0,"prompt_eval_duration":0,"eval_count":0,"eval_duration":0,"thinking_chars":0,"thinking_detected":false,"outcome":"ok"}
{"event":"deep_research_model_call","step":"queries","think":false,"attempt":1,"wall_ms":0,"load_duration":0,"prompt_eval_count":0,"prompt_eval_duration":0,"eval_count":0,"eval_duration":0,"thinking_chars":0,"thinking_detected":false,"outcome":"ok"}
{"event":"deep_research_model_call","step":"pages","think":false,"attempt":1,"wall_ms":0,"load_duration":0,"prompt_eval_count":0,"prompt_eval_duration":0,"eval_count":0,"eval_duration":0,"thinking_chars":0,"thinking_detected":false,"outcome":"ok"}
{"event":"deep_research_model_call","step":"notes","think":false,"attempt":1,"wall_ms":0,"load_duration":0,"prompt_eval_count":0,"prompt_eval_duration":0,"eval_count":0,"eval_duration":0,"thinking_chars":0,"thinking_detected":false,"outcome":"ok"}
{"event":"deep_research_model_call","step":"queries","think":false,"attempt":1,"wall_ms":0,"load_duration":0,"prompt_eval_count":0,"prompt_eval_duration":0,"eval_count":0,"eval_duration":0,"thinking_chars":0,"thinking_detected":false,"outcome":"ok"}
{"event":"deep_research_model_call","step":"queries","think":false,"attempt":1,"wall_ms":0,"load_duration":0,"prompt_eval_count":0,"prompt_eval_duration":0,"eval_count":0,"eval_duration":0,"thinking_chars":0,"thinking_detected":false,"outcome":"ok"}
{"event":"deep_research_model_call","step":"queries","think":false,"attempt":1,"wall_ms":0,"load_duration":0,"prompt_eval_count":0,"prompt_eval_duration":0,"eval_count":0,"eval_duration":0,"thinking_chars":0,"thinking_detected":false,"outcome":"ok"}
{"event":"deep_research_model_call","step":"pages","think":false,"attempt":1,"wall_ms":0,"load_duration":0,"prompt_eval_count":0,"prompt_eval_duration":0,"eval_count":0,"eval_duration":0,"thinking_chars":0,"thinking_detected":false,"outcome":"ok"}
{"event":"deep_research_model_call","step":"queries","think":false,"attempt":1,"wall_ms":0,"load_duration":0,"prompt_eval_count":0,"prompt_eval_duration":0,"eval_count":0,"eval_duration":0,"thinking_chars":0,"thinking_detected":false,"outcome":"ok"}
{"event":"deep_research_model_call","step":"queries","think":false,"attempt":1,"wall_ms":0,"load_duration":0,"prompt_eval_count":0,"prompt_eval_duration":0,"eval_count":0,"eval_duration":0,"thinking_chars":0,"thinking_detected":false,"outcome":"ok"}
{"event":"deep_research_model_call","step":"queries","think":false,"attempt":1,"wall_ms":0,"load_duration":0,"prompt_eval_count":0,"prompt_eval_duration":0,"eval_count":0,"eval_duration":0,"thinking_chars":0,"thinking_detected":false,"outcome":"ok"}
{"event":"deep_research_model_call","step":"pages","think":false,"attempt":1,"wall_ms":0,"load_duration":0,"prompt_eval_count":0,"prompt_eval_duration":0,"eval_count":0,"eval_duration":0,"thinking_chars":0,"thinking_detected":false,"outcome":"ok"}
{"event":"deep_research_model_call","step":"gap","think":false,"attempt":1,"wall_ms":0,"load_duration":0,"prompt_eval_count":0,"prompt_eval_duration":0,"eval_count":0,"eval_duration":0,"thinking_chars":0,"thinking_detected":false,"outcome":"ok"}
{"event":"deep_research_model_call","step":"write","think":true,"attempt":1,"wall_ms":0,"load_duration":0,"prompt_eval_count":0,"prompt_eval_duration":0,"eval_count":0,"eval_duration":0,"thinking_chars":0,"thinking_detected":false,"outcome":"ok"}
{"event":"deep_research_run_end","notes_kept":1,"notes_dropped":0,"pages_read":1,"status":"complete","elapsed_ms":1}
{"event":"deep_research_model_call","step":"brief","think":false,"attempt":1,"wall_ms":0,"load_duration":0,"prompt_eval_count":0,"prompt_eval_duration":0,"eval_count":0,"eval_duration":0,"thinking_chars":0,"thinking_detected":false,"outcome":"ok"}
{"event":"deep_research_model_call","step":"plan","think":true,"attempt":1,"wall_ms":0,"load_duration":0,"prompt_eval_count":0,"prompt_eval_duration":0,"eval_count":0,"eval_duration":0,"thinking_chars":0,"thinking_detected":false,"outcome":"ok"}
{"event":"deep_research_model_call","step":"plan","think":false,"attempt":1,"wall_ms":0,"load_duration":0,"prompt_eval_count":0,"prompt_eval_duration":0,"eval_count":0,"eval_duration":0,"thinking_chars":0,"thinking_detected":false,"outcome":"ok"}
{"event":"deep_research_model_call","step":"queries","think":false,"attempt":1,"wall_ms":0,"load_duration":0,"prompt_eval_count":0,"prompt_eval_duration":0,"eval_count":0,"eval_duration":0,"thinking_chars":0,"thinking_detected":false,"outcome":"ok"}
{"event":"deep_research_model_call","step":"pages","think":false,"attempt":1,"wall_ms":0,"load_duration":0,"prompt_eval_count":0,"prompt_eval_duration":0,"eval_count":0,"eval_duration":0,"thinking_chars":0,"thinking_detected":false,"outcome":"ok"}
{"event":"deep_research_model_call","step":"notes","think":false,"attempt":1,"wall_ms":0,"load_duration":0,"prompt_eval_count":0,"prompt_eval_duration":0,"eval_count":0,"eval_duration":0,"thinking_chars":0,"thinking_detected":false,"outcome":"ok"}
{"event":"deep_research_model_call","step":"queries","think":false,"attempt":1,"wall_ms":1,"load_duration":0,"prompt_eval_count":0,"prompt_eval_duration":0,"eval_count":0,"eval_duration":0,"thinking_chars":0,"thinking_detected":false,"outcome":"ok"}
{"event":"deep_research_model_call","step":"queries","think":false,"attempt":1,"wall_ms":0,"load_duration":0,"prompt_eval_count":0,"prompt_eval_duration":0,"eval_count":0,"eval_duration":0,"thinking_chars":0,"thinking_detected":false,"outcome":"ok"}
{"event":"deep_research_model_call","step":"queries","think":false,"attempt":1,"wall_ms":0,"load_duration":0,"prompt_eval_count":0,"prompt_eval_duration":0,"eval_count":0,"eval_duration":0,"thinking_chars":0,"thinking_detected":false,"outcome":"ok"}
{"event":"deep_research_model_call","step":"pages","think":false,"attempt":1,"wall_ms":0,"load_duration":0,"prompt_eval_count":0,"prompt_eval_duration":0,"eval_count":0,"eval_duration":0,"thinking_chars":0,"thinking_detected":false,"outcome":"ok"}
{"event":"deep_research_model_call","step":"queries","think":false,"attempt":1,"wall_ms":0,"load_duration":0,"prompt_eval_count":0,"prompt_eval_duration":0,"eval_count":0,"eval_duration":0,"thinking_chars":0,"thinking_detected":false,"outcome":"ok"}
{"event":"deep_research_model_call","step":"queries","think":false,"attempt":1,"wall_ms":0,"load_duration":0,"prompt_eval_count":0,"prompt_eval_duration":0,"eval_count":0,"eval_duration":0,"thinking_chars":0,"thinking_detected":false,"outcome":"ok"}
{"event":"deep_research_model_call","step":"queries","think":false,"attempt":1,"wall_ms":0,"load_duration":0,"prompt_eval_count":0,"prompt_eval_duration":0,"eval_count":0,"eval_duration":0,"thinking_chars":0,"thinking_detected":false,"outcome":"ok"}
{"event":"deep_research_model_call","step":"pages","think":false,"attempt":1,"wall_ms":0,"load_duration":0,"prompt_eval_count":0,"prompt_eval_duration":0,"eval_count":0,"eval_duration":0,"thinking_chars":0,"thinking_detected":false,"outcome":"ok"}
{"event":"deep_research_model_call","step":"gap","think":false,"attempt":1,"wall_ms":0,"load_duration":0,"prompt_eval_count":0,"prompt_eval_duration":0,"eval_count":0,"eval_duration":0,"thinking_chars":0,"thinking_detected":false,"outcome":"ok"}
{"event":"deep_research_model_call","step":"write","think":true,"attempt":1,"wall_ms":0,"load_duration":0,"prompt_eval_count":0,"prompt_eval_duration":0,"eval_count":0,"eval_duration":0,"thinking_chars":0,"thinking_detected":false,"outcome":"ok"}
{"event":"deep_research_run_end","notes_kept":1,"notes_dropped":0,"pages_read":1,"status":"complete","elapsed_ms":1}
{"event":"deep_research_model_call","step":"brief","think":false,"attempt":1,"wall_ms":0,"load_duration":0,"prompt_eval_count":0,"prompt_eval_duration":0,"eval_count":0,"eval_duration":0,"thinking_chars":0,"thinking_detected":false,"outcome":"ok"}
{"event":"deep_research_model_call","step":"plan","think":true,"attempt":1,"wall_ms":0,"load_duration":0,"prompt_eval_count":0,"prompt_eval_duration":0,"eval_count":0,"eval_duration":0,"thinking_chars":0,"thinking_detected":false,"outcome":"ok"}
{"event":"deep_research_model_call","step":"plan","think":false,"attempt":1,"wall_ms":0,"load_duration":0,"prompt_eval_count":0,"prompt_eval_duration":0,"eval_count":0,"eval_duration":0,"thinking_chars":0,"thinking_detected":false,"outcome":"ok"}
{"event":"deep_research_model_call","step":"queries","think":false,"attempt":1,"wall_ms":0,"load_duration":0,"prompt_eval_count":0,"prompt_eval_duration":0,"eval_count":0,"eval_duration":0,"thinking_chars":0,"thinking_detected":false,"outcome":"ok"}
{"event":"deep_research_model_call","step":"pages","think":false,"attempt":1,"wall_ms":0,"load_duration":0,"prompt_eval_count":0,"prompt_eval_duration":0,"eval_count":0,"eval_duration":0,"thinking_chars":0,"thinking_detected":false,"outcome":"ok"}
{"event":"deep_research_model_call","step":"notes","think":false,"attempt":1,"wall_ms":0,"load_duration":0,"prompt_eval_count":0,"prompt_eval_duration":0,"eval_count":0,"eval_duration":0,"thinking_chars":0,"thinking_detected":false,"outcome":"ok"}
{"event":"deep_research_model_call","step":"queries","think":false,"attempt":1,"wall_ms":0,"load_duration":0,"prompt_eval_count":0,"prompt_eval_duration":0,"eval_count":0,"eval_duration":0,"thinking_chars":0,"thinking_detected":false,"outcome":"ok"}
{"event":"deep_research_model_call","step":"queries","think":false,"attempt":1,"wall_ms":0,"load_duration":0,"prompt_eval_count":0,"prompt_eval_duration":0,"eval_count":0,"eval_duration":0,"thinking_chars":0,"thinking_detected":false,"outcome":"ok"}
{"event":"deep_research_model_call","step":"queries","think":false,"attempt":1,"wall_ms":0,"load_duration":0,"prompt_eval_count":0,"prompt_eval_duration":0,"eval_count":0,"eval_duration":0,"thinking_chars":0,"thinking_detected":false,"outcome":"ok"}
{"event":"deep_research_model_call","step":"pages","think":false,"attempt":1,"wall_ms":0,"load_duration":0,"prompt_eval_count":0,"prompt_eval_duration":0,"eval_count":0,"eval_duration":0,"thinking_chars":0,"thinking_detected":false,"outcome":"ok"}
{"event":"deep_research_model_call","step":"queries","think":false,"attempt":1,"wall_ms":0,"load_duration":0,"prompt_eval_count":0,"prompt_eval_duration":0,"eval_count":0,"eval_duration":0,"thinking_chars":0,"thinking_detected":false,"outcome":"ok"}
{"event":"deep_research_model_call","step":"queries","think":false,"attempt":1,"wall_ms":0,"load_duration":0,"prompt_eval_count":0,"prompt_eval_duration":0,"eval_count":0,"eval_duration":0,"thinking_chars":0,"thinking_detected":false,"outcome":"ok"}
{"event":"deep_research_model_call","step":"queries","think":false,"attempt":1,"wall_ms":0,"load_duration":0,"prompt_eval_count":0,"prompt_eval_duration":0,"eval_count":0,"eval_duration":0,"thinking_chars":0,"thinking_detected":false,"outcome":"ok"}
{"event":"deep_research_model_call","step":"pages","think":false,"attempt":1,"wall_ms":0,"load_duration":0,"prompt_eval_count":0,"prompt_eval_duration":0,"eval_count":0,"eval_duration":0,"thinking_chars":0,"thinking_detected":false,"outcome":"ok"}
{"event":"deep_research_model_call","step":"gap","think":false,"attempt":1,"wall_ms":0,"load_duration":0,"prompt_eval_count":0,"prompt_eval_duration":0,"eval_count":0,"eval_duration":0,"thinking_chars":0,"thinking_detected":false,"outcome":"ok"}
{"event":"deep_research_model_call","step":"write","think":true,"attempt":1,"wall_ms":0,"load_duration":0,"prompt_eval_count":0,"prompt_eval_duration":0,"eval_count":0,"eval_duration":0,"thinking_chars":0,"thinking_detected":false,"outcome":"ok"}
{"event":"deep_research_run_end","notes_kept":1,"notes_dropped":0,"pages_read":1,"status":"complete","elapsed_ms":1}
{"event":"deep_research_model_call","step":"brief","think":false,"attempt":1,"wall_ms":0,"load_duration":0,"prompt_eval_count":0,"prompt_eval_duration":0,"eval_count":0,"eval_duration":0,"thinking_chars":0,"thinking_detected":false,"outcome":"ok"}
{"event":"deep_research_model_call","step":"plan","think":true,"attempt":1,"wall_ms":0,"load_duration":0,"prompt_eval_count":0,"prompt_eval_duration":0,"eval_count":0,"eval_duration":0,"thinking_chars":0,"thinking_detected":false,"outcome":"ok"}
{"event":"deep_research_model_call","step":"plan","think":false,"attempt":1,"wall_ms":0,"load_duration":0,"prompt_eval_count":0,"prompt_eval_duration":0,"eval_count":0,"eval_duration":0,"thinking_chars":0,"thinking_detected":false,"outcome":"ok"}
{"event":"deep_research_model_call","step":"queries","think":false,"attempt":1,"wall_ms":0,"load_duration":0,"prompt_eval_count":0,"prompt_eval_duration":0,"eval_count":0,"eval_duration":0,"thinking_chars":0,"thinking_detected":false,"outcome":"ok"}
{"event":"deep_research_model_call","step":"pages","think":false,"attempt":1,"wall_ms":0,"load_duration":0,"prompt_eval_count":0,"prompt_eval_duration":0,"eval_count":0,"eval_duration":0,"thinking_chars":0,"thinking_detected":false,"outcome":"ok"}
{"event":"deep_research_model_call","step":"notes","think":false,"attempt":1,"wall_ms":0,"load_duration":0,"prompt_eval_count":0,"prompt_eval_duration":0,"eval_count":0,"eval_duration":0,"thinking_chars":0,"thinking_detected":false,"outcome":"ok"}
{"event":"deep_research_model_call","step":"queries","think":false,"attempt":1,"wall_ms":0,"load_duration":0,"prompt_eval_count":0,"prompt_eval_duration":0,"eval_count":0,"eval_duration":0,"thinking_chars":0,"thinking_detected":false,"outcome":"ok"}
{"event":"deep_research_model_call","step":"queries","think":false,"attempt":1,"wall_ms":0,"load_duration":0,"prompt_eval_count":0,"prompt_eval_duration":0,"eval_count":0,"eval_duration":0,"thinking_chars":0,"thinking_detected":false,"outcome":"ok"}
{"event":"deep_research_model_call","step":"queries","think":false,"attempt":1,"wall_ms":0,"load_duration":0,"prompt_eval_count":0,"prompt_eval_duration":0,"eval_count":0,"eval_duration":0,"thinking_chars":0,"thinking_detected":false,"outcome":"ok"}
{"event":"deep_research_model_call","step":"pages","think":false,"attempt":1,"wall_ms":0,"load_duration":0,"prompt_eval_count":0,"prompt_eval_duration":0,"eval_count":0,"eval_duration":0,"thinking_chars":0,"thinking_detected":false,"outcome":"ok"}
{"event":"deep_research_model_call","step":"queries","think":false,"attempt":1,"wall_ms":0,"load_duration":0,"prompt_eval_count":0,"prompt_eval_duration":0,"eval_count":0,"eval_duration":0,"thinking_chars":0,"thinking_detected":false,"outcome":"ok"}
{"event":"deep_research_model_call","step":"queries","think":false,"attempt":1,"wall_ms":0,"load_duration":0,"prompt_eval_count":0,"prompt_eval_duration":0,"eval_count":0,"eval_duration":0,"thinking_chars":0,"thinking_detected":false,"outcome":"ok"}
{"event":"deep_research_model_call","step":"queries","think":false,"attempt":1,"wall_ms":0,"load_duration":0,"prompt_eval_count":0,"prompt_eval_duration":0,"eval_count":0,"eval_duration":0,"thinking_chars":0,"thinking_detected":false,"outcome":"ok"}
{"event":"deep_research_model_call","step":"pages","think":false,"attempt":1,"wall_ms":0,"load_duration":0,"prompt_eval_count":0,"prompt_eval_duration":0,"eval_count":0,"eval_duration":0,"thinking_chars":0,"thinking_detected":false,"outcome":"ok"}
{"event":"deep_research_model_call","step":"gap","think":false,"attempt":1,"wall_ms":0,"load_duration":0,"prompt_eval_count":0,"prompt_eval_duration":0,"eval_count":0,"eval_duration":0,"thinking_chars":0,"thinking_detected":false,"outcome":"ok"}
{"event":"deep_research_model_call","step":"write","think":true,"attempt":1,"wall_ms":0,"load_duration":0,"prompt_eval_count":0,"prompt_eval_duration":0,"eval_count":0,"eval_duration":0,"thinking_chars":0,"thinking_detected":false,"outcome":"ok"}
{"event":"deep_research_run_end","notes_kept":1,"notes_dropped":0,"pages_read":1,"status":"complete","elapsed_ms":1}
{"event":"deep_research_model_call","step":"brief","think":false,"attempt":1,"wall_ms":0,"load_duration":0,"prompt_eval_count":0,"prompt_eval_duration":0,"eval_count":0,"eval_duration":0,"thinking_chars":0,"thinking_detected":false,"outcome":"ok"}
{"event":"deep_research_model_call","step":"plan","think":true,"attempt":1,"wall_ms":0,"load_duration":0,"prompt_eval_count":0,"prompt_eval_duration":0,"eval_count":0,"eval_duration":0,"thinking_chars":0,"thinking_detected":false,"outcome":"ok"}
{"event":"deep_research_model_call","step":"plan","think":false,"attempt":1,"wall_ms":0,"load_duration":0,"prompt_eval_count":0,"prompt_eval_duration":0,"eval_count":0,"eval_duration":0,"thinking_chars":0,"thinking_detected":false,"outcome":"ok"}
{"event":"deep_research_model_call","step":"queries","think":false,"attempt":1,"wall_ms":0,"load_duration":0,"prompt_eval_count":0,"prompt_eval_duration":0,"eval_count":0,"eval_duration":0,"thinking_chars":0,"thinking_detected":false,"outcome":"ok"}
{"event":"deep_research_model_call","step":"pages","think":false,"attempt":1,"wall_ms":0,"load_duration":0,"prompt_eval_count":0,"prompt_eval_duration":0,"eval_count":0,"eval_duration":0,"thinking_chars":0,"thinking_detected":false,"outcome":"ok"}
{"event":"deep_research_model_call","step":"notes","think":false,"attempt":1,"wall_ms":0,"load_duration":0,"prompt_eval_count":0,"prompt_eval_duration":0,"eval_count":0,"eval_duration":0,"thinking_chars":0,"thinking_detected":false,"outcome":"ok"}
{"event":"deep_research_model_call","step":"queries","think":false,"attempt":1,"wall_ms":0,"load_duration":0,"prompt_eval_count":0,"prompt_eval_duration":0,"eval_count":0,"eval_duration":0,"thinking_chars":0,"thinking_detected":false,"outcome":"ok"}
{"event":"deep_research_model_call","step":"queries","think":false,"attempt":1,"wall_ms":0,"load_duration":0,"prompt_eval_count":0,"prompt_eval_duration":0,"eval_count":0,"eval_duration":0,"thinking_chars":0,"thinking_detected":false,"outcome":"ok"}
{"event":"deep_research_model_call","step":"queries","think":false,"attempt":1,"wall_ms":0,"load_duration":0,"prompt_eval_count":0,"prompt_eval_duration":0,"eval_count":0,"eval_duration":0,"thinking_chars":0,"thinking_detected":false,"outcome":"ok"}
{"event":"deep_research_model_call","step":"pages","think":false,"attempt":1,"wall_ms":0,"load_duration":0,"prompt_eval_count":0,"prompt_eval_duration":0,"eval_count":0,"eval_duration":0,"thinking_chars":0,"thinking_detected":false,"outcome":"ok"}
{"event":"deep_research_model_call","step":"queries","think":false,"attempt":1,"wall_ms":0,"load_duration":0,"prompt_eval_count":0,"prompt_eval_duration":0,"eval_count":0,"eval_duration":0,"thinking_chars":0,"thinking_detected":false,"outcome":"ok"}
{"event":"deep_research_model_call","step":"queries","think":false,"attempt":1,"wall_ms":0,"load_duration":0,"prompt_eval_count":0,"prompt_eval_duration":0,"eval_count":0,"eval_duration":0,"thinking_chars":0,"thinking_detected":false,"outcome":"ok"}
{"event":"deep_research_model_call","step":"queries","think":false,"attempt":1,"wall_ms":0,"load_duration":0,"prompt_eval_count":0,"prompt_eval_duration":0,"eval_count":0,"eval_duration":0,"thinking_chars":0,"thinking_detected":false,"outcome":"ok"}
{"event":"deep_research_model_call","step":"pages","think":false,"attempt":1,"wall_ms":0,"load_duration":0,"prompt_eval_count":0,"prompt_eval_duration":0,"eval_count":0,"eval_duration":0,"thinking_chars":0,"thinking_detected":false,"outcome":"ok"}
{"event":"deep_research_model_call","step":"gap","think":false,"attempt":1,"wall_ms":0,"load_duration":0,"prompt_eval_count":0,"prompt_eval_duration":0,"eval_count":0,"eval_duration":0,"thinking_chars":0,"thinking_detected":false,"outcome":"ok"}
{"event":"deep_research_model_call","step":"write","think":true,"attempt":1,"wall_ms":0,"load_duration":0,"prompt_eval_count":0,"prompt_eval_duration":0,"eval_count":0,"eval_duration":0,"thinking_chars":0,"thinking_detected":false,"outcome":"ok"}
{"event":"deep_research_run_end","notes_kept":1,"notes_dropped":0,"pages_read":1,"status":"complete","elapsed_ms":1}
{"event":"deep_research_model_call","step":"brief","think":false,"attempt":1,"wall_ms":0,"load_duration":0,"prompt_eval_count":0,"prompt_eval_duration":0,"eval_count":0,"eval_duration":0,"thinking_chars":0,"thinking_detected":false,"outcome":"ok"}
{"event":"deep_research_model_call","step":"plan","think":true,"attempt":1,"wall_ms":0,"load_duration":0,"prompt_eval_count":0,"prompt_eval_duration":0,"eval_count":0,"eval_duration":0,"thinking_chars":0,"thinking_detected":false,"outcome":"ok"}
{"event":"deep_research_model_call","step":"plan","think":false,"attempt":1,"wall_ms":0,"load_duration":0,"prompt_eval_count":0,"prompt_eval_duration":0,"eval_count":0,"eval_duration":0,"thinking_chars":0,"thinking_detected":false,"outcome":"ok"}
{"event":"deep_research_model_call","step":"queries","think":false,"attempt":1,"wall_ms":0,"load_duration":0,"prompt_eval_count":0,"prompt_eval_duration":0,"eval_count":0,"eval_duration":0,"thinking_chars":0,"thinking_detected":false,"outcome":"ok"}
{"event":"deep_research_model_call","step":"pages","think":false,"attempt":1,"wall_ms":0,"load_duration":0,"prompt_eval_count":0,"prompt_eval_duration":0,"eval_count":0,"eval_duration":0,"thinking_chars":0,"thinking_detected":false,"outcome":"ok"}
{"event":"deep_research_model_call","step":"notes","think":false,"attempt":1,"wall_ms":0,"load_duration":0,"prompt_eval_count":0,"prompt_eval_duration":0,"eval_count":0,"eval_duration":0,"thinking_chars":0,"thinking_detected":false,"outcome":"ok"}
{"event":"deep_research_model_call","step":"queries","think":false,"attempt":1,"wall_ms":0,"load_duration":0,"prompt_eval_count":0,"prompt_eval_duration":0,"eval_count":0,"eval_duration":0,"thinking_chars":0,"thinking_detected":false,"outcome":"ok"}
{"event":"deep_research_model_call","step":"queries","think":false,"attempt":1,"wall_ms":0,"load_duration":0,"prompt_eval_count":0,"prompt_eval_duration":0,"eval_count":0,"eval_duration":0,"thinking_chars":0,"thinking_detected":false,"outcome":"ok"}
{"event":"deep_research_model_call","step":"queries","think":false,"attempt":1,"wall_ms":0,"load_duration":0,"prompt_eval_count":0,"prompt_eval_duration":0,"eval_count":0,"eval_duration":0,"thinking_chars":0,"thinking_detected":false,"outcome":"ok"}
{"event":"deep_research_model_call","step":"pages","think":false,"attempt":1,"wall_ms":0,"load_duration":0,"prompt_eval_count":0,"prompt_eval_duration":0,"eval_count":0,"eval_duration":0,"thinking_chars":0,"thinking_detected":false,"outcome":"ok"}
{"event":"deep_research_model_call","step":"queries","think":false,"attempt":1,"wall_ms":0,"load_duration":0,"prompt_eval_count":0,"prompt_eval_duration":0,"eval_count":0,"eval_duration":0,"thinking_chars":0,"thinking_detected":false,"outcome":"ok"}
{"event":"deep_research_model_call","step":"queries","think":false,"attempt":1,"wall_ms":0,"load_duration":0,"prompt_eval_count":0,"prompt_eval_duration":0,"eval_count":0,"eval_duration":0,"thinking_chars":0,"thinking_detected":false,"outcome":"ok"}
{"event":"deep_research_model_call","step":"queries","think":false,"attempt":1,"wall_ms":0,"load_duration":0,"prompt_eval_count":0,"prompt_eval_duration":0,"eval_count":0,"eval_duration":0,"thinking_chars":0,"thinking_detected":false,"outcome":"ok"}
{"event":"deep_research_model_call","step":"pages","think":false,"attempt":1,"wall_ms":0,"load_duration":0,"prompt_eval_count":0,"prompt_eval_duration":0,"eval_count":0,"eval_duration":0,"thinking_chars":0,"thinking_detected":false,"outcome":"ok"}
{"event":"deep_research_model_call","step":"gap","think":false,"attempt":1,"wall_ms":0,"load_duration":0,"prompt_eval_count":0,"prompt_eval_duration":0,"eval_count":0,"eval_duration":0,"thinking_chars":0,"thinking_detected":false,"outcome":"ok"}
{"event":"deep_research_model_call","step":"write","think":true,"attempt":1,"wall_ms":0,"load_duration":0,"prompt_eval_count":0,"prompt_eval_duration":0,"eval_count":0,"eval_duration":0,"thinking_chars":0,"thinking_detected":false,"outcome":"ok"}
{"event":"deep_research_run_end","notes_kept":1,"notes_dropped":0,"pages_read":1,"status":"complete","elapsed_ms":1}
{"event":"deep_research_model_call","step":"brief","think":false,"attempt":1,"wall_ms":0,"load_duration":0,"prompt_eval_count":0,"prompt_eval_duration":0,"eval_count":0,"eval_duration":0,"thinking_chars":0,"thinking_detected":false,"outcome":"ok"}
{"event":"deep_research_model_call","step":"plan","think":true,"attempt":1,"wall_ms":0,"load_duration":0,"prompt_eval_count":0,"prompt_eval_duration":0,"eval_count":0,"eval_duration":0,"thinking_chars":0,"thinking_detected":false,"outcome":"ok"}
{"event":"deep_research_model_call","step":"plan","think":false,"attempt":1,"wall_ms":0,"load_duration":0,"prompt_eval_count":0,"prompt_eval_duration":0,"eval_count":0,"eval_duration":0,"thinking_chars":0,"thinking_detected":false,"outcome":"ok"}
{"event":"deep_research_model_call","step":"queries","think":false,"attempt":1,"wall_ms":0,"load_duration":0,"prompt_eval_count":0,"prompt_eval_duration":0,"eval_count":0,"eval_duration":0,"thinking_chars":0,"thinking_detected":false,"outcome":"ok"}
{"event":"deep_research_model_call","step":"pages","think":false,"attempt":1,"wall_ms":0,"load_duration":0,"prompt_eval_count":0,"prompt_eval_duration":0,"eval_count":0,"eval_duration":0,"thinking_chars":0,"thinking_detected":false,"outcome":"ok"}
{"event":"deep_research_model_call","step":"notes","think":false,"attempt":1,"wall_ms":0,"load_duration":0,"prompt_eval_count":0,"prompt_eval_duration":0,"eval_count":0,"eval_duration":0,"thinking_chars":0,"thinking_detected":false,"outcome":"ok"}
{"event":"deep_research_model_call","step":"queries","think":false,"attempt":1,"wall_ms":0,"load_duration":0,"prompt_eval_count":0,"prompt_eval_duration":0,"eval_count":0,"eval_duration":0,"thinking_chars":0,"thinking_detected":false,"outcome":"ok"}
{"event":"deep_research_model_call","step":"queries","think":false,"attempt":1,"wall_ms":0,"load_duration":0,"prompt_eval_count":0,"prompt_eval_duration":0,"eval_count":0,"eval_duration":0,"thinking_chars":0,"thinking_detected":false,"outcome":"ok"}
{"event":"deep_research_model_call","step":"queries","think":false,"attempt":1,"wall_ms":0,"load_duration":0,"prompt_eval_count":0,"prompt_eval_duration":0,"eval_count":0,"eval_duration":0,"thinking_chars":0,"thinking_detected":false,"outcome":"ok"}
{"event":"deep_research_model_call","step":"pages","think":false,"attempt":1,"wall_ms":0,"load_duration":0,"prompt_eval_count":0,"prompt_eval_duration":0,"eval_count":0,"eval_duration":0,"thinking_chars":0,"thinking_detected":false,"outcome":"ok"}
{"event":"deep_research_model_call","step":"queries","think":false,"attempt":1,"wall_ms":0,"load_duration":0,"prompt_eval_count":0,"prompt_eval_duration":0,"eval_count":0,"eval_duration":0,"thinking_chars":0,"thinking_detected":false,"outcome":"ok"}
{"event":"deep_research_model_call","step":"queries","think":false,"attempt":1,"wall_ms":0,"load_duration":0,"prompt_eval_count":0,"prompt_eval_duration":0,"eval_count":0,"eval_duration":0,"thinking_chars":0,"thinking_detected":false,"outcome":"ok"}
{"event":"deep_research_model_call","step":"queries","think":false,"attempt":1,"wall_ms":0,"load_duration":0,"prompt_eval_count":0,"prompt_eval_duration":0,"eval_count":0,"eval_duration":0,"thinking_chars":0,"thinking_detected":false,"outcome":"ok"}
{"event":"deep_research_model_call","step":"pages","think":false,"attempt":1,"wall_ms":0,"load_duration":0,"prompt_eval_count":0,"prompt_eval_duration":0,"eval_count":0,"eval_duration":0,"thinking_chars":0,"thinking_detected":false,"outcome":"ok"}
{"event":"deep_research_model_call","step":"gap","think":false,"attempt":1,"wall_ms":0,"load_duration":0,"prompt_eval_count":0,"prompt_eval_duration":0,"eval_count":0,"eval_duration":0,"thinking_chars":0,"thinking_detected":false,"outcome":"ok"}
{"event":"deep_research_model_call","step":"write","think":true,"attempt":1,"wall_ms":0,"load_duration":0,"prompt_eval_count":0,"prompt_eval_duration":0,"eval_count":0,"eval_duration":0,"thinking_chars":0,"thinking_detected":false,"outcome":"ok"}
{"event":"deep_research_run_end","notes_kept":14,"notes_dropped":0,"pages_read":1,"status":"complete","elapsed_ms":1}
{"event":"deep_research_model_call","step":"brief","think":false,"attempt":1,"wall_ms":0,"load_duration":0,"prompt_eval_count":0,"prompt_eval_duration":0,"eval_count":0,"eval_duration":0,"thinking_chars":0,"thinking_detected":false,"outcome":"ok"}
{"event":"deep_research_model_call","step":"plan","think":true,"attempt":1,"wall_ms":0,"load_duration":0,"prompt_eval_count":0,"prompt_eval_duration":0,"eval_count":0,"eval_duration":0,"thinking_chars":0,"thinking_detected":false,"outcome":"ok"}
{"event":"deep_research_model_call","step":"plan","think":false,"attempt":1,"wall_ms":0,"load_duration":0,"prompt_eval_count":0,"prompt_eval_duration":0,"eval_count":0,"eval_duration":0,"thinking_chars":0,"thinking_detected":false,"outcome":"ok"}
{"event":"deep_research_model_call","step":"queries","think":false,"attempt":1,"wall_ms":0,"load_duration":0,"prompt_eval_count":0,"prompt_eval_duration":0,"eval_count":0,"eval_duration":0,"thinking_chars":0,"thinking_detected":false,"outcome":"ok"}
{"event":"deep_research_model_call","step":"pages","think":false,"attempt":1,"wall_ms":0,"load_duration":0,"prompt_eval_count":0,"prompt_eval_duration":0,"eval_count":0,"eval_duration":0,"thinking_chars":0,"thinking_detected":false,"outcome":"ok"}
{"event":"deep_research_model_call","step":"notes","think":false,"attempt":1,"wall_ms":0,"load_duration":0,"prompt_eval_count":0,"prompt_eval_duration":0,"eval_count":0,"eval_duration":0,"thinking_chars":0,"thinking_detected":false,"outcome":"ok"}
{"event":"deep_research_model_call","step":"queries","think":false,"attempt":1,"wall_ms":1,"load_duration":0,"prompt_eval_count":0,"prompt_eval_duration":0,"eval_count":0,"eval_duration":0,"thinking_chars":0,"thinking_detected":false,"outcome":"ok"}
{"event":"deep_research_model_call","step":"queries","think":false,"attempt":1,"wall_ms":0,"load_duration":0,"prompt_eval_count":0,"prompt_eval_duration":0,"eval_count":0,"eval_duration":0,"thinking_chars":0,"thinking_detected":false,"outcome":"ok"}
{"event":"deep_research_model_call","step":"queries","think":false,"attempt":1,"wall_ms":0,"load_duration":0,"prompt_eval_count":0,"prompt_eval_duration":0,"eval_count":0,"eval_duration":0,"thinking_chars":0,"thinking_detected":false,"outcome":"ok"}
{"event":"deep_research_model_call","step":"pages","think":false,"attempt":1,"wall_ms":0,"load_duration":0,"prompt_eval_count":0,"prompt_eval_duration":0,"eval_count":0,"eval_duration":0,"thinking_chars":0,"thinking_detected":false,"outcome":"ok"}
{"event":"deep_research_model_call","step":"queries","think":false,"attempt":1,"wall_ms":0,"load_duration":0,"prompt_eval_count":0,"prompt_eval_duration":0,"eval_count":0,"eval_duration":0,"thinking_chars":0,"thinking_detected":false,"outcome":"ok"}
{"event":"deep_research_model_call","step":"queries","think":false,"attempt":1,"wall_ms":0,"load_duration":0,"prompt_eval_count":0,"prompt_eval_duration":0,"eval_count":0,"eval_duration":0,"thinking_chars":0,"thinking_detected":false,"outcome":"ok"}
{"event":"deep_research_model_call","step":"queries","think":false,"attempt":1,"wall_ms":0,"load_duration":0,"prompt_eval_count":0,"prompt_eval_duration":0,"eval_count":0,"eval_duration":0,"thinking_chars":0,"thinking_detected":false,"outcome":"ok"}
{"event":"deep_research_model_call","step":"pages","think":false,"attempt":1,"wall_ms":0,"load_duration":0,"prompt_eval_count":0,"prompt_eval_duration":0,"eval_count":0,"eval_duration":0,"thinking_chars":0,"thinking_detected":false,"outcome":"ok"}
{"event":"deep_research_model_call","step":"gap","think":false,"attempt":1,"wall_ms":0,"load_duration":0,"prompt_eval_count":0,"prompt_eval_duration":0,"eval_count":0,"eval_duration":0,"thinking_chars":0,"thinking_detected":false,"outcome":"ok"}
{"event":"deep_research_model_call","step":"write","think":true,"attempt":1,"wall_ms":0,"load_duration":0,"prompt_eval_count":0,"prompt_eval_duration":0,"eval_count":0,"eval_duration":0,"thinking_chars":0,"thinking_detected":false,"outcome":"ok"}
{"event":"deep_research_run_end","notes_kept":2,"notes_dropped":0,"pages_read":1,"status":"complete","elapsed_ms":1}
{"event":"deep_research_model_call","step":"brief","think":false,"attempt":1,"wall_ms":1,"load_duration":0,"prompt_eval_count":0,"prompt_eval_duration":0,"eval_count":0,"eval_duration":0,"thinking_chars":0,"thinking_detected":false,"outcome":"ok"}
{"event":"deep_research_model_call","step":"plan","think":true,"attempt":1,"wall_ms":0,"load_duration":0,"prompt_eval_count":0,"prompt_eval_duration":0,"eval_count":0,"eval_duration":0,"thinking_chars":0,"thinking_detected":false,"outcome":"ok"}
{"event":"deep_research_model_call","step":"plan","think":false,"attempt":1,"wall_ms":0,"load_duration":0,"prompt_eval_count":0,"prompt_eval_duration":0,"eval_count":0,"eval_duration":0,"thinking_chars":0,"thinking_detected":false,"outcome":"ok"}
{"event":"deep_research_model_call","step":"queries","think":false,"attempt":1,"wall_ms":0,"load_duration":0,"prompt_eval_count":0,"prompt_eval_duration":0,"eval_count":0,"eval_duration":0,"thinking_chars":0,"thinking_detected":false,"outcome":"ok"}
{"event":"deep_research_model_call","step":"pages","think":false,"attempt":1,"wall_ms":0,"load_duration":0,"prompt_eval_count":0,"prompt_eval_duration":0,"eval_count":0,"eval_duration":0,"thinking_chars":0,"thinking_detected":false,"outcome":"ok"}
{"event":"deep_research_model_call","step":"notes","think":false,"attempt":1,"wall_ms":0,"load_duration":0,"prompt_eval_count":0,"prompt_eval_duration":0,"eval_count":0,"eval_duration":0,"thinking_chars":0,"thinking_detected":false,"outcome":"ok"}
{"event":"deep_research_note_dropped","run":"02942bb5-b930-4d3d-8d15-482e268c2b00","n":1,"reason":"quote_not_found","quote":"Rangers count 4822 herds each season."}
{"event":"deep_research_model_call","step":"queries","think":false,"attempt":1,"wall_ms":0,"load_duration":0,"prompt_eval_count":0,"prompt_eval_duration":0,"eval_count":0,"eval_duration":0,"thinking_chars":0,"thinking_detected":false,"outcome":"ok"}
{"event":"deep_research_model_call","step":"queries","think":false,"attempt":1,"wall_ms":0,"load_duration":0,"prompt_eval_count":0,"prompt_eval_duration":0,"eval_count":0,"eval_duration":0,"thinking_chars":0,"thinking_detected":false,"outcome":"ok"}
{"event":"deep_research_model_call","step":"queries","think":false,"attempt":1,"wall_ms":0,"load_duration":0,"prompt_eval_count":0,"prompt_eval_duration":0,"eval_count":0,"eval_duration":0,"thinking_chars":0,"thinking_detected":false,"outcome":"ok"}
{"event":"deep_research_model_call","step":"pages","think":false,"attempt":1,"wall_ms":0,"load_duration":0,"prompt_eval_count":0,"prompt_eval_duration":0,"eval_count":0,"eval_duration":0,"thinking_chars":0,"thinking_detected":false,"outcome":"ok"}
{"event":"deep_research_model_call","step":"queries","think":false,"attempt":1,"wall_ms":0,"load_duration":0,"prompt_eval_count":0,"prompt_eval_duration":0,"eval_count":0,"eval_duration":0,"thinking_chars":0,"thinking_detected":false,"outcome":"ok"}
{"event":"deep_research_model_call","step":"queries","think":false,"attempt":1,"wall_ms":0,"load_duration":0,"prompt_eval_count":0,"prompt_eval_duration":0,"eval_count":0,"eval_duration":0,"thinking_chars":0,"thinking_detected":false,"outcome":"ok"}
{"event":"deep_research_model_call","step":"queries","think":false,"attempt":1,"wall_ms":0,"load_duration":0,"prompt_eval_count":0,"prompt_eval_duration":0,"eval_count":0,"eval_duration":0,"thinking_chars":0,"thinking_detected":false,"outcome":"ok"}
{"event":"deep_research_model_call","step":"pages","think":false,"attempt":1,"wall_ms":0,"load_duration":0,"prompt_eval_count":0,"prompt_eval_duration":0,"eval_count":0,"eval_duration":0,"thinking_chars":0,"thinking_detected":false,"outcome":"ok"}
{"event":"deep_research_model_call","step":"gap","think":false,"attempt":1,"wall_ms":0,"load_duration":0,"prompt_eval_count":0,"prompt_eval_duration":0,"eval_count":0,"eval_duration":0,"thinking_chars":0,"thinking_detected":false,"outcome":"ok"}
{"event":"deep_research_model_call","step":"write","think":true,"attempt":1,"wall_ms":0,"load_duration":0,"prompt_eval_count":0,"prompt_eval_duration":0,"eval_count":0,"eval_duration":0,"thinking_chars":0,"thinking_detected":false,"outcome":"ok"}
{"event":"deep_research_run_end","notes_kept":1,"notes_dropped":1,"pages_read":1,"status":"complete","elapsed_ms":1}
{"event":"deep_research_model_call","step":"brief","think":false,"attempt":1,"wall_ms":0,"load_duration":0,"prompt_eval_count":0,"prompt_eval_duration":0,"eval_count":0,"eval_duration":0,"thinking_chars":0,"thinking_detected":false,"outcome":"ok"}
{"event":"deep_research_model_call","step":"plan","think":true,"attempt":1,"wall_ms":0,"load_duration":0,"prompt_eval_count":0,"prompt_eval_duration":0,"eval_count":0,"eval_duration":0,"thinking_chars":0,"thinking_detected":false,"outcome":"ok"}
{"event":"deep_research_model_call","step":"plan","think":false,"attempt":1,"wall_ms":0,"load_duration":0,"prompt_eval_count":0,"prompt_eval_duration":0,"eval_count":0,"eval_duration":0,"thinking_chars":0,"thinking_detected":false,"outcome":"ok"}
{"event":"deep_research_model_call","step":"queries","think":false,"attempt":1,"wall_ms":0,"load_duration":0,"prompt_eval_count":0,"prompt_eval_duration":0,"eval_count":0,"eval_duration":0,"thinking_chars":0,"thinking_detected":false,"outcome":"ok"}
{"event":"deep_research_model_call","step":"pages","think":false,"attempt":1,"wall_ms":0,"load_duration":0,"prompt_eval_count":0,"prompt_eval_duration":0,"eval_count":0,"eval_duration":0,"thinking_chars":0,"thinking_detected":false,"outcome":"ok"}
{"event":"deep_research_model_call","step":"notes","think":false,"attempt":1,"wall_ms":0,"load_duration":0,"prompt_eval_count":0,"prompt_eval_duration":0,"eval_count":0,"eval_duration":0,"thinking_chars":0,"thinking_detected":false,"outcome":"ok"}
{"event":"deep_research_note_dropped","run":"d162b50b-44cc-4ea7-9c30-5bacefc02e9c","n":1,"reason":"quote_not_found","quote":"tender shoots ... The herds gather beside the northern river"}
{"event":"deep_research_note_dropped","run":"d162b50b-44cc-4ea7-9c30-5bacefc02e9c","n":1,"reason":"quote_not_found","quote":"zebras scatter across the southern plains… the herds gather beside"}
{"event":"deep_research_model_call","step":"queries","think":false,"attempt":1,"wall_ms":0,"load_duration":0,"prompt_eval_count":0,"prompt_eval_duration":0,"eval_count":0,"eval_duration":0,"thinking_chars":0,"thinking_detected":false,"outcome":"ok"}
{"event":"deep_research_model_call","step":"queries","think":false,"attempt":1,"wall_ms":0,"load_duration":0,"prompt_eval_count":0,"prompt_eval_duration":0,"eval_count":0,"eval_duration":0,"thinking_chars":0,"thinking_detected":false,"outcome":"ok"}
{"event":"deep_research_model_call","step":"queries","think":false,"attempt":1,"wall_ms":0,"load_duration":0,"prompt_eval_count":0,"prompt_eval_duration":0,"eval_count":0,"eval_duration":0,"thinking_chars":0,"thinking_detected":false,"outcome":"ok"}
{"event":"deep_research_model_call","step":"pages","think":false,"attempt":1,"wall_ms":0,"load_duration":0,"prompt_eval_count":0,"prompt_eval_duration":0,"eval_count":0,"eval_duration":0,"thinking_chars":0,"thinking_detected":false,"outcome":"ok"}
{"event":"deep_research_model_call","step":"queries","think":false,"attempt":1,"wall_ms":0,"load_duration":0,"prompt_eval_count":0,"prompt_eval_duration":0,"eval_count":0,"eval_duration":0,"thinking_chars":0,"thinking_detected":false,"outcome":"ok"}
{"event":"deep_research_model_call","step":"queries","think":false,"attempt":1,"wall_ms":0,"load_duration":0,"prompt_eval_count":0,"prompt_eval_duration":0,"eval_count":0,"eval_duration":0,"thinking_chars":0,"thinking_detected":false,"outcome":"ok"}
{"event":"deep_research_model_call","step":"queries","think":false,"attempt":1,"wall_ms":1,"load_duration":0,"prompt_eval_count":0,"prompt_eval_duration":0,"eval_count":0,"eval_duration":0,"thinking_chars":0,"thinking_detected":false,"outcome":"ok"}
{"event":"deep_research_model_call","step":"pages","think":false,"attempt":1,"wall_ms":0,"load_duration":0,"prompt_eval_count":0,"prompt_eval_duration":0,"eval_count":0,"eval_duration":0,"thinking_chars":0,"thinking_detected":false,"outcome":"ok"}
{"event":"deep_research_model_call","step":"gap","think":false,"attempt":1,"wall_ms":0,"load_duration":0,"prompt_eval_count":0,"prompt_eval_duration":0,"eval_count":0,"eval_duration":0,"thinking_chars":0,"thinking_detected":false,"outcome":"ok"}
{"event":"deep_research_model_call","step":"write","think":true,"attempt":1,"wall_ms":0,"load_duration":0,"prompt_eval_count":0,"prompt_eval_duration":0,"eval_count":0,"eval_duration":0,"thinking_chars":0,"thinking_detected":false,"outcome":"ok"}
{"event":"deep_research_run_end","notes_kept":1,"notes_dropped":2,"pages_read":1,"status":"complete","elapsed_ms":1}
{"event":"deep_research_model_call","step":"brief","think":false,"attempt":1,"wall_ms":0,"load_duration":0,"prompt_eval_count":0,"prompt_eval_duration":0,"eval_count":0,"eval_duration":0,"thinking_chars":0,"thinking_detected":false,"outcome":"ok"}
{"event":"deep_research_model_call","step":"plan","think":true,"attempt":1,"wall_ms":0,"load_duration":0,"prompt_eval_count":0,"prompt_eval_duration":0,"eval_count":0,"eval_duration":0,"thinking_chars":0,"thinking_detected":false,"outcome":"ok"}
{"event":"deep_research_model_call","step":"plan","think":false,"attempt":1,"wall_ms":0,"load_duration":0,"prompt_eval_count":0,"prompt_eval_duration":0,"eval_count":0,"eval_duration":0,"thinking_chars":0,"thinking_detected":false,"outcome":"ok"}
{"event":"deep_research_model_call","step":"queries","think":false,"attempt":1,"wall_ms":1,"load_duration":0,"prompt_eval_count":0,"prompt_eval_duration":0,"eval_count":0,"eval_duration":0,"thinking_chars":0,"thinking_detected":false,"outcome":"ok"}
{"event":"deep_research_model_call","step":"pages","think":false,"attempt":1,"wall_ms":0,"load_duration":0,"prompt_eval_count":0,"prompt_eval_duration":0,"eval_count":0,"eval_duration":0,"thinking_chars":0,"thinking_detected":false,"outcome":"ok"}
{"event":"deep_research_model_call","step":"notes","think":false,"attempt":1,"wall_ms":0,"load_duration":0,"prompt_eval_count":0,"prompt_eval_duration":0,"eval_count":0,"eval_duration":0,"thinking_chars":0,"thinking_detected":false,"outcome":"ok"}
{"event":"deep_research_model_call","step":"queries","think":false,"attempt":1,"wall_ms":0,"load_duration":0,"prompt_eval_count":0,"prompt_eval_duration":0,"eval_count":0,"eval_duration":0,"thinking_chars":0,"thinking_detected":false,"outcome":"ok"}
{"event":"deep_research_model_call","step":"queries","think":false,"attempt":1,"wall_ms":0,"load_duration":0,"prompt_eval_count":0,"prompt_eval_duration":0,"eval_count":0,"eval_duration":0,"thinking_chars":0,"thinking_detected":false,"outcome":"ok"}
{"event":"deep_research_model_call","step":"queries","think":false,"attempt":1,"wall_ms":0,"load_duration":0,"prompt_eval_count":0,"prompt_eval_duration":0,"eval_count":0,"eval_duration":0,"thinking_chars":0,"thinking_detected":false,"outcome":"ok"}
{"event":"deep_research_model_call","step":"pages","think":false,"attempt":1,"wall_ms":0,"load_duration":0,"prompt_eval_count":0,"prompt_eval_duration":0,"eval_count":0,"eval_duration":0,"thinking_chars":0,"thinking_detected":false,"outcome":"ok"}
{"event":"deep_research_model_call","step":"queries","think":false,"attempt":1,"wall_ms":0,"load_duration":0,"prompt_eval_count":0,"prompt_eval_duration":0,"eval_count":0,"eval_duration":0,"thinking_chars":0,"thinking_detected":false,"outcome":"ok"}
{"event":"deep_research_model_call","step":"queries","think":false,"attempt":1,"wall_ms":0,"load_duration":0,"prompt_eval_count":0,"prompt_eval_duration":0,"eval_count":0,"eval_duration":0,"thinking_chars":0,"thinking_detected":false,"outcome":"ok"}
{"event":"deep_research_model_call","step":"queries","think":false,"attempt":1,"wall_ms":0,"load_duration":0,"prompt_eval_count":0,"prompt_eval_duration":0,"eval_count":0,"eval_duration":0,"thinking_chars":0,"thinking_detected":false,"outcome":"ok"}
{"event":"deep_research_model_call","step":"pages","think":false,"attempt":1,"wall_ms":0,"load_duration":0,"prompt_eval_count":0,"prompt_eval_duration":0,"eval_count":0,"eval_duration":0,"thinking_chars":0,"thinking_detected":false,"outcome":"ok"}
{"event":"deep_research_model_call","step":"notes","think":false,"attempt":1,"wall_ms":0,"load_duration":0,"prompt_eval_count":0,"prompt_eval_duration":0,"eval_count":0,"eval_duration":0,"thinking_chars":0,"thinking_detected":false,"outcome":"ok"}
{"event":"deep_research_note_dropped","run":"ebc3e1ec-f0ad-402d-854a-cc39268332c8","n":2,"reason":"quote_not_found","quote":"Quokkas hum loudly at dawn on remote islands."}
{"event":"deep_research_model_call","step":"gap","think":false,"attempt":1,"wall_ms":0,"load_duration":0,"prompt_eval_count":0,"prompt_eval_duration":0,"eval_count":0,"eval_duration":0,"thinking_chars":0,"thinking_detected":false,"outcome":"ok"}
{"event":"deep_research_model_call","step":"write","think":true,"attempt":1,"wall_ms":1,"load_duration":0,"prompt_eval_count":0,"prompt_eval_duration":0,"eval_count":0,"eval_duration":0,"thinking_chars":0,"thinking_detected":false,"outcome":"ok"}
{"event":"deep_research_run_end","notes_kept":1,"notes_dropped":1,"pages_read":2,"status":"complete","elapsed_ms":2}

src/http/deepResearchStartedSteps.test.ts:
{"event":"deep_research_model_call","step":"brief","think":false,"attempt":1,"wall_ms":2,"load_duration":0,"prompt_eval_count":0,"prompt_eval_duration":0,"eval_count":3,"eval_duration":0,"thinking_chars":0,"thinking_detected":false,"outcome":"ok"}
{"event":"deep_research_model_call","step":"plan","think":true,"attempt":1,"wall_ms":6,"load_duration":0,"prompt_eval_count":0,"prompt_eval_duration":0,"eval_count":3,"eval_duration":0,"thinking_chars":0,"thinking_detected":false,"outcome":"ok"}
{"event":"deep_research_model_call","step":"queries","think":false,"attempt":1,"wall_ms":6,"load_duration":0,"prompt_eval_count":0,"prompt_eval_duration":0,"eval_count":3,"eval_duration":0,"thinking_chars":0,"thinking_detected":false,"outcome":"ok"}
{"event":"deep_research_model_call","step":"pages","think":false,"attempt":1,"wall_ms":6,"load_duration":0,"prompt_eval_count":0,"prompt_eval_duration":0,"eval_count":3,"eval_duration":0,"thinking_chars":0,"thinking_detected":false,"outcome":"ok"}
{"event":"deep_research_model_call","step":"notes","think":false,"attempt":1,"wall_ms":7,"load_duration":0,"prompt_eval_count":0,"prompt_eval_duration":0,"eval_count":3,"eval_duration":0,"thinking_chars":0,"thinking_detected":false,"outcome":"ok"}
{"event":"deep_research_model_call","step":"queries","think":false,"attempt":1,"wall_ms":6,"load_duration":0,"prompt_eval_count":0,"prompt_eval_duration":0,"eval_count":3,"eval_duration":0,"thinking_chars":0,"thinking_detected":false,"outcome":"ok"}
{"event":"deep_research_model_call","step":"pages","think":false,"attempt":1,"wall_ms":7,"load_duration":0,"prompt_eval_count":0,"prompt_eval_duration":0,"eval_count":3,"eval_duration":0,"thinking_chars":0,"thinking_detected":false,"outcome":"ok"}
{"event":"deep_research_model_call","step":"notes","think":false,"attempt":1,"wall_ms":6,"load_duration":0,"prompt_eval_count":0,"prompt_eval_duration":0,"eval_count":3,"eval_duration":0,"thinking_chars":0,"thinking_detected":false,"outcome":"ok"}
{"event":"deep_research_model_call","step":"notes","think":false,"attempt":1,"wall_ms":6,"load_duration":0,"prompt_eval_count":0,"prompt_eval_duration":0,"eval_count":3,"eval_duration":0,"thinking_chars":0,"thinking_detected":false,"outcome":"ok"}
{"event":"deep_research_model_call","step":"notes","think":false,"attempt":1,"wall_ms":6,"load_duration":0,"prompt_eval_count":0,"prompt_eval_duration":0,"eval_count":3,"eval_duration":0,"thinking_chars":0,"thinking_detected":false,"outcome":"ok"}
{"event":"deep_research_model_call","step":"gap","think":false,"attempt":1,"wall_ms":6,"load_duration":0,"prompt_eval_count":0,"prompt_eval_duration":0,"eval_count":3,"eval_duration":0,"thinking_chars":0,"thinking_detected":false,"outcome":"ok"}
{"event":"deep_research_model_call","step":"gap","think":false,"attempt":1,"wall_ms":6,"load_duration":0,"prompt_eval_count":0,"prompt_eval_duration":0,"eval_count":3,"eval_duration":0,"thinking_chars":0,"thinking_detected":false,"outcome":"ok"}
{"event":"deep_research_model_call","step":"write","think":true,"attempt":1,"wall_ms":7,"load_duration":0,"prompt_eval_count":0,"prompt_eval_duration":0,"eval_count":3,"eval_duration":0,"thinking_chars":0,"thinking_detected":false,"outcome":"ok"}
{"event":"deep_research_run_end","notes_kept":4,"notes_dropped":0,"pages_read":4,"status":"complete","elapsed_ms":114}
{"event":"deep_research_model_call","step":"brief","think":false,"attempt":1,"wall_ms":1,"load_duration":0,"prompt_eval_count":0,"prompt_eval_duration":0,"eval_count":3,"eval_duration":0,"thinking_chars":0,"thinking_detected":false,"outcome":"ok"}
{"event":"deep_research_model_call","step":"plan","think":true,"attempt":1,"wall_ms":5,"load_duration":0,"prompt_eval_count":0,"prompt_eval_duration":0,"eval_count":3,"eval_duration":0,"thinking_chars":0,"thinking_detected":false,"outcome":"ok"}
{"event":"deep_research_model_call","step":"queries","think":false,"attempt":1,"wall_ms":6,"load_duration":0,"prompt_eval_count":0,"prompt_eval_duration":0,"eval_count":3,"eval_duration":0,"thinking_chars":0,"thinking_detected":false,"outcome":"ok"}
{"event":"deep_research_model_call","step":"pages","think":false,"attempt":1,"wall_ms":6,"load_duration":0,"prompt_eval_count":0,"prompt_eval_duration":0,"eval_count":3,"eval_duration":0,"thinking_chars":0,"thinking_detected":false,"outcome":"ok"}
{"event":"deep_research_model_call","step":"notes","think":false,"attempt":1,"wall_ms":6,"load_duration":0,"prompt_eval_count":0,"prompt_eval_duration":0,"eval_count":3,"eval_duration":0,"thinking_chars":0,"thinking_detected":false,"outcome":"ok"}
{"event":"deep_research_model_call","step":"queries","think":false,"attempt":1,"wall_ms":7,"load_duration":0,"prompt_eval_count":0,"prompt_eval_duration":0,"eval_count":3,"eval_duration":0,"thinking_chars":0,"thinking_detected":false,"outcome":"ok"}
{"event":"deep_research_model_call","step":"pages","think":false,"attempt":1,"wall_ms":6,"load_duration":0,"prompt_eval_count":0,"prompt_eval_duration":0,"eval_count":3,"eval_duration":0,"thinking_chars":0,"thinking_detected":false,"outcome":"ok"}
{"event":"deep_research_model_call","step":"notes","think":false,"attempt":1,"wall_ms":6,"load_duration":0,"prompt_eval_count":0,"prompt_eval_duration":0,"eval_count":3,"eval_duration":0,"thinking_chars":0,"thinking_detected":false,"outcome":"ok"}
{"event":"deep_research_model_call","step":"notes","think":false,"attempt":1,"wall_ms":6,"load_duration":0,"prompt_eval_count":0,"prompt_eval_duration":0,"eval_count":3,"eval_duration":0,"thinking_chars":0,"thinking_detected":false,"outcome":"ok"}
{"event":"deep_research_model_call","step":"notes","think":false,"attempt":1,"wall_ms":7,"load_duration":0,"prompt_eval_count":0,"prompt_eval_duration":0,"eval_count":3,"eval_duration":0,"thinking_chars":0,"thinking_detected":false,"outcome":"ok"}
{"event":"deep_research_model_call","step":"gap","think":false,"attempt":1,"wall_ms":6,"load_duration":0,"prompt_eval_count":0,"prompt_eval_duration":0,"eval_count":3,"eval_duration":0,"thinking_chars":0,"thinking_detected":false,"outcome":"ok"}
{"event":"deep_research_model_call","step":"gap","think":false,"attempt":1,"wall_ms":6,"load_duration":0,"prompt_eval_count":0,"prompt_eval_duration":0,"eval_count":3,"eval_duration":0,"thinking_chars":0,"thinking_detected":false,"outcome":"ok"}
{"event":"deep_research_model_call","step":"write","think":true,"attempt":1,"wall_ms":6,"load_duration":0,"prompt_eval_count":0,"prompt_eval_duration":0,"eval_count":3,"eval_duration":0,"thinking_chars":0,"thinking_detected":false,"outcome":"ok"}
{"event":"deep_research_run_end","notes_kept":4,"notes_dropped":0,"pages_read":4,"status":"complete","elapsed_ms":112}
{"event":"deep_research_model_call","step":"brief","think":false,"attempt":1,"wall_ms":0,"load_duration":0,"prompt_eval_count":0,"prompt_eval_duration":0,"eval_count":3,"eval_duration":0,"thinking_chars":0,"thinking_detected":false,"outcome":"ok"}
{"event":"deep_research_model_call","step":"plan","think":true,"attempt":1,"wall_ms":7,"load_duration":0,"prompt_eval_count":0,"prompt_eval_duration":0,"eval_count":3,"eval_duration":0,"thinking_chars":0,"thinking_detected":false,"outcome":"ok"}
{"event":"deep_research_model_call","step":"queries","think":false,"attempt":1,"wall_ms":6,"load_duration":0,"prompt_eval_count":0,"prompt_eval_duration":0,"eval_count":3,"eval_duration":0,"thinking_chars":0,"thinking_detected":false,"outcome":"ok"}
{"event":"deep_research_model_call","step":"pages","think":false,"attempt":1,"wall_ms":6,"load_duration":0,"prompt_eval_count":0,"prompt_eval_duration":0,"eval_count":3,"eval_duration":0,"thinking_chars":0,"thinking_detected":false,"outcome":"ok"}
{"event":"deep_research_model_call","step":"notes","think":false,"attempt":1,"wall_ms":6,"load_duration":0,"prompt_eval_count":0,"prompt_eval_duration":0,"eval_count":3,"eval_duration":0,"thinking_chars":0,"thinking_detected":false,"outcome":"ok"}
{"event":"deep_research_model_call","step":"queries","think":false,"attempt":1,"wall_ms":7,"load_duration":0,"prompt_eval_count":0,"prompt_eval_duration":0,"eval_count":3,"eval_duration":0,"thinking_chars":0,"thinking_detected":false,"outcome":"ok"}
{"event":"deep_research_model_call","step":"pages","think":false,"attempt":1,"wall_ms":7,"load_duration":0,"prompt_eval_count":0,"prompt_eval_duration":0,"eval_count":3,"eval_duration":0,"thinking_chars":0,"thinking_detected":false,"outcome":"ok"}
{"event":"deep_research_model_call","step":"notes","think":false,"attempt":1,"wall_ms":6,"load_duration":0,"prompt_eval_count":0,"prompt_eval_duration":0,"eval_count":3,"eval_duration":0,"thinking_chars":0,"thinking_detected":false,"outcome":"ok"}
{"event":"deep_research_model_call","step":"notes","think":false,"attempt":1,"wall_ms":6,"load_duration":0,"prompt_eval_count":0,"prompt_eval_duration":0,"eval_count":3,"eval_duration":0,"thinking_chars":0,"thinking_detected":false,"outcome":"ok"}
{"event":"deep_research_model_call","step":"notes","think":false,"attempt":1,"wall_ms":6,"load_duration":0,"prompt_eval_count":0,"prompt_eval_duration":0,"eval_count":3,"eval_duration":0,"thinking_chars":0,"thinking_detected":false,"outcome":"ok"}
{"event":"deep_research_model_call","step":"gap","think":false,"attempt":1,"wall_ms":6,"load_duration":0,"prompt_eval_count":0,"prompt_eval_duration":0,"eval_count":3,"eval_duration":0,"thinking_chars":0,"thinking_detected":false,"outcome":"ok"}
{"event":"deep_research_model_call","step":"gap","think":false,"attempt":1,"wall_ms":6,"load_duration":0,"prompt_eval_count":0,"prompt_eval_duration":0,"eval_count":3,"eval_duration":0,"thinking_chars":0,"thinking_detected":false,"outcome":"ok"}
{"event":"deep_research_model_call","step":"write","think":true,"attempt":1,"wall_ms":7,"load_duration":0,"prompt_eval_count":0,"prompt_eval_duration":0,"eval_count":3,"eval_duration":0,"thinking_chars":0,"thinking_detected":false,"outcome":"ok"}
{"event":"deep_research_run_end","notes_kept":4,"notes_dropped":0,"pages_read":4,"status":"complete","elapsed_ms":114}
{"event":"deep_research_model_call","step":"brief","think":false,"attempt":1,"wall_ms":1,"load_duration":0,"prompt_eval_count":0,"prompt_eval_duration":0,"eval_count":3,"eval_duration":0,"thinking_chars":0,"thinking_detected":false,"outcome":"ok"}
{"event":"deep_research_model_call","step":"plan","think":true,"attempt":1,"wall_ms":6,"load_duration":0,"prompt_eval_count":0,"prompt_eval_duration":0,"eval_count":3,"eval_duration":0,"thinking_chars":0,"thinking_detected":false,"outcome":"ok"}
{"event":"deep_research_model_call","step":"queries","think":false,"attempt":1,"wall_ms":6,"load_duration":0,"prompt_eval_count":0,"prompt_eval_duration":0,"eval_count":3,"eval_duration":0,"thinking_chars":0,"thinking_detected":false,"outcome":"ok"}
{"event":"deep_research_model_call","step":"pages","think":false,"attempt":1,"wall_ms":6,"load_duration":0,"prompt_eval_count":0,"prompt_eval_duration":0,"eval_count":3,"eval_duration":0,"thinking_chars":0,"thinking_detected":false,"outcome":"ok"}
{"event":"deep_research_model_call","step":"notes","think":false,"attempt":1,"wall_ms":6,"load_duration":0,"prompt_eval_count":0,"prompt_eval_duration":0,"eval_count":3,"eval_duration":0,"thinking_chars":0,"thinking_detected":false,"outcome":"ok"}
{"event":"deep_research_model_call","step":"queries","think":false,"attempt":1,"wall_ms":6,"load_duration":0,"prompt_eval_count":0,"prompt_eval_duration":0,"eval_count":3,"eval_duration":0,"thinking_chars":0,"thinking_detected":false,"outcome":"ok"}
{"event":"deep_research_model_call","step":"pages","think":false,"attempt":1,"wall_ms":6,"load_duration":0,"prompt_eval_count":0,"prompt_eval_duration":0,"eval_count":3,"eval_duration":0,"thinking_chars":0,"thinking_detected":false,"outcome":"ok"}
{"event":"deep_research_model_call","step":"notes","think":false,"attempt":1,"wall_ms":7,"load_duration":0,"prompt_eval_count":0,"prompt_eval_duration":0,"eval_count":3,"eval_duration":0,"thinking_chars":0,"thinking_detected":false,"outcome":"ok"}
{"event":"deep_research_model_call","step":"notes","think":false,"attempt":1,"wall_ms":6,"load_duration":0,"prompt_eval_count":0,"prompt_eval_duration":0,"eval_count":3,"eval_duration":0,"thinking_chars":0,"thinking_detected":false,"outcome":"ok"}
{"event":"deep_research_model_call","step":"notes","think":false,"attempt":1,"wall_ms":7,"load_duration":0,"prompt_eval_count":0,"prompt_eval_duration":0,"eval_count":3,"eval_duration":0,"thinking_chars":0,"thinking_detected":false,"outcome":"ok"}
{"event":"deep_research_model_call","step":"gap","think":false,"attempt":1,"wall_ms":5,"load_duration":0,"prompt_eval_count":0,"prompt_eval_duration":0,"eval_count":3,"eval_duration":0,"thinking_chars":0,"thinking_detected":false,"outcome":"ok"}
{"event":"deep_research_model_call","step":"gap","think":false,"attempt":1,"wall_ms":6,"load_duration":0,"prompt_eval_count":0,"prompt_eval_duration":0,"eval_count":3,"eval_duration":0,"thinking_chars":0,"thinking_detected":false,"outcome":"ok"}
{"event":"deep_research_model_call","step":"write","think":true,"attempt":1,"wall_ms":6,"load_duration":0,"prompt_eval_count":0,"prompt_eval_duration":0,"eval_count":3,"eval_duration":0,"thinking_chars":0,"thinking_detected":false,"outcome":"ok"}
{"event":"deep_research_run_end","notes_kept":4,"notes_dropped":0,"pages_read":4,"status":"complete","elapsed_ms":115}

src/generations/manager.test.ts:
{"event":"deep_research_model_call","step":"brief","think":false,"attempt":1,"wall_ms":22,"load_duration":null,"prompt_eval_count":null,"prompt_eval_duration":null,"eval_count":null,"eval_duration":null,"thinking_chars":0,"thinking_detected":false,"outcome":"aborted"}
{"event":"deep_research_model_call","step":"brief","think":false,"attempt":1,"wall_ms":23,"load_duration":null,"prompt_eval_count":null,"prompt_eval_duration":null,"eval_count":null,"eval_duration":null,"thinking_chars":0,"thinking_detected":false,"outcome":"aborted"}
{"event":"deep_research_run_end","notes_kept":0,"notes_dropped":0,"pages_read":0,"status":"partial","elapsed_ms":23}

src/generations/research.test.ts:
{"event":"deep_research_model_call","step":"brief","think":false,"attempt":1,"wall_ms":1,"load_duration":0,"prompt_eval_count":0,"prompt_eval_duration":0,"eval_count":5,"eval_duration":500000000,"thinking_chars":16,"thinking_detected":true,"outcome":"ok"}
{"event":"deep_research_model_call","step":"plan","think":true,"attempt":1,"wall_ms":0,"load_duration":0,"prompt_eval_count":0,"prompt_eval_duration":0,"eval_count":5,"eval_duration":500000000,"thinking_chars":16,"thinking_detected":false,"outcome":"ok"}
{"event":"deep_research_model_call","step":"queries","think":false,"attempt":1,"wall_ms":0,"load_duration":0,"prompt_eval_count":0,"prompt_eval_duration":0,"eval_count":5,"eval_duration":500000000,"thinking_chars":16,"thinking_detected":true,"outcome":"ok"}
{"event":"deep_research_model_call","step":"pages","think":false,"attempt":1,"wall_ms":0,"load_duration":0,"prompt_eval_count":0,"prompt_eval_duration":0,"eval_count":5,"eval_duration":500000000,"thinking_chars":16,"thinking_detected":true,"outcome":"ok"}
{"event":"deep_research_model_call","step":"notes","think":false,"attempt":1,"wall_ms":0,"load_duration":0,"prompt_eval_count":0,"prompt_eval_duration":0,"eval_count":5,"eval_duration":500000000,"thinking_chars":16,"thinking_detected":true,"outcome":"ok"}
{"event":"deep_research_model_call","step":"queries","think":false,"attempt":1,"wall_ms":0,"load_duration":0,"prompt_eval_count":0,"prompt_eval_duration":0,"eval_count":5,"eval_duration":500000000,"thinking_chars":16,"thinking_detected":true,"outcome":"ok"}
{"event":"deep_research_model_call","step":"pages","think":false,"attempt":1,"wall_ms":0,"load_duration":0,"prompt_eval_count":0,"prompt_eval_duration":0,"eval_count":5,"eval_duration":500000000,"thinking_chars":16,"thinking_detected":true,"outcome":"ok"}
{"event":"deep_research_model_call","step":"notes","think":false,"attempt":1,"wall_ms":0,"load_duration":0,"prompt_eval_count":0,"prompt_eval_duration":0,"eval_count":5,"eval_duration":500000000,"thinking_chars":16,"thinking_detected":true,"outcome":"ok"}
{"event":"deep_research_model_call","step":"notes","think":false,"attempt":1,"wall_ms":0,"load_duration":0,"prompt_eval_count":0,"prompt_eval_duration":0,"eval_count":5,"eval_duration":500000000,"thinking_chars":16,"thinking_detected":true,"outcome":"ok"}
{"event":"deep_research_model_call","step":"notes","think":false,"attempt":1,"wall_ms":0,"load_duration":0,"prompt_eval_count":0,"prompt_eval_duration":0,"eval_count":5,"eval_duration":500000000,"thinking_chars":17,"thinking_detected":true,"outcome":"ok"}
{"event":"deep_research_model_call","step":"gap","think":false,"attempt":1,"wall_ms":0,"load_duration":0,"prompt_eval_count":0,"prompt_eval_duration":0,"eval_count":5,"eval_duration":500000000,"thinking_chars":17,"thinking_detected":true,"outcome":"ok"}
{"event":"deep_research_model_call","step":"gap","think":false,"attempt":1,"wall_ms":0,"load_duration":0,"prompt_eval_count":0,"prompt_eval_duration":0,"eval_count":5,"eval_duration":500000000,"thinking_chars":17,"thinking_detected":true,"outcome":"ok"}
{"event":"deep_research_model_call","step":"write","think":true,"attempt":1,"wall_ms":0,"load_duration":0,"prompt_eval_count":0,"prompt_eval_duration":0,"eval_count":5,"eval_duration":500000000,"thinking_chars":17,"thinking_detected":false,"outcome":"ok"}
{"event":"deep_research_run_end","notes_kept":4,"notes_dropped":0,"pages_read":4,"status":"complete","elapsed_ms":3}
{"event":"deep_research_model_call","step":"brief","think":false,"attempt":1,"wall_ms":0,"load_duration":0,"prompt_eval_count":0,"prompt_eval_duration":0,"eval_count":5,"eval_duration":500000000,"thinking_chars":16,"thinking_detected":true,"outcome":"ok"}
{"event":"deep_research_model_call","step":"plan","think":true,"attempt":1,"wall_ms":0,"load_duration":0,"prompt_eval_count":0,"prompt_eval_duration":0,"eval_count":5,"eval_duration":500000000,"thinking_chars":16,"thinking_detected":false,"outcome":"ok"}
{"event":"deep_research_model_call","step":"queries","think":false,"attempt":1,"wall_ms":0,"load_duration":0,"prompt_eval_count":0,"prompt_eval_duration":0,"eval_count":5,"eval_duration":500000000,"thinking_chars":16,"thinking_detected":true,"outcome":"ok"}
{"event":"deep_research_model_call","step":"pages","think":false,"attempt":1,"wall_ms":0,"load_duration":0,"prompt_eval_count":0,"prompt_eval_duration":0,"eval_count":5,"eval_duration":500000000,"thinking_chars":16,"thinking_detected":true,"outcome":"ok"}
{"event":"deep_research_model_call","step":"notes","think":false,"attempt":1,"wall_ms":1,"load_duration":0,"prompt_eval_count":0,"prompt_eval_duration":0,"eval_count":5,"eval_duration":500000000,"thinking_chars":16,"thinking_detected":true,"outcome":"ok"}
{"event":"deep_research_model_call","step":"queries","think":false,"attempt":1,"wall_ms":0,"load_duration":0,"prompt_eval_count":0,"prompt_eval_duration":0,"eval_count":5,"eval_duration":500000000,"thinking_chars":16,"thinking_detected":true,"outcome":"ok"}
{"event":"deep_research_model_call","step":"pages","think":false,"attempt":1,"wall_ms":0,"load_duration":0,"prompt_eval_count":0,"prompt_eval_duration":0,"eval_count":5,"eval_duration":500000000,"thinking_chars":16,"thinking_detected":true,"outcome":"ok"}
{"event":"deep_research_model_call","step":"notes","think":false,"attempt":1,"wall_ms":0,"load_duration":0,"prompt_eval_count":0,"prompt_eval_duration":0,"eval_count":5,"eval_duration":500000000,"thinking_chars":16,"thinking_detected":true,"outcome":"ok"}
{"event":"deep_research_model_call","step":"notes","think":false,"attempt":1,"wall_ms":0,"load_duration":0,"prompt_eval_count":0,"prompt_eval_duration":0,"eval_count":5,"eval_duration":500000000,"thinking_chars":16,"thinking_detected":true,"outcome":"ok"}
{"event":"deep_research_model_call","step":"notes","think":false,"attempt":1,"wall_ms":0,"load_duration":0,"prompt_eval_count":0,"prompt_eval_duration":0,"eval_count":5,"eval_duration":500000000,"thinking_chars":17,"thinking_detected":true,"outcome":"ok"}
{"event":"deep_research_model_call","step":"write","think":true,"attempt":1,"wall_ms":0,"load_duration":0,"prompt_eval_count":0,"prompt_eval_duration":0,"eval_count":5,"eval_duration":500000000,"thinking_chars":17,"thinking_detected":false,"outcome":"ok"}
{"event":"deep_research_run_end","notes_kept":4,"notes_dropped":0,"pages_read":4,"status":"complete","elapsed_ms":1}
{"event":"deep_research_model_call","step":"brief","think":false,"attempt":1,"wall_ms":0,"load_duration":0,"prompt_eval_count":0,"prompt_eval_duration":0,"eval_count":5,"eval_duration":500000000,"thinking_chars":16,"thinking_detected":true,"outcome":"ok"}
{"event":"deep_research_model_call","step":"plan","think":true,"attempt":1,"wall_ms":0,"load_duration":0,"prompt_eval_count":0,"prompt_eval_duration":0,"eval_count":5,"eval_duration":500000000,"thinking_chars":16,"thinking_detected":false,"outcome":"ok"}
{"event":"deep_research_model_call","step":"queries","think":false,"attempt":1,"wall_ms":0,"load_duration":0,"prompt_eval_count":0,"prompt_eval_duration":0,"eval_count":5,"eval_duration":500000000,"thinking_chars":16,"thinking_detected":true,"outcome":"ok"}
{"event":"deep_research_model_call","step":"pages","think":false,"attempt":1,"wall_ms":0,"load_duration":0,"prompt_eval_count":0,"prompt_eval_duration":0,"eval_count":5,"eval_duration":500000000,"thinking_chars":16,"thinking_detected":true,"outcome":"ok"}
{"event":"deep_research_model_call","step":"notes","think":false,"attempt":1,"wall_ms":0,"load_duration":0,"prompt_eval_count":0,"prompt_eval_duration":0,"eval_count":5,"eval_duration":500000000,"thinking_chars":16,"thinking_detected":true,"outcome":"ok"}
{"event":"deep_research_model_call","step":"queries","think":false,"attempt":1,"wall_ms":0,"load_duration":0,"prompt_eval_count":0,"prompt_eval_duration":0,"eval_count":5,"eval_duration":500000000,"thinking_chars":16,"thinking_detected":true,"outcome":"ok"}
{"event":"deep_research_model_call","step":"pages","think":false,"attempt":1,"wall_ms":0,"load_duration":0,"prompt_eval_count":0,"prompt_eval_duration":0,"eval_count":5,"eval_duration":500000000,"thinking_chars":16,"thinking_detected":true,"outcome":"ok"}
{"event":"deep_research_model_call","step":"notes","think":false,"attempt":1,"wall_ms":0,"load_duration":0,"prompt_eval_count":0,"prompt_eval_duration":0,"eval_count":5,"eval_duration":500000000,"thinking_chars":16,"thinking_detected":true,"outcome":"ok"}
{"event":"deep_research_model_call","step":"notes","think":false,"attempt":1,"wall_ms":0,"load_duration":0,"prompt_eval_count":0,"prompt_eval_duration":0,"eval_count":5,"eval_duration":500000000,"thinking_chars":16,"thinking_detected":true,"outcome":"ok"}
{"event":"deep_research_model_call","step":"notes","think":false,"attempt":1,"wall_ms":0,"load_duration":0,"prompt_eval_count":0,"prompt_eval_duration":0,"eval_count":5,"eval_duration":500000000,"thinking_chars":17,"thinking_detected":true,"outcome":"ok"}
{"event":"deep_research_model_call","step":"write","think":true,"attempt":1,"wall_ms":0,"load_duration":0,"prompt_eval_count":0,"prompt_eval_duration":0,"eval_count":5,"eval_duration":500000000,"thinking_chars":17,"thinking_detected":false,"outcome":"ok"}
{"event":"deep_research_run_end","notes_kept":4,"notes_dropped":0,"pages_read":4,"status":"complete","elapsed_ms":1}
{"event":"deep_research_model_call","step":"brief","think":false,"attempt":1,"wall_ms":0,"load_duration":0,"prompt_eval_count":0,"prompt_eval_duration":0,"eval_count":5,"eval_duration":500000000,"thinking_chars":16,"thinking_detected":true,"outcome":"ok"}
{"event":"deep_research_model_call","step":"plan","think":true,"attempt":1,"wall_ms":0,"load_duration":0,"prompt_eval_count":0,"prompt_eval_duration":0,"eval_count":5,"eval_duration":500000000,"thinking_chars":16,"thinking_detected":false,"outcome":"ok"}
{"event":"deep_research_model_call","step":"queries","think":false,"attempt":1,"wall_ms":0,"load_duration":0,"prompt_eval_count":0,"prompt_eval_duration":0,"eval_count":5,"eval_duration":500000000,"thinking_chars":16,"thinking_detected":true,"outcome":"ok"}
{"event":"deep_research_model_call","step":"queries","think":false,"attempt":1,"wall_ms":0,"load_duration":0,"prompt_eval_count":0,"prompt_eval_duration":0,"eval_count":5,"eval_duration":500000000,"thinking_chars":16,"thinking_detected":true,"outcome":"ok"}
{"event":"deep_research_model_call","step":"pages","think":false,"attempt":1,"wall_ms":0,"load_duration":0,"prompt_eval_count":0,"prompt_eval_duration":0,"eval_count":5,"eval_duration":500000000,"thinking_chars":16,"thinking_detected":true,"outcome":"ok"}
{"event":"deep_research_model_call","step":"notes","think":false,"attempt":1,"wall_ms":0,"load_duration":0,"prompt_eval_count":0,"prompt_eval_duration":0,"eval_count":5,"eval_duration":500000000,"thinking_chars":16,"thinking_detected":true,"outcome":"ok"}
{"event":"deep_research_model_call","step":"notes","think":false,"attempt":1,"wall_ms":0,"load_duration":0,"prompt_eval_count":0,"prompt_eval_duration":0,"eval_count":5,"eval_duration":500000000,"thinking_chars":16,"thinking_detected":true,"outcome":"ok"}
{"event":"deep_research_model_call","step":"write","think":true,"attempt":1,"wall_ms":0,"load_duration":0,"prompt_eval_count":0,"prompt_eval_duration":0,"eval_count":5,"eval_duration":500000000,"thinking_chars":16,"thinking_detected":false,"outcome":"ok"}
{"event":"deep_research_run_end","notes_kept":2,"notes_dropped":0,"pages_read":2,"status":"complete","elapsed_ms":1}
{"event":"deep_research_model_call","step":"brief","think":false,"attempt":1,"wall_ms":0,"load_duration":0,"prompt_eval_count":0,"prompt_eval_duration":0,"eval_count":5,"eval_duration":500000000,"thinking_chars":16,"thinking_detected":true,"outcome":"ok"}
{"event":"deep_research_model_call","step":"plan","think":true,"attempt":1,"wall_ms":0,"load_duration":0,"prompt_eval_count":0,"prompt_eval_duration":0,"eval_count":5,"eval_duration":500000000,"thinking_chars":16,"thinking_detected":false,"outcome":"ok"}
{"event":"deep_research_model_call","step":"queries","think":false,"attempt":1,"wall_ms":1,"load_duration":0,"prompt_eval_count":0,"prompt_eval_duration":0,"eval_count":5,"eval_duration":500000000,"thinking_chars":16,"thinking_detected":true,"outcome":"ok"}
{"event":"deep_research_model_call","step":"queries","think":false,"attempt":1,"wall_ms":0,"load_duration":0,"prompt_eval_count":0,"prompt_eval_duration":0,"eval_count":5,"eval_duration":500000000,"thinking_chars":16,"thinking_detected":true,"outcome":"ok"}
{"event":"deep_research_model_call","step":"pages","think":false,"attempt":1,"wall_ms":0,"load_duration":0,"prompt_eval_count":0,"prompt_eval_duration":0,"eval_count":5,"eval_duration":500000000,"thinking_chars":16,"thinking_detected":true,"outcome":"ok"}
{"event":"deep_research_model_call","step":"notes","think":false,"attempt":1,"wall_ms":0,"load_duration":0,"prompt_eval_count":0,"prompt_eval_duration":0,"eval_count":5,"eval_duration":500000000,"thinking_chars":16,"thinking_detected":true,"outcome":"ok"}
{"event":"deep_research_model_call","step":"gap","think":false,"attempt":1,"wall_ms":0,"load_duration":0,"prompt_eval_count":0,"prompt_eval_duration":0,"eval_count":5,"eval_duration":500000000,"thinking_chars":16,"thinking_detected":true,"outcome":"ok"}
{"event":"deep_research_model_call","step":"pages","think":false,"attempt":1,"wall_ms":0,"load_duration":0,"prompt_eval_count":0,"prompt_eval_duration":0,"eval_count":5,"eval_duration":500000000,"thinking_chars":16,"thinking_detected":true,"outcome":"ok"}
{"event":"deep_research_model_call","step":"gap","think":false,"attempt":1,"wall_ms":0,"load_duration":0,"prompt_eval_count":0,"prompt_eval_duration":0,"eval_count":5,"eval_duration":500000000,"thinking_chars":16,"thinking_detected":true,"outcome":"ok"}
{"event":"deep_research_model_call","step":"pages","think":false,"attempt":1,"wall_ms":0,"load_duration":0,"prompt_eval_count":0,"prompt_eval_duration":0,"eval_count":5,"eval_duration":500000000,"thinking_chars":17,"thinking_detected":true,"outcome":"ok"}
{"event":"deep_research_model_call","step":"write","think":true,"attempt":1,"wall_ms":0,"load_duration":0,"prompt_eval_count":0,"prompt_eval_duration":0,"eval_count":5,"eval_duration":500000000,"thinking_chars":17,"thinking_detected":false,"outcome":"ok"}
{"event":"deep_research_run_end","notes_kept":1,"notes_dropped":0,"pages_read":1,"status":"complete","elapsed_ms":1}
{"event":"deep_research_model_call","step":"brief","think":false,"attempt":1,"wall_ms":0,"load_duration":0,"prompt_eval_count":0,"prompt_eval_duration":0,"eval_count":5,"eval_duration":500000000,"thinking_chars":16,"thinking_detected":true,"outcome":"ok"}
{"event":"deep_research_model_call","step":"plan","think":true,"attempt":1,"wall_ms":1,"load_duration":0,"prompt_eval_count":0,"prompt_eval_duration":0,"eval_count":5,"eval_duration":500000000,"thinking_chars":16,"thinking_detected":false,"outcome":"ok"}
{"event":"deep_research_model_call","step":"queries","think":false,"attempt":1,"wall_ms":0,"load_duration":0,"prompt_eval_count":0,"prompt_eval_duration":0,"eval_count":5,"eval_duration":500000000,"thinking_chars":16,"thinking_detected":true,"outcome":"ok"}
{"event":"deep_research_model_call","step":"queries","think":false,"attempt":1,"wall_ms":0,"load_duration":0,"prompt_eval_count":0,"prompt_eval_duration":0,"eval_count":5,"eval_duration":500000000,"thinking_chars":16,"thinking_detected":true,"outcome":"ok"}
{"event":"deep_research_model_call","step":"queries","think":false,"attempt":1,"wall_ms":0,"load_duration":0,"prompt_eval_count":0,"prompt_eval_duration":0,"eval_count":5,"eval_duration":500000000,"thinking_chars":16,"thinking_detected":true,"outcome":"ok"}
{"event":"deep_research_model_call","step":"queries","think":false,"attempt":1,"wall_ms":0,"load_duration":0,"prompt_eval_count":0,"prompt_eval_duration":0,"eval_count":5,"eval_duration":500000000,"thinking_chars":16,"thinking_detected":true,"outcome":"ok"}
{"event":"deep_research_model_call","step":"pages","think":false,"attempt":1,"wall_ms":0,"load_duration":0,"prompt_eval_count":0,"prompt_eval_duration":0,"eval_count":5,"eval_duration":500000000,"thinking_chars":16,"thinking_detected":true,"outcome":"ok"}
{"event":"deep_research_model_call","step":"notes","think":false,"attempt":1,"wall_ms":0,"load_duration":0,"prompt_eval_count":0,"prompt_eval_duration":0,"eval_count":5,"eval_duration":500000000,"thinking_chars":16,"thinking_detected":true,"outcome":"ok"}
{"event":"deep_research_model_call","step":"notes","think":false,"attempt":1,"wall_ms":0,"load_duration":0,"prompt_eval_count":0,"prompt_eval_duration":0,"eval_count":5,"eval_duration":500000000,"thinking_chars":16,"thinking_detected":true,"outcome":"ok"}
{"event":"deep_research_model_call","step":"write","think":true,"attempt":1,"wall_ms":0,"load_duration":0,"prompt_eval_count":0,"prompt_eval_duration":0,"eval_count":5,"eval_duration":500000000,"thinking_chars":17,"thinking_detected":false,"outcome":"ok"}
{"event":"deep_research_run_end","notes_kept":2,"notes_dropped":0,"pages_read":2,"status":"complete","elapsed_ms":1}
{"event":"deep_research_model_call","step":"brief","think":false,"attempt":1,"wall_ms":0,"load_duration":0,"prompt_eval_count":0,"prompt_eval_duration":0,"eval_count":5,"eval_duration":500000000,"thinking_chars":16,"thinking_detected":true,"outcome":"invalid"}
{"event":"deep_research_model_call","step":"brief","think":false,"attempt":2,"wall_ms":1,"load_duration":0,"prompt_eval_count":0,"prompt_eval_duration":0,"eval_count":5,"eval_duration":500000000,"thinking_chars":16,"thinking_detected":true,"outcome":"ok"}
{"event":"deep_research_model_call","step":"plan","think":true,"attempt":1,"wall_ms":0,"load_duration":0,"prompt_eval_count":0,"prompt_eval_duration":0,"eval_count":5,"eval_duration":500000000,"thinking_chars":16,"thinking_detected":false,"outcome":"invalid"}
{"event":"deep_research_model_call","step":"plan","think":true,"attempt":2,"wall_ms":0,"load_duration":0,"prompt_eval_count":0,"prompt_eval_duration":0,"eval_count":5,"eval_duration":500000000,"thinking_chars":16,"thinking_detected":false,"outcome":"invalid"}
{"event":"deep_research_model_call","step":"plan","think":true,"attempt":3,"wall_ms":0,"load_duration":0,"prompt_eval_count":0,"prompt_eval_duration":0,"eval_count":5,"eval_duration":500000000,"thinking_chars":16,"thinking_detected":false,"outcome":"invalid"}
{"event":"deep_research_model_call","step":"queries","think":false,"attempt":1,"wall_ms":0,"load_duration":0,"prompt_eval_count":0,"prompt_eval_duration":0,"eval_count":5,"eval_duration":500000000,"thinking_chars":16,"thinking_detected":true,"outcome":"ok"}
{"event":"deep_research_model_call","step":"pages","think":false,"attempt":1,"wall_ms":0,"load_duration":0,"prompt_eval_count":0,"prompt_eval_duration":0,"eval_count":5,"eval_duration":500000000,"thinking_chars":16,"thinking_detected":true,"outcome":"ok"}
{"event":"deep_research_model_call","step":"notes","think":false,"attempt":1,"wall_ms":0,"load_duration":0,"prompt_eval_count":0,"prompt_eval_duration":0,"eval_count":5,"eval_duration":500000000,"thinking_chars":16,"thinking_detected":true,"outcome":"ok"}
{"event":"deep_research_model_call","step":"notes","think":false,"attempt":1,"wall_ms":0,"load_duration":0,"prompt_eval_count":0,"prompt_eval_duration":0,"eval_count":5,"eval_duration":500000000,"thinking_chars":16,"thinking_detected":true,"outcome":"ok"}
{"event":"deep_research_model_call","step":"write","think":true,"attempt":1,"wall_ms":0,"load_duration":0,"prompt_eval_count":0,"prompt_eval_duration":0,"eval_count":5,"eval_duration":500000000,"thinking_chars":17,"thinking_detected":false,"outcome":"invalid"}
{"event":"deep_research_model_call","step":"write","think":true,"attempt":2,"wall_ms":0,"load_duration":0,"prompt_eval_count":0,"prompt_eval_duration":0,"eval_count":5,"eval_duration":500000000,"thinking_chars":17,"thinking_detected":false,"outcome":"invalid"}
{"event":"deep_research_model_call","step":"write","think":true,"attempt":3,"wall_ms":0,"load_duration":0,"prompt_eval_count":0,"prompt_eval_duration":0,"eval_count":5,"eval_duration":500000000,"thinking_chars":17,"thinking_detected":false,"outcome":"invalid"}
{"event":"deep_research_run_end","notes_kept":2,"notes_dropped":0,"pages_read":2,"status":"partial","elapsed_ms":1}
{"event":"deep_research_model_call","step":"brief","think":false,"attempt":1,"wall_ms":1,"load_duration":null,"prompt_eval_count":null,"prompt_eval_duration":null,"eval_count":null,"eval_duration":null,"thinking_chars":0,"thinking_detected":false,"outcome":"error"}
{"event":"deep_research_model_call","step":"plan","think":true,"attempt":1,"wall_ms":0,"load_duration":null,"prompt_eval_count":null,"prompt_eval_duration":null,"eval_count":null,"eval_duration":null,"thinking_chars":0,"thinking_detected":false,"outcome":"error"}
{"event":"deep_research_model_call","step":"queries","think":false,"attempt":1,"wall_ms":0,"load_duration":null,"prompt_eval_count":null,"prompt_eval_duration":null,"eval_count":null,"eval_duration":null,"thinking_chars":0,"thinking_detected":false,"outcome":"error"}
{"event":"deep_research_model_call","step":"pages","think":false,"attempt":1,"wall_ms":0,"load_duration":null,"prompt_eval_count":null,"prompt_eval_duration":null,"eval_count":null,"eval_duration":null,"thinking_chars":0,"thinking_detected":false,"outcome":"error"}
{"event":"deep_research_model_call","step":"notes","think":false,"attempt":1,"wall_ms":0,"load_duration":null,"prompt_eval_count":null,"prompt_eval_duration":null,"eval_count":null,"eval_duration":null,"thinking_chars":0,"thinking_detected":false,"outcome":"error"}
{"event":"deep_research_model_call","step":"notes","think":false,"attempt":1,"wall_ms":0,"load_duration":null,"prompt_eval_count":null,"prompt_eval_duration":null,"eval_count":null,"eval_duration":null,"thinking_chars":0,"thinking_detected":false,"outcome":"error"}
{"event":"deep_research_run_end","notes_kept":0,"notes_dropped":0,"pages_read":2,"status":"failed","elapsed_ms":1}
{"event":"deep_research_model_call","step":"brief","think":false,"attempt":1,"wall_ms":0,"load_duration":null,"prompt_eval_count":null,"prompt_eval_duration":null,"eval_count":null,"eval_duration":null,"thinking_chars":0,"thinking_detected":false,"outcome":"error"}
{"event":"deep_research_model_call","step":"plan","think":true,"attempt":1,"wall_ms":0,"load_duration":null,"prompt_eval_count":null,"prompt_eval_duration":null,"eval_count":null,"eval_duration":null,"thinking_chars":0,"thinking_detected":false,"outcome":"error"}
{"event":"deep_research_model_call","step":"queries","think":false,"attempt":1,"wall_ms":0,"load_duration":null,"prompt_eval_count":null,"prompt_eval_duration":null,"eval_count":null,"eval_duration":null,"thinking_chars":0,"thinking_detected":false,"outcome":"error"}
{"event":"deep_research_model_call","step":"queries","think":false,"attempt":1,"wall_ms":0,"load_duration":null,"prompt_eval_count":null,"prompt_eval_duration":null,"eval_count":null,"eval_duration":null,"thinking_chars":0,"thinking_detected":false,"outcome":"error"}
{"event":"deep_research_model_call","step":"queries","think":false,"attempt":1,"wall_ms":0,"load_duration":null,"prompt_eval_count":null,"prompt_eval_duration":null,"eval_count":null,"eval_duration":null,"thinking_chars":0,"thinking_detected":false,"outcome":"error"}
{"event":"deep_research_model_call","step":"pages","think":false,"attempt":1,"wall_ms":0,"load_duration":null,"prompt_eval_count":null,"prompt_eval_duration":null,"eval_count":null,"eval_duration":null,"thinking_chars":0,"thinking_detected":false,"outcome":"error"}
{"event":"deep_research_model_call","step":"notes","think":false,"attempt":1,"wall_ms":0,"load_duration":null,"prompt_eval_count":null,"prompt_eval_duration":null,"eval_count":null,"eval_duration":null,"thinking_chars":0,"thinking_detected":false,"outcome":"error"}
{"event":"deep_research_model_call","step":"notes","think":false,"attempt":1,"wall_ms":0,"load_duration":null,"prompt_eval_count":null,"prompt_eval_duration":null,"eval_count":null,"eval_duration":null,"thinking_chars":0,"thinking_detected":false,"outcome":"error"}
{"event":"deep_research_run_end","notes_kept":0,"notes_dropped":0,"pages_read":2,"status":"failed","elapsed_ms":1}
{"event":"deep_research_model_call","step":"brief","think":false,"attempt":1,"wall_ms":0,"load_duration":0,"prompt_eval_count":0,"prompt_eval_duration":0,"eval_count":5,"eval_duration":500000000,"thinking_chars":16,"thinking_detected":true,"outcome":"ok"}
{"event":"deep_research_model_call","step":"plan","think":true,"attempt":1,"wall_ms":0,"load_duration":0,"prompt_eval_count":0,"prompt_eval_duration":0,"eval_count":5,"eval_duration":500000000,"thinking_chars":16,"thinking_detected":false,"outcome":"ok"}
{"event":"deep_research_model_call","step":"queries","think":false,"attempt":1,"wall_ms":0,"load_duration":0,"prompt_eval_count":0,"prompt_eval_duration":0,"eval_count":5,"eval_duration":500000000,"thinking_chars":16,"thinking_detected":true,"outcome":"ok"}
{"event":"deep_research_model_call","step":"pages","think":false,"attempt":1,"wall_ms":0,"load_duration":0,"prompt_eval_count":0,"prompt_eval_duration":0,"eval_count":5,"eval_duration":500000000,"thinking_chars":16,"thinking_detected":true,"outcome":"ok"}
{"event":"deep_research_model_call","step":"notes","think":false,"attempt":1,"wall_ms":0,"load_duration":0,"prompt_eval_count":0,"prompt_eval_duration":0,"eval_count":5,"eval_duration":500000000,"thinking_chars":16,"thinking_detected":true,"outcome":"ok"}
{"event":"deep_research_model_call","step":"queries","think":false,"attempt":1,"wall_ms":0,"load_duration":0,"prompt_eval_count":0,"prompt_eval_duration":0,"eval_count":5,"eval_duration":500000000,"thinking_chars":16,"thinking_detected":true,"outcome":"ok"}
{"event":"deep_research_model_call","step":"queries","think":false,"attempt":1,"wall_ms":1,"load_duration":0,"prompt_eval_count":0,"prompt_eval_duration":0,"eval_count":5,"eval_duration":500000000,"thinking_chars":16,"thinking_detected":true,"outcome":"ok"}
{"event":"deep_research_model_call","step":"queries","think":false,"attempt":1,"wall_ms":0,"load_duration":0,"prompt_eval_count":0,"prompt_eval_duration":0,"eval_count":5,"eval_duration":500000000,"thinking_chars":16,"thinking_detected":true,"outcome":"ok"}
{"event":"deep_research_model_call","step":"pages","think":false,"attempt":1,"wall_ms":0,"load_duration":0,"prompt_eval_count":0,"prompt_eval_duration":0,"eval_count":5,"eval_duration":500000000,"thinking_chars":16,"thinking_detected":true,"outcome":"ok"}
{"event":"deep_research_model_call","step":"notes","think":false,"attempt":1,"wall_ms":0,"load_duration":0,"prompt_eval_count":0,"prompt_eval_duration":0,"eval_count":5,"eval_duration":500000000,"thinking_chars":17,"thinking_detected":true,"outcome":"ok"}
{"event":"deep_research_model_call","step":"notes","think":false,"attempt":1,"wall_ms":0,"load_duration":0,"prompt_eval_count":0,"prompt_eval_duration":0,"eval_count":5,"eval_duration":500000000,"thinking_chars":17,"thinking_detected":true,"outcome":"ok"}
{"event":"deep_research_model_call","step":"notes","think":false,"attempt":1,"wall_ms":0,"load_duration":0,"prompt_eval_count":0,"prompt_eval_duration":0,"eval_count":5,"eval_duration":500000000,"thinking_chars":17,"thinking_detected":true,"outcome":"ok"}
{"event":"deep_research_model_call","step":"write","think":true,"attempt":1,"wall_ms":0,"load_duration":0,"prompt_eval_count":0,"prompt_eval_duration":0,"eval_count":5,"eval_duration":500000000,"thinking_chars":17,"thinking_detected":false,"outcome":"ok"}
{"event":"deep_research_run_end","notes_kept":4,"notes_dropped":0,"pages_read":4,"status":"complete","elapsed_ms":1}
{"event":"deep_research_model_call","step":"brief","think":false,"attempt":1,"wall_ms":0,"load_duration":0,"prompt_eval_count":0,"prompt_eval_duration":0,"eval_count":5,"eval_duration":500000000,"thinking_chars":16,"thinking_detected":true,"outcome":"ok"}
{"event":"deep_research_model_call","step":"plan","think":true,"attempt":1,"wall_ms":0,"load_duration":0,"prompt_eval_count":0,"prompt_eval_duration":0,"eval_count":5,"eval_duration":500000000,"thinking_chars":16,"thinking_detected":false,"outcome":"ok"}
{"event":"deep_research_model_call","step":"queries","think":false,"attempt":1,"wall_ms":0,"load_duration":0,"prompt_eval_count":0,"prompt_eval_duration":0,"eval_count":5,"eval_duration":500000000,"thinking_chars":16,"thinking_detected":true,"outcome":"ok"}
{"event":"deep_research_model_call","step":"pages","think":false,"attempt":1,"wall_ms":1,"load_duration":0,"prompt_eval_count":0,"prompt_eval_duration":0,"eval_count":5,"eval_duration":500000000,"thinking_chars":16,"thinking_detected":true,"outcome":"ok"}
{"event":"deep_research_model_call","step":"notes","think":false,"attempt":1,"wall_ms":0,"load_duration":0,"prompt_eval_count":0,"prompt_eval_duration":0,"eval_count":5,"eval_duration":500000000,"thinking_chars":16,"thinking_detected":true,"outcome":"ok"}
{"event":"deep_research_model_call","step":"gap","think":false,"attempt":1,"wall_ms":0,"load_duration":0,"prompt_eval_count":0,"prompt_eval_duration":0,"eval_count":5,"eval_duration":500000000,"thinking_chars":16,"thinking_detected":true,"outcome":"ok"}
{"event":"deep_research_model_call","step":"pages","think":false,"attempt":1,"wall_ms":0,"load_duration":0,"prompt_eval_count":0,"prompt_eval_duration":0,"eval_count":5,"eval_duration":500000000,"thinking_chars":16,"thinking_detected":true,"outcome":"ok"}
{"event":"deep_research_model_call","step":"notes","think":false,"attempt":1,"wall_ms":0,"load_duration":0,"prompt_eval_count":0,"prompt_eval_duration":0,"eval_count":5,"eval_duration":500000000,"thinking_chars":16,"thinking_detected":true,"outcome":"ok"}
{"event":"deep_research_model_call","step":"write","think":true,"attempt":1,"wall_ms":0,"load_duration":0,"prompt_eval_count":0,"prompt_eval_duration":0,"eval_count":5,"eval_duration":500000000,"thinking_chars":16,"thinking_detected":false,"outcome":"ok"}
{"event":"deep_research_run_end","notes_kept":4,"notes_dropped":0,"pages_read":2,"status":"complete","elapsed_ms":1}
{"event":"deep_research_model_call","step":"brief","think":false,"attempt":1,"wall_ms":0,"load_duration":0,"prompt_eval_count":0,"prompt_eval_duration":0,"eval_count":5,"eval_duration":500000000,"thinking_chars":16,"thinking_detected":true,"outcome":"ok"}
{"event":"deep_research_model_call","step":"plan","think":true,"attempt":1,"wall_ms":0,"load_duration":0,"prompt_eval_count":0,"prompt_eval_duration":0,"eval_count":5,"eval_duration":500000000,"thinking_chars":16,"thinking_detected":false,"outcome":"ok"}
{"event":"deep_research_model_call","step":"queries","think":false,"attempt":1,"wall_ms":0,"load_duration":0,"prompt_eval_count":0,"prompt_eval_duration":0,"eval_count":5,"eval_duration":500000000,"thinking_chars":16,"thinking_detected":true,"outcome":"ok"}
{"event":"deep_research_model_call","step":"pages","think":false,"attempt":1,"wall_ms":0,"load_duration":0,"prompt_eval_count":0,"prompt_eval_duration":0,"eval_count":5,"eval_duration":500000000,"thinking_chars":16,"thinking_detected":true,"outcome":"ok"}
{"event":"deep_research_model_call","step":"notes","think":false,"attempt":1,"wall_ms":0,"load_duration":0,"prompt_eval_count":0,"prompt_eval_duration":0,"eval_count":5,"eval_duration":500000000,"thinking_chars":16,"thinking_detected":true,"outcome":"ok"}
{"event":"deep_research_note_dropped","run":null,"n":1,"reason":"quote_not_found","quote":"Totally invented sentence"}
{"event":"deep_research_model_call","step":"notes","think":false,"attempt":1,"wall_ms":0,"load_duration":0,"prompt_eval_count":0,"prompt_eval_duration":0,"eval_count":5,"eval_duration":500000000,"thinking_chars":16,"thinking_detected":true,"outcome":"ok"}
{"event":"deep_research_note_dropped","run":null,"n":2,"reason":"quote_not_found","quote":"Totally invented sentence"}
{"event":"deep_research_model_call","step":"write","think":true,"attempt":1,"wall_ms":0,"load_duration":0,"prompt_eval_count":0,"prompt_eval_duration":0,"eval_count":5,"eval_duration":500000000,"thinking_chars":16,"thinking_detected":false,"outcome":"ok"}
{"event":"deep_research_run_end","notes_kept":2,"notes_dropped":2,"pages_read":2,"status":"complete","elapsed_ms":1}
{"event":"deep_research_model_call","step":"brief","think":false,"attempt":1,"wall_ms":0,"load_duration":0,"prompt_eval_count":0,"prompt_eval_duration":0,"eval_count":5,"eval_duration":500000000,"thinking_chars":16,"thinking_detected":true,"outcome":"ok"}
{"event":"deep_research_model_call","step":"plan","think":true,"attempt":1,"wall_ms":0,"load_duration":0,"prompt_eval_count":0,"prompt_eval_duration":0,"eval_count":5,"eval_duration":500000000,"thinking_chars":16,"thinking_detected":false,"outcome":"ok"}
{"event":"deep_research_model_call","step":"queries","think":false,"attempt":1,"wall_ms":1,"load_duration":0,"prompt_eval_count":0,"prompt_eval_duration":0,"eval_count":5,"eval_duration":500000000,"thinking_chars":16,"thinking_detected":true,"outcome":"ok"}
{"event":"deep_research_model_call","step":"pages","think":false,"attempt":1,"wall_ms":0,"load_duration":0,"prompt_eval_count":0,"prompt_eval_duration":0,"eval_count":5,"eval_duration":500000000,"thinking_chars":16,"thinking_detected":true,"outcome":"ok"}
{"event":"deep_research_model_call","step":"notes","think":false,"attempt":1,"wall_ms":0,"load_duration":0,"prompt_eval_count":0,"prompt_eval_duration":0,"eval_count":5,"eval_duration":500000000,"thinking_chars":16,"thinking_detected":true,"outcome":"ok"}
{"event":"deep_research_model_call","step":"queries","think":false,"attempt":1,"wall_ms":0,"load_duration":0,"prompt_eval_count":0,"prompt_eval_duration":0,"eval_count":5,"eval_duration":500000000,"thinking_chars":16,"thinking_detected":true,"outcome":"ok"}
{"event":"deep_research_model_call","step":"pages","think":false,"attempt":1,"wall_ms":0,"load_duration":0,"prompt_eval_count":0,"prompt_eval_duration":0,"eval_count":5,"eval_duration":500000000,"thinking_chars":16,"thinking_detected":true,"outcome":"ok"}
{"event":"deep_research_model_call","step":"notes","think":false,"attempt":1,"wall_ms":0,"load_duration":0,"prompt_eval_count":0,"prompt_eval_duration":0,"eval_count":5,"eval_duration":500000000,"thinking_chars":16,"thinking_detected":true,"outcome":"ok"}
{"event":"deep_research_model_call","step":"notes","think":false,"attempt":1,"wall_ms":0,"load_duration":0,"prompt_eval_count":0,"prompt_eval_duration":0,"eval_count":5,"eval_duration":500000000,"thinking_chars":16,"thinking_detected":true,"outcome":"ok"}
{"event":"deep_research_model_call","step":"notes","think":false,"attempt":1,"wall_ms":0,"load_duration":0,"prompt_eval_count":0,"prompt_eval_duration":0,"eval_count":5,"eval_duration":500000000,"thinking_chars":17,"thinking_detected":true,"outcome":"ok"}
{"event":"deep_research_model_call","step":"write","think":true,"attempt":1,"wall_ms":0,"load_duration":0,"prompt_eval_count":0,"prompt_eval_duration":0,"eval_count":5,"eval_duration":500000000,"thinking_chars":17,"thinking_detected":false,"outcome":"ok"}
{"event":"deep_research_run_end","notes_kept":4,"notes_dropped":0,"pages_read":4,"status":"complete","elapsed_ms":1}
{"event":"deep_research_model_call","step":"brief","think":false,"attempt":1,"wall_ms":1,"load_duration":0,"prompt_eval_count":0,"prompt_eval_duration":0,"eval_count":5,"eval_duration":500000000,"thinking_chars":16,"thinking_detected":true,"outcome":"ok"}
{"event":"deep_research_model_call","step":"plan","think":true,"attempt":1,"wall_ms":0,"load_duration":0,"prompt_eval_count":0,"prompt_eval_duration":0,"eval_count":5,"eval_duration":500000000,"thinking_chars":16,"thinking_detected":false,"outcome":"ok"}
{"event":"deep_research_model_call","step":"queries","think":false,"attempt":1,"wall_ms":0,"load_duration":0,"prompt_eval_count":0,"prompt_eval_duration":0,"eval_count":5,"eval_duration":500000000,"thinking_chars":16,"thinking_detected":true,"outcome":"ok"}
{"event":"deep_research_model_call","step":"brief","think":false,"attempt":1,"wall_ms":0,"load_duration":0,"prompt_eval_count":0,"prompt_eval_duration":0,"eval_count":5,"eval_duration":500000000,"thinking_chars":16,"thinking_detected":true,"outcome":"ok"}
{"event":"deep_research_model_call","step":"plan","think":true,"attempt":1,"wall_ms":0,"load_duration":0,"prompt_eval_count":0,"prompt_eval_duration":0,"eval_count":5,"eval_duration":500000000,"thinking_chars":16,"thinking_detected":false,"outcome":"ok"}
{"event":"deep_research_model_call","step":"queries","think":false,"attempt":1,"wall_ms":0,"load_duration":0,"prompt_eval_count":0,"prompt_eval_duration":0,"eval_count":5,"eval_duration":500000000,"thinking_chars":16,"thinking_detected":true,"outcome":"ok"}
{"event":"deep_research_model_call","step":"pages","think":false,"attempt":1,"wall_ms":0,"load_duration":0,"prompt_eval_count":0,"prompt_eval_duration":0,"eval_count":5,"eval_duration":500000000,"thinking_chars":16,"thinking_detected":true,"outcome":"ok"}
{"event":"deep_research_model_call","step":"notes","think":false,"attempt":1,"wall_ms":0,"load_duration":0,"prompt_eval_count":0,"prompt_eval_duration":0,"eval_count":5,"eval_duration":500000000,"thinking_chars":16,"thinking_detected":true,"outcome":"ok"}
{"event":"deep_research_model_call","step":"queries","think":false,"attempt":1,"wall_ms":1,"load_duration":0,"prompt_eval_count":0,"prompt_eval_duration":0,"eval_count":5,"eval_duration":500000000,"thinking_chars":16,"thinking_detected":true,"outcome":"ok"}
{"event":"deep_research_model_call","step":"pages","think":false,"attempt":1,"wall_ms":0,"load_duration":0,"prompt_eval_count":0,"prompt_eval_duration":0,"eval_count":5,"eval_duration":500000000,"thinking_chars":16,"thinking_detected":true,"outcome":"ok"}
{"event":"deep_research_model_call","step":"notes","think":false,"attempt":1,"wall_ms":0,"load_duration":0,"prompt_eval_count":0,"prompt_eval_duration":0,"eval_count":5,"eval_duration":500000000,"thinking_chars":16,"thinking_detected":true,"outcome":"ok"}
{"event":"deep_research_model_call","step":"notes","think":false,"attempt":1,"wall_ms":0,"load_duration":0,"prompt_eval_count":0,"prompt_eval_duration":0,"eval_count":5,"eval_duration":500000000,"thinking_chars":16,"thinking_detected":true,"outcome":"ok"}
{"event":"deep_research_model_call","step":"write","think":true,"attempt":1,"wall_ms":0,"load_duration":0,"prompt_eval_count":0,"prompt_eval_duration":0,"eval_count":5,"eval_duration":500000000,"thinking_chars":17,"thinking_detected":false,"outcome":"ok"}
{"event":"deep_research_run_end","notes_kept":3,"notes_dropped":0,"pages_read":3,"status":"complete","elapsed_ms":1}
{"event":"deep_research_model_call","step":"brief","think":false,"attempt":1,"wall_ms":0,"load_duration":0,"prompt_eval_count":0,"prompt_eval_duration":0,"eval_count":5,"eval_duration":500000000,"thinking_chars":16,"thinking_detected":true,"outcome":"ok"}
{"event":"deep_research_model_call","step":"plan","think":true,"attempt":1,"wall_ms":0,"load_duration":0,"prompt_eval_count":0,"prompt_eval_duration":0,"eval_count":5,"eval_duration":500000000,"thinking_chars":16,"thinking_detected":false,"outcome":"ok"}
{"event":"deep_research_model_call","step":"queries","think":false,"attempt":1,"wall_ms":0,"load_duration":0,"prompt_eval_count":0,"prompt_eval_duration":0,"eval_count":5,"eval_duration":500000000,"thinking_chars":16,"thinking_detected":true,"outcome":"ok"}
{"event":"deep_research_model_call","step":"pages","think":false,"attempt":1,"wall_ms":0,"load_duration":0,"prompt_eval_count":0,"prompt_eval_duration":0,"eval_count":5,"eval_duration":500000000,"thinking_chars":16,"thinking_detected":true,"outcome":"ok"}
{"event":"deep_research_model_call","step":"notes","think":false,"attempt":1,"wall_ms":0,"load_duration":0,"prompt_eval_count":0,"prompt_eval_duration":0,"eval_count":5,"eval_duration":500000000,"thinking_chars":16,"thinking_detected":true,"outcome":"ok"}
{"event":"deep_research_model_call","step":"queries","think":false,"attempt":1,"wall_ms":0,"load_duration":0,"prompt_eval_count":0,"prompt_eval_duration":0,"eval_count":5,"eval_duration":500000000,"thinking_chars":16,"thinking_detected":true,"outcome":"ok"}
{"event":"deep_research_model_call","step":"pages","think":false,"attempt":1,"wall_ms":0,"load_duration":0,"prompt_eval_count":0,"prompt_eval_duration":0,"eval_count":5,"eval_duration":500000000,"thinking_chars":16,"thinking_detected":true,"outcome":"ok"}
{"event":"deep_research_model_call","step":"notes","think":false,"attempt":1,"wall_ms":0,"load_duration":0,"prompt_eval_count":0,"prompt_eval_duration":0,"eval_count":5,"eval_duration":500000000,"thinking_chars":16,"thinking_detected":true,"outcome":"ok"}
{"event":"deep_research_model_call","step":"write","think":true,"attempt":1,"wall_ms":0,"load_duration":0,"prompt_eval_count":0,"prompt_eval_duration":0,"eval_count":5,"eval_duration":500000000,"thinking_chars":16,"thinking_detected":false,"outcome":"ok"}
{"event":"deep_research_run_end","notes_kept":2,"notes_dropped":0,"pages_read":2,"status":"complete","elapsed_ms":1}
{"event":"deep_research_model_call","step":"brief","think":false,"attempt":1,"wall_ms":0,"load_duration":0,"prompt_eval_count":0,"prompt_eval_duration":0,"eval_count":5,"eval_duration":500000000,"thinking_chars":16,"thinking_detected":true,"outcome":"ok"}
{"event":"deep_research_model_call","step":"plan","think":true,"attempt":1,"wall_ms":0,"load_duration":0,"prompt_eval_count":0,"prompt_eval_duration":0,"eval_count":5,"eval_duration":500000000,"thinking_chars":16,"thinking_detected":false,"outcome":"ok"}
{"event":"deep_research_model_call","step":"queries","think":false,"attempt":1,"wall_ms":0,"load_duration":0,"prompt_eval_count":0,"prompt_eval_duration":0,"eval_count":5,"eval_duration":500000000,"thinking_chars":16,"thinking_detected":true,"outcome":"ok"}
{"event":"deep_research_model_call","step":"pages","think":false,"attempt":1,"wall_ms":0,"load_duration":0,"prompt_eval_count":0,"prompt_eval_duration":0,"eval_count":5,"eval_duration":500000000,"thinking_chars":16,"thinking_detected":true,"outcome":"ok"}
{"event":"deep_research_model_call","step":"notes","think":false,"attempt":1,"wall_ms":0,"load_duration":0,"prompt_eval_count":0,"prompt_eval_duration":0,"eval_count":5,"eval_duration":500000000,"thinking_chars":16,"thinking_detected":true,"outcome":"ok"}
{"event":"deep_research_model_call","step":"notes","think":false,"attempt":1,"wall_ms":0,"load_duration":0,"prompt_eval_count":0,"prompt_eval_duration":0,"eval_count":5,"eval_duration":500000000,"thinking_chars":16,"thinking_detected":true,"outcome":"ok"}
{"event":"deep_research_model_call","step":"write","think":true,"attempt":1,"wall_ms":0,"load_duration":0,"prompt_eval_count":0,"prompt_eval_duration":0,"eval_count":5,"eval_duration":500000000,"thinking_chars":16,"thinking_detected":false,"outcome":"ok"}
{"event":"deep_research_run_end","notes_kept":2,"notes_dropped":0,"pages_read":2,"status":"complete","elapsed_ms":1}
{"event":"deep_research_model_call","step":"brief","think":false,"attempt":1,"wall_ms":0,"load_duration":0,"prompt_eval_count":0,"prompt_eval_duration":0,"eval_count":5,"eval_duration":500000000,"thinking_chars":16,"thinking_detected":true,"outcome":"ok"}
{"event":"deep_research_model_call","step":"plan","think":true,"attempt":1,"wall_ms":0,"load_duration":0,"prompt_eval_count":0,"prompt_eval_duration":0,"eval_count":5,"eval_duration":500000000,"thinking_chars":16,"thinking_detected":false,"outcome":"ok"}
{"event":"deep_research_model_call","step":"queries","think":false,"attempt":1,"wall_ms":0,"load_duration":0,"prompt_eval_count":0,"prompt_eval_duration":0,"eval_count":5,"eval_duration":500000000,"thinking_chars":16,"thinking_detected":true,"outcome":"ok"}
{"event":"deep_research_model_call","step":"pages","think":false,"attempt":1,"wall_ms":0,"load_duration":0,"prompt_eval_count":0,"prompt_eval_duration":0,"eval_count":5,"eval_duration":500000000,"thinking_chars":16,"thinking_detected":true,"outcome":"ok"}
{"event":"deep_research_model_call","step":"notes","think":false,"attempt":1,"wall_ms":0,"load_duration":0,"prompt_eval_count":0,"prompt_eval_duration":0,"eval_count":5,"eval_duration":500000000,"thinking_chars":16,"thinking_detected":true,"outcome":"ok"}
{"event":"deep_research_model_call","step":"notes","think":false,"attempt":1,"wall_ms":0,"load_duration":0,"prompt_eval_count":0,"prompt_eval_duration":0,"eval_count":5,"eval_duration":500000000,"thinking_chars":16,"thinking_detected":true,"outcome":"ok"}
{"event":"deep_research_model_call","step":"write","think":true,"attempt":1,"wall_ms":0,"load_duration":0,"prompt_eval_count":0,"prompt_eval_duration":0,"eval_count":5,"eval_duration":500000000,"thinking_chars":16,"thinking_detected":false,"outcome":"ok"}
{"event":"deep_research_run_end","notes_kept":2,"notes_dropped":0,"pages_read":2,"status":"complete","elapsed_ms":0}
{"event":"deep_research_model_call","step":"brief","think":false,"attempt":1,"wall_ms":0,"load_duration":0,"prompt_eval_count":0,"prompt_eval_duration":0,"eval_count":5,"eval_duration":500000000,"thinking_chars":16,"thinking_detected":true,"outcome":"ok"}
{"event":"deep_research_model_call","step":"plan","think":true,"attempt":1,"wall_ms":0,"load_duration":0,"prompt_eval_count":0,"prompt_eval_duration":0,"eval_count":5,"eval_duration":500000000,"thinking_chars":16,"thinking_detected":false,"outcome":"ok"}
{"event":"deep_research_model_call","step":"queries","think":false,"attempt":1,"wall_ms":0,"load_duration":0,"prompt_eval_count":0,"prompt_eval_duration":0,"eval_count":5,"eval_duration":500000000,"thinking_chars":16,"thinking_detected":true,"outcome":"ok"}
{"event":"deep_research_model_call","step":"pages","think":false,"attempt":1,"wall_ms":0,"load_duration":0,"prompt_eval_count":0,"prompt_eval_duration":0,"eval_count":5,"eval_duration":500000000,"thinking_chars":16,"thinking_detected":true,"outcome":"ok"}
{"event":"deep_research_model_call","step":"notes","think":false,"attempt":1,"wall_ms":1,"load_duration":0,"prompt_eval_count":0,"prompt_eval_duration":0,"eval_count":5,"eval_duration":500000000,"thinking_chars":16,"thinking_detected":true,"outcome":"ok"}
{"event":"deep_research_model_call","step":"notes","think":false,"attempt":1,"wall_ms":0,"load_duration":0,"prompt_eval_count":0,"prompt_eval_duration":0,"eval_count":5,"eval_duration":500000000,"thinking_chars":16,"thinking_detected":true,"outcome":"ok"}
{"event":"deep_research_model_call","step":"write","think":true,"attempt":1,"wall_ms":0,"load_duration":0,"prompt_eval_count":0,"prompt_eval_duration":0,"eval_count":5,"eval_duration":500000000,"thinking_chars":16,"thinking_detected":false,"outcome":"ok"}
{"event":"deep_research_run_end","notes_kept":4,"notes_dropped":0,"pages_read":2,"status":"complete","elapsed_ms":1}
{"event":"deep_research_model_call","step":"brief","think":false,"attempt":1,"wall_ms":0,"load_duration":0,"prompt_eval_count":0,"prompt_eval_duration":0,"eval_count":5,"eval_duration":500000000,"thinking_chars":16,"thinking_detected":true,"outcome":"ok"}
{"event":"deep_research_model_call","step":"plan","think":true,"attempt":1,"wall_ms":0,"load_duration":0,"prompt_eval_count":0,"prompt_eval_duration":0,"eval_count":5,"eval_duration":500000000,"thinking_chars":16,"thinking_detected":false,"outcome":"ok"}
{"event":"deep_research_model_call","step":"queries","think":false,"attempt":1,"wall_ms":0,"load_duration":0,"prompt_eval_count":0,"prompt_eval_duration":0,"eval_count":5,"eval_duration":500000000,"thinking_chars":16,"thinking_detected":true,"outcome":"ok"}
{"event":"deep_research_model_call","step":"pages","think":false,"attempt":1,"wall_ms":0,"load_duration":0,"prompt_eval_count":0,"prompt_eval_duration":0,"eval_count":5,"eval_duration":500000000,"thinking_chars":16,"thinking_detected":true,"outcome":"ok"}
{"event":"deep_research_model_call","step":"notes","think":false,"attempt":1,"wall_ms":0,"load_duration":0,"prompt_eval_count":0,"prompt_eval_duration":0,"eval_count":5,"eval_duration":500000000,"thinking_chars":16,"thinking_detected":true,"outcome":"ok"}
{"event":"deep_research_model_call","step":"notes","think":false,"attempt":1,"wall_ms":0,"load_duration":0,"prompt_eval_count":0,"prompt_eval_duration":0,"eval_count":5,"eval_duration":500000000,"thinking_chars":16,"thinking_detected":true,"outcome":"ok"}
{"event":"deep_research_model_call","step":"write","think":true,"attempt":1,"wall_ms":0,"load_duration":0,"prompt_eval_count":0,"prompt_eval_duration":0,"eval_count":5,"eval_duration":500000000,"thinking_chars":16,"thinking_detected":false,"outcome":"ok"}
{"event":"deep_research_run_end","notes_kept":2,"notes_dropped":0,"pages_read":2,"status":"complete","elapsed_ms":0}
{"event":"deep_research_model_call","step":"brief","think":false,"attempt":1,"wall_ms":0,"load_duration":0,"prompt_eval_count":0,"prompt_eval_duration":0,"eval_count":5,"eval_duration":500000000,"thinking_chars":16,"thinking_detected":true,"outcome":"ok"}
{"event":"deep_research_model_call","step":"plan","think":true,"attempt":1,"wall_ms":0,"load_duration":0,"prompt_eval_count":0,"prompt_eval_duration":0,"eval_count":5,"eval_duration":500000000,"thinking_chars":16,"thinking_detected":false,"outcome":"ok"}
{"event":"deep_research_model_call","step":"queries","think":false,"attempt":1,"wall_ms":0,"load_duration":0,"prompt_eval_count":0,"prompt_eval_duration":0,"eval_count":5,"eval_duration":500000000,"thinking_chars":16,"thinking_detected":true,"outcome":"ok"}
{"event":"deep_research_model_call","step":"pages","think":false,"attempt":1,"wall_ms":0,"load_duration":0,"prompt_eval_count":0,"prompt_eval_duration":0,"eval_count":5,"eval_duration":500000000,"thinking_chars":16,"thinking_detected":true,"outcome":"ok"}
{"event":"deep_research_model_call","step":"notes","think":false,"attempt":1,"wall_ms":0,"load_duration":0,"prompt_eval_count":0,"prompt_eval_duration":0,"eval_count":5,"eval_duration":500000000,"thinking_chars":16,"thinking_detected":true,"outcome":"ok"}
{"event":"deep_research_model_call","step":"queries","think":false,"attempt":1,"wall_ms":0,"load_duration":0,"prompt_eval_count":0,"prompt_eval_duration":0,"eval_count":5,"eval_duration":500000000,"thinking_chars":16,"thinking_detected":true,"outcome":"ok"}
{"event":"deep_research_model_call","step":"pages","think":false,"attempt":1,"wall_ms":0,"load_duration":0,"prompt_eval_count":0,"prompt_eval_duration":0,"eval_count":5,"eval_duration":500000000,"thinking_chars":16,"thinking_detected":true,"outcome":"ok"}
{"event":"deep_research_model_call","step":"notes","think":false,"attempt":1,"wall_ms":0,"load_duration":0,"prompt_eval_count":0,"prompt_eval_duration":0,"eval_count":5,"eval_duration":500000000,"thinking_chars":16,"thinking_detected":true,"outcome":"ok"}
{"event":"deep_research_model_call","step":"notes","think":false,"attempt":1,"wall_ms":0,"load_duration":0,"prompt_eval_count":0,"prompt_eval_duration":0,"eval_count":5,"eval_duration":500000000,"thinking_chars":16,"thinking_detected":true,"outcome":"ok"}
{"event":"deep_research_model_call","step":"notes","think":false,"attempt":1,"wall_ms":0,"load_duration":0,"prompt_eval_count":0,"prompt_eval_duration":0,"eval_count":5,"eval_duration":500000000,"thinking_chars":17,"thinking_detected":true,"outcome":"ok"}
{"event":"deep_research_model_call","step":"write","think":true,"attempt":1,"wall_ms":0,"load_duration":0,"prompt_eval_count":0,"prompt_eval_duration":0,"eval_count":5,"eval_duration":500000000,"thinking_chars":17,"thinking_detected":false,"outcome":"ok"}
{"event":"deep_research_run_end","notes_kept":4,"notes_dropped":0,"pages_read":4,"status":"complete","elapsed_ms":0}
{"event":"deep_research_model_call","step":"brief","think":false,"attempt":1,"wall_ms":0,"load_duration":0,"prompt_eval_count":0,"prompt_eval_duration":0,"eval_count":5,"eval_duration":500000000,"thinking_chars":16,"thinking_detected":true,"outcome":"ok"}
{"event":"deep_research_model_call","step":"plan","think":true,"attempt":1,"wall_ms":0,"load_duration":0,"prompt_eval_count":0,"prompt_eval_duration":0,"eval_count":5,"eval_duration":500000000,"thinking_chars":16,"thinking_detected":false,"outcome":"ok"}
{"event":"deep_research_model_call","step":"queries","think":false,"attempt":1,"wall_ms":0,"load_duration":0,"prompt_eval_count":0,"prompt_eval_duration":0,"eval_count":5,"eval_duration":500000000,"thinking_chars":16,"thinking_detected":true,"outcome":"ok"}
{"event":"deep_research_model_call","step":"pages","think":false,"attempt":1,"wall_ms":0,"load_duration":0,"prompt_eval_count":0,"prompt_eval_duration":0,"eval_count":5,"eval_duration":500000000,"thinking_chars":16,"thinking_detected":true,"outcome":"ok"}
{"event":"deep_research_model_call","step":"notes","think":false,"attempt":1,"wall_ms":0,"load_duration":0,"prompt_eval_count":0,"prompt_eval_duration":0,"eval_count":5,"eval_duration":500000000,"thinking_chars":16,"thinking_detected":true,"outcome":"ok"}
{"event":"deep_research_model_call","step":"queries","think":false,"attempt":1,"wall_ms":0,"load_duration":0,"prompt_eval_count":0,"prompt_eval_duration":0,"eval_count":5,"eval_duration":500000000,"thinking_chars":16,"thinking_detected":true,"outcome":"ok"}
{"event":"deep_research_model_call","step":"write","think":true,"attempt":1,"wall_ms":1,"load_duration":0,"prompt_eval_count":0,"prompt_eval_duration":0,"eval_count":5,"eval_duration":500000000,"thinking_chars":16,"thinking_detected":false,"outcome":"ok"}
{"event":"deep_research_run_end","notes_kept":1,"notes_dropped":0,"pages_read":2,"status":"partial","elapsed_ms":704}
{"event":"deep_research_model_call","step":"brief","think":false,"attempt":1,"wall_ms":0,"load_duration":0,"prompt_eval_count":0,"prompt_eval_duration":0,"eval_count":5,"eval_duration":500000000,"thinking_chars":16,"thinking_detected":true,"outcome":"ok"}
{"event":"deep_research_model_call","step":"plan","think":true,"attempt":1,"wall_ms":0,"load_duration":0,"prompt_eval_count":0,"prompt_eval_duration":0,"eval_count":5,"eval_duration":500000000,"thinking_chars":16,"thinking_detected":false,"outcome":"ok"}
{"event":"deep_research_model_call","step":"queries","think":false,"attempt":1,"wall_ms":0,"load_duration":0,"prompt_eval_count":0,"prompt_eval_duration":0,"eval_count":5,"eval_duration":500000000,"thinking_chars":16,"thinking_detected":true,"outcome":"ok"}
{"event":"deep_research_model_call","step":"queries","think":false,"attempt":1,"wall_ms":1,"load_duration":0,"prompt_eval_count":0,"prompt_eval_duration":0,"eval_count":5,"eval_duration":500000000,"thinking_chars":16,"thinking_detected":true,"outcome":"ok"}
{"event":"deep_research_model_call","step":"gap","think":false,"attempt":1,"wall_ms":0,"load_duration":0,"prompt_eval_count":0,"prompt_eval_duration":0,"eval_count":5,"eval_duration":500000000,"thinking_chars":16,"thinking_detected":true,"outcome":"ok"}
{"event":"deep_research_model_call","step":"gap","think":false,"attempt":1,"wall_ms":0,"load_duration":0,"prompt_eval_count":0,"prompt_eval_duration":0,"eval_count":5,"eval_duration":500000000,"thinking_chars":16,"thinking_detected":true,"outcome":"ok"}
{"event":"deep_research_run_end","notes_kept":0,"notes_dropped":0,"pages_read":0,"status":"failed","elapsed_ms":1}
{"event":"deep_research_model_call","step":"brief","think":false,"attempt":1,"wall_ms":0,"load_duration":0,"prompt_eval_count":0,"prompt_eval_duration":0,"eval_count":5,"eval_duration":500000000,"thinking_chars":16,"thinking_detected":true,"outcome":"ok"}
{"event":"deep_research_model_call","step":"plan","think":true,"attempt":1,"wall_ms":0,"load_duration":0,"prompt_eval_count":0,"prompt_eval_duration":0,"eval_count":5,"eval_duration":500000000,"thinking_chars":16,"thinking_detected":false,"outcome":"ok"}
{"event":"deep_research_model_call","step":"queries","think":false,"attempt":1,"wall_ms":0,"load_duration":0,"prompt_eval_count":0,"prompt_eval_duration":0,"eval_count":5,"eval_duration":500000000,"thinking_chars":16,"thinking_detected":true,"outcome":"ok"}
{"event":"deep_research_model_call","step":"queries","think":false,"attempt":1,"wall_ms":0,"load_duration":0,"prompt_eval_count":0,"prompt_eval_duration":0,"eval_count":5,"eval_duration":500000000,"thinking_chars":16,"thinking_detected":true,"outcome":"ok"}
{"event":"deep_research_model_call","step":"gap","think":false,"attempt":1,"wall_ms":0,"load_duration":0,"prompt_eval_count":0,"prompt_eval_duration":0,"eval_count":5,"eval_duration":500000000,"thinking_chars":16,"thinking_detected":true,"outcome":"ok"}
{"event":"deep_research_model_call","step":"gap","think":false,"attempt":1,"wall_ms":0,"load_duration":0,"prompt_eval_count":0,"prompt_eval_duration":0,"eval_count":5,"eval_duration":500000000,"thinking_chars":16,"thinking_detected":true,"outcome":"ok"}
{"event":"deep_research_run_end","notes_kept":0,"notes_dropped":0,"pages_read":0,"status":"failed","elapsed_ms":0}
{"event":"deep_research_model_call","step":"brief","think":false,"attempt":1,"wall_ms":0,"load_duration":0,"prompt_eval_count":0,"prompt_eval_duration":0,"eval_count":5,"eval_duration":500000000,"thinking_chars":16,"thinking_detected":true,"outcome":"ok"}
{"event":"deep_research_model_call","step":"plan","think":true,"attempt":1,"wall_ms":0,"load_duration":0,"prompt_eval_count":0,"prompt_eval_duration":0,"eval_count":5,"eval_duration":500000000,"thinking_chars":16,"thinking_detected":false,"outcome":"ok"}
{"event":"deep_research_model_call","step":"queries","think":false,"attempt":1,"wall_ms":0,"load_duration":0,"prompt_eval_count":0,"prompt_eval_duration":0,"eval_count":5,"eval_duration":500000000,"thinking_chars":16,"thinking_detected":true,"outcome":"ok"}
{"event":"deep_research_run_end","notes_kept":0,"notes_dropped":0,"pages_read":0,"status":"failed","elapsed_ms":451}
{"event":"deep_research_model_call","step":"brief","think":false,"attempt":1,"wall_ms":0,"load_duration":0,"prompt_eval_count":0,"prompt_eval_duration":0,"eval_count":5,"eval_duration":500000000,"thinking_chars":16,"thinking_detected":true,"outcome":"ok"}
{"event":"deep_research_model_call","step":"plan","think":true,"attempt":1,"wall_ms":0,"load_duration":0,"prompt_eval_count":0,"prompt_eval_duration":0,"eval_count":5,"eval_duration":500000000,"thinking_chars":16,"thinking_detected":false,"outcome":"ok"}
{"event":"deep_research_model_call","step":"queries","think":false,"attempt":1,"wall_ms":1,"load_duration":0,"prompt_eval_count":0,"prompt_eval_duration":0,"eval_count":5,"eval_duration":500000000,"thinking_chars":16,"thinking_detected":true,"outcome":"ok"}
{"event":"deep_research_run_end","notes_kept":0,"notes_dropped":0,"pages_read":0,"status":"failed","elapsed_ms":453}
{"event":"deep_research_model_call","step":"brief","think":false,"attempt":1,"wall_ms":0,"load_duration":0,"prompt_eval_count":0,"prompt_eval_duration":0,"eval_count":5,"eval_duration":500000000,"thinking_chars":16,"thinking_detected":true,"outcome":"ok"}
{"event":"deep_research_model_call","step":"plan","think":true,"attempt":1,"wall_ms":0,"load_duration":0,"prompt_eval_count":0,"prompt_eval_duration":0,"eval_count":5,"eval_duration":500000000,"thinking_chars":16,"thinking_detected":false,"outcome":"ok"}
{"event":"deep_research_model_call","step":"queries","think":false,"attempt":1,"wall_ms":0,"load_duration":0,"prompt_eval_count":0,"prompt_eval_duration":0,"eval_count":5,"eval_duration":500000000,"thinking_chars":16,"thinking_detected":true,"outcome":"ok"}
{"event":"deep_research_model_call","step":"pages","think":false,"attempt":1,"wall_ms":0,"load_duration":0,"prompt_eval_count":0,"prompt_eval_duration":0,"eval_count":5,"eval_duration":500000000,"thinking_chars":16,"thinking_detected":true,"outcome":"ok"}
{"event":"deep_research_model_call","step":"notes","think":false,"attempt":1,"wall_ms":0,"load_duration":0,"prompt_eval_count":0,"prompt_eval_duration":0,"eval_count":5,"eval_duration":500000000,"thinking_chars":16,"thinking_detected":true,"outcome":"ok"}
{"event":"deep_research_model_call","step":"queries","think":false,"attempt":1,"wall_ms":0,"load_duration":0,"prompt_eval_count":0,"prompt_eval_duration":0,"eval_count":5,"eval_duration":500000000,"thinking_chars":16,"thinking_detected":true,"outcome":"ok"}
{"event":"deep_research_model_call","step":"pages","think":false,"attempt":1,"wall_ms":0,"load_duration":0,"prompt_eval_count":0,"prompt_eval_duration":0,"eval_count":5,"eval_duration":500000000,"thinking_chars":16,"thinking_detected":true,"outcome":"ok"}
{"event":"deep_research_model_call","step":"write","think":true,"attempt":1,"wall_ms":1,"load_duration":0,"prompt_eval_count":0,"prompt_eval_duration":0,"eval_count":5,"eval_duration":500000000,"thinking_chars":16,"thinking_detected":false,"outcome":"ok"}
{"event":"deep_research_run_end","notes_kept":1,"notes_dropped":0,"pages_read":1,"status":"partial","elapsed_ms":605}
{"event":"deep_research_model_call","step":"brief","think":false,"attempt":1,"wall_ms":1,"load_duration":0,"prompt_eval_count":0,"prompt_eval_duration":0,"eval_count":5,"eval_duration":500000000,"thinking_chars":16,"thinking_detected":true,"outcome":"ok"}
{"event":"deep_research_model_call","step":"plan","think":true,"attempt":1,"wall_ms":0,"load_duration":0,"prompt_eval_count":0,"prompt_eval_duration":0,"eval_count":5,"eval_duration":500000000,"thinking_chars":16,"thinking_detected":false,"outcome":"ok"}
{"event":"deep_research_model_call","step":"queries","think":false,"attempt":1,"wall_ms":606,"load_duration":null,"prompt_eval_count":null,"prompt_eval_duration":null,"eval_count":null,"eval_duration":null,"thinking_chars":0,"thinking_detected":false,"outcome":"aborted"}
{"event":"deep_research_model_call","step":"write","think":true,"attempt":1,"wall_ms":1,"load_duration":0,"prompt_eval_count":0,"prompt_eval_duration":0,"eval_count":5,"eval_duration":500000000,"thinking_chars":16,"thinking_detected":false,"outcome":"ok"}
{"event":"deep_research_run_end","notes_kept":0,"notes_dropped":0,"pages_read":0,"status":"partial","elapsed_ms":609}
{"event":"deep_research_model_call","step":"brief","think":false,"attempt":1,"wall_ms":0,"load_duration":0,"prompt_eval_count":0,"prompt_eval_duration":0,"eval_count":5,"eval_duration":500000000,"thinking_chars":16,"thinking_detected":true,"outcome":"ok"}
{"event":"deep_research_model_call","step":"plan","think":true,"attempt":1,"wall_ms":0,"load_duration":0,"prompt_eval_count":0,"prompt_eval_duration":0,"eval_count":5,"eval_duration":500000000,"thinking_chars":16,"thinking_detected":false,"outcome":"ok"}
{"event":"deep_research_model_call","step":"queries","think":false,"attempt":1,"wall_ms":0,"load_duration":0,"prompt_eval_count":0,"prompt_eval_duration":0,"eval_count":5,"eval_duration":500000000,"thinking_chars":16,"thinking_detected":true,"outcome":"ok"}
{"event":"deep_research_model_call","step":"pages","think":false,"attempt":1,"wall_ms":0,"load_duration":0,"prompt_eval_count":0,"prompt_eval_duration":0,"eval_count":5,"eval_duration":500000000,"thinking_chars":16,"thinking_detected":true,"outcome":"ok"}
{"event":"deep_research_model_call","step":"notes","think":false,"attempt":1,"wall_ms":0,"load_duration":0,"prompt_eval_count":0,"prompt_eval_duration":0,"eval_count":5,"eval_duration":500000000,"thinking_chars":16,"thinking_detected":true,"outcome":"ok"}
{"event":"deep_research_model_call","step":"queries","think":false,"attempt":1,"wall_ms":0,"load_duration":0,"prompt_eval_count":0,"prompt_eval_duration":0,"eval_count":5,"eval_duration":500000000,"thinking_chars":16,"thinking_detected":true,"outcome":"ok"}
{"event":"deep_research_model_call","step":"pages","think":false,"attempt":1,"wall_ms":1,"load_duration":0,"prompt_eval_count":0,"prompt_eval_duration":0,"eval_count":5,"eval_duration":500000000,"thinking_chars":16,"thinking_detected":true,"outcome":"ok"}
{"event":"deep_research_model_call","step":"notes","think":false,"attempt":1,"wall_ms":0,"load_duration":0,"prompt_eval_count":0,"prompt_eval_duration":0,"eval_count":5,"eval_duration":500000000,"thinking_chars":16,"thinking_detected":true,"outcome":"ok"}
{"event":"deep_research_model_call","step":"notes","think":false,"attempt":1,"wall_ms":0,"load_duration":0,"prompt_eval_count":0,"prompt_eval_duration":0,"eval_count":5,"eval_duration":500000000,"thinking_chars":16,"thinking_detected":true,"outcome":"ok"}
{"event":"deep_research_model_call","step":"notes","think":false,"attempt":1,"wall_ms":0,"load_duration":0,"prompt_eval_count":0,"prompt_eval_duration":0,"eval_count":5,"eval_duration":500000000,"thinking_chars":17,"thinking_detected":true,"outcome":"ok"}
{"event":"deep_research_model_call","step":"write","think":true,"attempt":1,"wall_ms":698,"load_duration":null,"prompt_eval_count":null,"prompt_eval_duration":null,"eval_count":null,"eval_duration":null,"thinking_chars":0,"thinking_detected":false,"outcome":"aborted"}
{"event":"deep_research_run_end","notes_kept":4,"notes_dropped":0,"pages_read":4,"status":"partial","elapsed_ms":703}
{"event":"deep_research_model_call","step":"brief","think":false,"attempt":1,"wall_ms":0,"load_duration":0,"prompt_eval_count":0,"prompt_eval_duration":0,"eval_count":5,"eval_duration":500000000,"thinking_chars":16,"thinking_detected":true,"outcome":"ok"}
{"event":"deep_research_model_call","step":"plan","think":true,"attempt":1,"wall_ms":0,"load_duration":0,"prompt_eval_count":0,"prompt_eval_duration":0,"eval_count":5,"eval_duration":500000000,"thinking_chars":16,"thinking_detected":false,"outcome":"ok"}
{"event":"deep_research_model_call","step":"queries","think":false,"attempt":1,"wall_ms":0,"load_duration":0,"prompt_eval_count":0,"prompt_eval_duration":0,"eval_count":5,"eval_duration":500000000,"thinking_chars":16,"thinking_detected":true,"outcome":"ok"}
{"event":"deep_research_model_call","step":"pages","think":false,"attempt":1,"wall_ms":0,"load_duration":0,"prompt_eval_count":0,"prompt_eval_duration":0,"eval_count":5,"eval_duration":500000000,"thinking_chars":16,"thinking_detected":true,"outcome":"ok"}
{"event":"deep_research_model_call","step":"queries","think":false,"attempt":1,"wall_ms":1,"load_duration":0,"prompt_eval_count":0,"prompt_eval_duration":0,"eval_count":5,"eval_duration":500000000,"thinking_chars":16,"thinking_detected":true,"outcome":"ok"}
{"event":"deep_research_model_call","step":"pages","think":false,"attempt":1,"wall_ms":0,"load_duration":0,"prompt_eval_count":0,"prompt_eval_duration":0,"eval_count":5,"eval_duration":500000000,"thinking_chars":16,"thinking_detected":true,"outcome":"ok"}
{"event":"deep_research_run_end","notes_kept":0,"notes_dropped":0,"pages_read":0,"status":"failed","elapsed_ms":2}
{"event":"deep_research_model_call","step":"brief","think":false,"attempt":1,"wall_ms":0,"load_duration":0,"prompt_eval_count":0,"prompt_eval_duration":0,"eval_count":5,"eval_duration":500000000,"thinking_chars":16,"thinking_detected":true,"outcome":"ok"}
{"event":"deep_research_model_call","step":"plan","think":true,"attempt":1,"wall_ms":0,"load_duration":0,"prompt_eval_count":0,"prompt_eval_duration":0,"eval_count":5,"eval_duration":500000000,"thinking_chars":16,"thinking_detected":false,"outcome":"ok"}
{"event":"deep_research_model_call","step":"queries","think":false,"attempt":1,"wall_ms":0,"load_duration":0,"prompt_eval_count":0,"prompt_eval_duration":0,"eval_count":5,"eval_duration":500000000,"thinking_chars":16,"thinking_detected":true,"outcome":"ok"}
{"event":"deep_research_model_call","step":"pages","think":false,"attempt":1,"wall_ms":0,"load_duration":0,"prompt_eval_count":0,"prompt_eval_duration":0,"eval_count":5,"eval_duration":500000000,"thinking_chars":16,"thinking_detected":true,"outcome":"ok"}
{"event":"deep_research_model_call","step":"notes","think":false,"attempt":1,"wall_ms":0,"load_duration":0,"prompt_eval_count":0,"prompt_eval_duration":0,"eval_count":5,"eval_duration":500000000,"thinking_chars":16,"thinking_detected":true,"outcome":"ok"}
{"event":"deep_research_model_call","step":"queries","think":false,"attempt":1,"wall_ms":0,"load_duration":0,"prompt_eval_count":0,"prompt_eval_duration":0,"eval_count":5,"eval_duration":500000000,"thinking_chars":16,"thinking_detected":true,"outcome":"ok"}
{"event":"deep_research_model_call","step":"pages","think":false,"attempt":1,"wall_ms":0,"load_duration":0,"prompt_eval_count":0,"prompt_eval_duration":0,"eval_count":5,"eval_duration":500000000,"thinking_chars":16,"thinking_detected":true,"outcome":"ok"}
{"event":"deep_research_model_call","step":"notes","think":false,"attempt":1,"wall_ms":0,"load_duration":0,"prompt_eval_count":0,"prompt_eval_duration":0,"eval_count":5,"eval_duration":500000000,"thinking_chars":16,"thinking_detected":true,"outcome":"ok"}
{"event":"deep_research_model_call","step":"notes","think":false,"attempt":1,"wall_ms":0,"load_duration":0,"prompt_eval_count":0,"prompt_eval_duration":0,"eval_count":5,"eval_duration":500000000,"thinking_chars":16,"thinking_detected":true,"outcome":"ok"}
{"event":"deep_research_model_call","step":"notes","think":false,"attempt":1,"wall_ms":0,"load_duration":0,"prompt_eval_count":0,"prompt_eval_duration":0,"eval_count":5,"eval_duration":500000000,"thinking_chars":17,"thinking_detected":true,"outcome":"ok"}
{"event":"deep_research_run_end","notes_kept":0,"notes_dropped":0,"pages_read":4,"status":"failed","elapsed_ms":2}
{"event":"deep_research_model_call","step":"brief","think":false,"attempt":1,"wall_ms":0,"load_duration":0,"prompt_eval_count":0,"prompt_eval_duration":0,"eval_count":5,"eval_duration":500000000,"thinking_chars":16,"thinking_detected":true,"outcome":"ok"}
{"event":"deep_research_model_call","step":"plan","think":true,"attempt":1,"wall_ms":0,"load_duration":0,"prompt_eval_count":0,"prompt_eval_duration":0,"eval_count":5,"eval_duration":500000000,"thinking_chars":16,"thinking_detected":false,"outcome":"ok"}
{"event":"deep_research_model_call","step":"queries","think":false,"attempt":1,"wall_ms":0,"load_duration":0,"prompt_eval_count":0,"prompt_eval_duration":0,"eval_count":5,"eval_duration":500000000,"thinking_chars":16,"thinking_detected":true,"outcome":"ok"}
{"event":"deep_research_model_call","step":"brief","think":false,"attempt":1,"wall_ms":0,"load_duration":0,"prompt_eval_count":0,"prompt_eval_duration":0,"eval_count":5,"eval_duration":500000000,"thinking_chars":16,"thinking_detected":true,"outcome":"ok"}
{"event":"deep_research_model_call","step":"plan","think":true,"attempt":1,"wall_ms":0,"load_duration":0,"prompt_eval_count":0,"prompt_eval_duration":0,"eval_count":5,"eval_duration":500000000,"thinking_chars":16,"thinking_detected":false,"outcome":"ok"}
{"event":"deep_research_model_call","step":"queries","think":false,"attempt":1,"wall_ms":0,"load_duration":0,"prompt_eval_count":0,"prompt_eval_duration":0,"eval_count":5,"eval_duration":500000000,"thinking_chars":16,"thinking_detected":true,"outcome":"ok"}
{"event":"deep_research_model_call","step":"pages","think":false,"attempt":1,"wall_ms":0,"load_duration":0,"prompt_eval_count":0,"prompt_eval_duration":0,"eval_count":5,"eval_duration":500000000,"thinking_chars":16,"thinking_detected":true,"outcome":"ok"}
{"event":"deep_research_model_call","step":"notes","think":false,"attempt":1,"wall_ms":0,"load_duration":0,"prompt_eval_count":0,"prompt_eval_duration":0,"eval_count":5,"eval_duration":500000000,"thinking_chars":16,"thinking_detected":true,"outcome":"ok"}
{"event":"deep_research_model_call","step":"queries","think":false,"attempt":1,"wall_ms":0,"load_duration":0,"prompt_eval_count":0,"prompt_eval_duration":0,"eval_count":5,"eval_duration":500000000,"thinking_chars":16,"thinking_detected":true,"outcome":"ok"}
{"event":"deep_research_model_call","step":"write","think":true,"attempt":1,"wall_ms":0,"load_duration":0,"prompt_eval_count":0,"prompt_eval_duration":0,"eval_count":5,"eval_duration":500000000,"thinking_chars":16,"thinking_detected":false,"outcome":"ok"}
{"event":"deep_research_run_end","notes_kept":1,"notes_dropped":0,"pages_read":2,"status":"partial","elapsed_ms":26}
{"event":"deep_research_model_call","step":"brief","think":false,"attempt":1,"wall_ms":0,"load_duration":0,"prompt_eval_count":0,"prompt_eval_duration":0,"eval_count":5,"eval_duration":500000000,"thinking_chars":16,"thinking_detected":true,"outcome":"ok"}
{"event":"deep_research_model_call","step":"plan","think":true,"attempt":1,"wall_ms":0,"load_duration":0,"prompt_eval_count":0,"prompt_eval_duration":0,"eval_count":5,"eval_duration":500000000,"thinking_chars":16,"thinking_detected":false,"outcome":"ok"}
{"event":"deep_research_model_call","step":"queries","think":false,"attempt":1,"wall_ms":0,"load_duration":0,"prompt_eval_count":0,"prompt_eval_duration":0,"eval_count":5,"eval_duration":500000000,"thinking_chars":16,"thinking_detected":true,"outcome":"ok"}
{"event":"deep_research_model_call","step":"pages","think":false,"attempt":1,"wall_ms":0,"load_duration":0,"prompt_eval_count":0,"prompt_eval_duration":0,"eval_count":5,"eval_duration":500000000,"thinking_chars":16,"thinking_detected":true,"outcome":"ok"}
{"event":"deep_research_model_call","step":"notes","think":false,"attempt":1,"wall_ms":1,"load_duration":0,"prompt_eval_count":0,"prompt_eval_duration":0,"eval_count":5,"eval_duration":500000000,"thinking_chars":16,"thinking_detected":true,"outcome":"ok"}
{"event":"deep_research_model_call","step":"queries","think":false,"attempt":1,"wall_ms":0,"load_duration":0,"prompt_eval_count":0,"prompt_eval_duration":0,"eval_count":5,"eval_duration":500000000,"thinking_chars":16,"thinking_detected":true,"outcome":"ok"}
{"event":"deep_research_model_call","step":"write","think":true,"attempt":1,"wall_ms":1,"load_duration":0,"prompt_eval_count":0,"prompt_eval_duration":0,"eval_count":5,"eval_duration":500000000,"thinking_chars":16,"thinking_detected":false,"outcome":"ok"}
{"event":"deep_research_run_end","notes_kept":1,"notes_dropped":0,"pages_read":2,"status":"partial","elapsed_ms":26}
{"event":"deep_research_model_call","step":"brief","think":false,"attempt":1,"wall_ms":0,"load_duration":0,"prompt_eval_count":0,"prompt_eval_duration":0,"eval_count":5,"eval_duration":500000000,"thinking_chars":16,"thinking_detected":true,"outcome":"ok"}
{"event":"deep_research_model_call","step":"plan","think":true,"attempt":1,"wall_ms":0,"load_duration":0,"prompt_eval_count":0,"prompt_eval_duration":0,"eval_count":5,"eval_duration":500000000,"thinking_chars":16,"thinking_detected":false,"outcome":"ok"}
{"event":"deep_research_model_call","step":"queries","think":false,"attempt":1,"wall_ms":1,"load_duration":0,"prompt_eval_count":0,"prompt_eval_duration":0,"eval_count":5,"eval_duration":500000000,"thinking_chars":16,"thinking_detected":true,"outcome":"ok"}
{"event":"deep_research_model_call","step":"pages","think":false,"attempt":1,"wall_ms":0,"load_duration":0,"prompt_eval_count":0,"prompt_eval_duration":0,"eval_count":5,"eval_duration":500000000,"thinking_chars":16,"thinking_detected":true,"outcome":"ok"}
{"event":"deep_research_model_call","step":"notes","think":false,"attempt":1,"wall_ms":1,"load_duration":0,"prompt_eval_count":0,"prompt_eval_duration":0,"eval_count":5,"eval_duration":500000000,"thinking_chars":16,"thinking_detected":true,"outcome":"ok"}
{"event":"deep_research_model_call","step":"queries","think":false,"attempt":1,"wall_ms":0,"load_duration":0,"prompt_eval_count":0,"prompt_eval_duration":0,"eval_count":5,"eval_duration":500000000,"thinking_chars":16,"thinking_detected":true,"outcome":"ok"}
{"event":"deep_research_model_call","step":"pages","think":false,"attempt":1,"wall_ms":0,"load_duration":0,"prompt_eval_count":0,"prompt_eval_duration":0,"eval_count":5,"eval_duration":500000000,"thinking_chars":16,"thinking_detected":true,"outcome":"ok"}
{"event":"deep_research_model_call","step":"notes","think":false,"attempt":1,"wall_ms":0,"load_duration":0,"prompt_eval_count":0,"prompt_eval_duration":0,"eval_count":5,"eval_duration":500000000,"thinking_chars":16,"thinking_detected":true,"outcome":"ok"}
{"event":"deep_research_model_call","step":"write","think":true,"attempt":1,"wall_ms":0,"load_duration":0,"prompt_eval_count":0,"prompt_eval_duration":0,"eval_count":5,"eval_duration":500000000,"thinking_chars":16,"thinking_detected":false,"outcome":"ok"}
{"event":"deep_research_run_end","notes_kept":2,"notes_dropped":0,"pages_read":3,"status":"partial","elapsed_ms":25}
{"event":"deep_research_model_call","step":"brief","think":false,"attempt":1,"wall_ms":0,"load_duration":0,"prompt_eval_count":0,"prompt_eval_duration":0,"eval_count":5,"eval_duration":500000000,"thinking_chars":16,"thinking_detected":true,"outcome":"ok"}
{"event":"deep_research_model_call","step":"plan","think":true,"attempt":1,"wall_ms":0,"load_duration":0,"prompt_eval_count":0,"prompt_eval_duration":0,"eval_count":5,"eval_duration":500000000,"thinking_chars":16,"thinking_detected":false,"outcome":"ok"}
{"event":"deep_research_model_call","step":"queries","think":false,"attempt":1,"wall_ms":0,"load_duration":0,"prompt_eval_count":0,"prompt_eval_duration":0,"eval_count":5,"eval_duration":500000000,"thinking_chars":16,"thinking_detected":true,"outcome":"ok"}
{"event":"deep_research_model_call","step":"pages","think":false,"attempt":1,"wall_ms":0,"load_duration":0,"prompt_eval_count":0,"prompt_eval_duration":0,"eval_count":5,"eval_duration":500000000,"thinking_chars":16,"thinking_detected":true,"outcome":"ok"}
{"event":"deep_research_model_call","step":"notes","think":false,"attempt":1,"wall_ms":1,"load_duration":0,"prompt_eval_count":0,"prompt_eval_duration":0,"eval_count":5,"eval_duration":500000000,"thinking_chars":16,"thinking_detected":true,"outcome":"ok"}
{"event":"deep_research_model_call","step":"queries","think":false,"attempt":1,"wall_ms":0,"load_duration":0,"prompt_eval_count":0,"prompt_eval_duration":0,"eval_count":5,"eval_duration":500000000,"thinking_chars":16,"thinking_detected":true,"outcome":"ok"}
{"event":"deep_research_model_call","step":"write","think":true,"attempt":1,"wall_ms":201,"load_duration":null,"prompt_eval_count":null,"prompt_eval_duration":null,"eval_count":null,"eval_duration":null,"thinking_chars":0,"thinking_detected":false,"outcome":"aborted"}
{"event":"deep_research_run_end","notes_kept":1,"notes_dropped":0,"pages_read":2,"status":"partial","elapsed_ms":226}
{"event":"deep_research_model_call","step":"brief","think":false,"attempt":1,"wall_ms":0,"load_duration":0,"prompt_eval_count":0,"prompt_eval_duration":0,"eval_count":5,"eval_duration":500000000,"thinking_chars":16,"thinking_detected":true,"outcome":"ok"}
{"event":"deep_research_model_call","step":"plan","think":true,"attempt":1,"wall_ms":0,"load_duration":0,"prompt_eval_count":0,"prompt_eval_duration":0,"eval_count":5,"eval_duration":500000000,"thinking_chars":16,"thinking_detected":false,"outcome":"ok"}
{"event":"deep_research_model_call","step":"queries","think":false,"attempt":1,"wall_ms":0,"load_duration":0,"prompt_eval_count":0,"prompt_eval_duration":0,"eval_count":5,"eval_duration":500000000,"thinking_chars":16,"thinking_detected":true,"outcome":"ok"}
{"event":"deep_research_model_call","step":"pages","think":false,"attempt":1,"wall_ms":0,"load_duration":0,"prompt_eval_count":0,"prompt_eval_duration":0,"eval_count":5,"eval_duration":500000000,"thinking_chars":16,"thinking_detected":true,"outcome":"ok"}
{"event":"deep_research_model_call","step":"notes","think":false,"attempt":1,"wall_ms":0,"load_duration":0,"prompt_eval_count":0,"prompt_eval_duration":0,"eval_count":5,"eval_duration":500000000,"thinking_chars":16,"thinking_detected":true,"outcome":"ok"}
{"event":"deep_research_model_call","step":"queries","think":false,"attempt":1,"wall_ms":0,"load_duration":0,"prompt_eval_count":0,"prompt_eval_duration":0,"eval_count":5,"eval_duration":500000000,"thinking_chars":16,"thinking_detected":true,"outcome":"ok"}
{"event":"deep_research_model_call","step":"pages","think":false,"attempt":1,"wall_ms":0,"load_duration":0,"prompt_eval_count":0,"prompt_eval_duration":0,"eval_count":5,"eval_duration":500000000,"thinking_chars":16,"thinking_detected":true,"outcome":"ok"}
{"event":"deep_research_model_call","step":"notes","think":false,"attempt":1,"wall_ms":0,"load_duration":0,"prompt_eval_count":0,"prompt_eval_duration":0,"eval_count":5,"eval_duration":500000000,"thinking_chars":16,"thinking_detected":true,"outcome":"ok"}
{"event":"deep_research_model_call","step":"notes","think":false,"attempt":1,"wall_ms":0,"load_duration":0,"prompt_eval_count":0,"prompt_eval_duration":0,"eval_count":5,"eval_duration":500000000,"thinking_chars":16,"thinking_detected":true,"outcome":"ok"}
{"event":"deep_research_model_call","step":"notes","think":false,"attempt":1,"wall_ms":0,"load_duration":0,"prompt_eval_count":0,"prompt_eval_duration":0,"eval_count":5,"eval_duration":500000000,"thinking_chars":17,"thinking_detected":true,"outcome":"ok"}
{"event":"deep_research_model_call","step":"write","think":true,"attempt":1,"wall_ms":202,"load_duration":null,"prompt_eval_count":null,"prompt_eval_duration":null,"eval_count":null,"eval_duration":null,"thinking_chars":0,"thinking_detected":false,"outcome":"aborted"}
{"event":"deep_research_run_end","notes_kept":4,"notes_dropped":0,"pages_read":4,"status":"partial","elapsed_ms":206}
{"event":"deep_research_model_call","step":"brief","think":false,"attempt":1,"wall_ms":0,"load_duration":0,"prompt_eval_count":0,"prompt_eval_duration":0,"eval_count":5,"eval_duration":500000000,"thinking_chars":16,"thinking_detected":true,"outcome":"ok"}
{"event":"deep_research_model_call","step":"plan","think":true,"attempt":1,"wall_ms":0,"load_duration":0,"prompt_eval_count":0,"prompt_eval_duration":0,"eval_count":5,"eval_duration":500000000,"thinking_chars":16,"thinking_detected":false,"outcome":"ok"}
{"event":"deep_research_model_call","step":"queries","think":false,"attempt":1,"wall_ms":0,"load_duration":0,"prompt_eval_count":0,"prompt_eval_duration":0,"eval_count":5,"eval_duration":500000000,"thinking_chars":16,"thinking_detected":true,"outcome":"ok"}
{"event":"deep_research_model_call","step":"pages","think":false,"attempt":1,"wall_ms":0,"load_duration":0,"prompt_eval_count":0,"prompt_eval_duration":0,"eval_count":5,"eval_duration":500000000,"thinking_chars":16,"thinking_detected":true,"outcome":"ok"}
{"event":"deep_research_model_call","step":"notes","think":false,"attempt":1,"wall_ms":0,"load_duration":0,"prompt_eval_count":0,"prompt_eval_duration":0,"eval_count":5,"eval_duration":500000000,"thinking_chars":16,"thinking_detected":true,"outcome":"ok"}
{"event":"deep_research_model_call","step":"queries","think":false,"attempt":1,"wall_ms":0,"load_duration":0,"prompt_eval_count":0,"prompt_eval_duration":0,"eval_count":5,"eval_duration":500000000,"thinking_chars":16,"thinking_detected":true,"outcome":"ok"}
{"event":"deep_research_model_call","step":"write","think":true,"attempt":1,"wall_ms":21,"load_duration":null,"prompt_eval_count":null,"prompt_eval_duration":null,"eval_count":null,"eval_duration":null,"thinking_chars":0,"thinking_detected":false,"outcome":"aborted"}
{"event":"deep_research_model_call","step":"brief","think":false,"attempt":1,"wall_ms":0,"load_duration":0,"prompt_eval_count":0,"prompt_eval_duration":0,"eval_count":5,"eval_duration":500000000,"thinking_chars":16,"thinking_detected":true,"outcome":"ok"}
{"event":"deep_research_model_call","step":"plan","think":true,"attempt":1,"wall_ms":1,"load_duration":0,"prompt_eval_count":0,"prompt_eval_duration":0,"eval_count":5,"eval_duration":500000000,"thinking_chars":16,"thinking_detected":false,"outcome":"ok"}
{"event":"deep_research_model_call","step":"queries","think":false,"attempt":1,"wall_ms":0,"load_duration":0,"prompt_eval_count":0,"prompt_eval_duration":0,"eval_count":5,"eval_duration":500000000,"thinking_chars":16,"thinking_detected":true,"outcome":"ok"}
{"event":"deep_research_run_end","notes_kept":0,"notes_dropped":0,"pages_read":0,"status":"partial","elapsed_ms":22}

 467 pass
 0 fail
 3604 expect() calls
Ran 467 tests across 32 files. [19.93s]
$ tsc --noEmit
